,Shannon,Simpson,Observed,Chao1,Status
3,2.6136441884252046,0.8757128437648776,51,60.0,Normal
9,0.38464920140802034,0.14976328995610055,12,13.0,Normal
15,2.633174382242375,0.8775320337311966,45,46.0,Normal
16,0.38525671758197466,0.14833428818419958,14,15.0,Normal
20,2.608492588149268,0.8757412602379882,47,51.5,Normal
27,2.6228404509526744,0.8775109210855412,48,52.0,Normal
37,2.6081116739219055,0.8753396868255332,47,47.666666666666664,Normal
45,2.5992280397788563,0.8747563483714171,46,46.166666666666664,Normal
53,2.6061628105757473,0.8743665514898292,49,53.0,Normal
56,2.575297439377077,0.8705311042163436,45,47.0,Normal
58,2.613974229984591,0.8764141423056085,47,49.25,Normal
61,2.600338127114808,0.8734708373198968,48,52.5,Normal
64,2.6201781732368,0.8757527205657012,46,50.5,Normal
65,2.599416590061088,0.8745979151878557,48,48.666666666666664,Normal
67,0.3866909854510615,0.14986704942292772,19,27.166666666666664,Normal
68,0.3866402666552121,0.1484688234324525,19,25.0,Normal
77,2.6034908684582576,0.8726556114899904,47,51.5,Normal
101,0.3705681739299373,0.14411386723336084,16,34.0,Normal
102,2.600577139166821,0.8728828151430609,46,47.0,Normal
103,2.6146709387537896,0.8766356059437012,47,47.25,Normal
104,2.6034715353746973,0.8735297665656826,47,51.5,Normal
105,0.37909237585906663,0.14635280176347643,14,22.0,Normal
106,0.402550049801208,0.15815160332718836,12,14.0,Normal
107,2.6151682607796447,0.8769845420419301,48,52.5,Normal
109,0.40066207684880206,0.1578473759972603,13,17.5,Normal
110,2.5944605205939415,0.8733704231959092,47,49.25,Normal
111,0.3839211830065229,0.14869012141489812,18,36.0,Normal
112,2.6007665373190245,0.8726992633450197,50,56.25,Normal
113,2.6114718389978555,0.8749976709401505,45,45.0,Normal
114,0.38157683763691436,0.14781360575945046,21,61.5,Normal
115,2.621857495342685,0.8760804116681066,48,60.5,Normal
116,2.6017216755377888,0.8737275864828515,49,53.0,Normal
117,2.603277853649245,0.8741837532582392,47,48.0,Normal
118,2.611103309871448,0.8760621344945048,51,52.125,Normal
119,2.6200954749311602,0.8766483253089314,50,52.666666666666664,Normal
120,2.588226106513242,0.8721982445446106,47,47.666666666666664,Normal
124,2.6088471818255443,0.8756023667430143,48,52.5,Normal
125,2.55904242249866,0.86774,39,42.125,Normal
126,2.588063308109802,0.8732340332599917,46,46.25,Normal
127,0.38144991719901883,0.14733448621244172,21,34.5,Normal
128,0.3827153549100062,0.1474807090102831,15,17.25,Normal
129,2.5931686679162755,0.8723342141415713,47,48.0,Normal
130,0.38280340375379934,0.1476191680202994,14,18.5,Normal
132,2.5902261863314635,0.8722400932059137,47,55.0,Normal
133,0.38376251704950237,0.1483518957517589,18,22.166666666666668,Normal
134,0.38276316379678565,0.14767984915296595,19,43.5,Normal
135,2.5966624523949644,0.8739849803860481,50,68.0,Normal
136,2.6052566154318817,0.8749518280255195,48,50.25,Normal
137,2.6134964942810632,0.8766803307860027,46,48.0,Normal
138,2.6087000409845107,0.8755738680974581,49,61.5,Normal
141,2.583215645407024,0.8708871214033308,46,48.0,Normal
142,2.61255079380583,0.8748382938554684,52,64.25,Normal
143,0.383923109115622,0.14810945371452855,21,34.5,Normal
144,2.6157380543037907,0.876307273054706,48,56.0,Normal
145,2.6030271688274493,0.876207967585942,47,47.666666666666664,Normal
146,2.602163024470206,0.8759193043592448,44,44.25,Normal
147,0.4030347530572187,0.157815496199457,15,23.0,Normal
149,2.611173904000732,0.8760128244148141,48,50.25,Normal
152,0.38545005740013244,0.14975944174328593,16,20.0,Normal
156,2.609670802363868,0.874458336291776,49,51.25,Normal
159,2.607634733399572,0.8748419928636656,47,51.5,Normal
161,2.611344236444142,0.87447860348733,49,55.25,Normal
162,0.37827619296125925,0.1482815322648966,13,13.166666666666666,Normal
163,2.6065528088005836,0.872739042803792,45,45.125,Normal
164,0.38331186596288147,0.14978900851500976,13,14.0,Normal
165,2.604076657325796,0.8749559392608203,45,45.25,Normal
166,2.6034781053201095,0.8734460366980972,50,56.25,Normal
172,0.4044115865377991,0.1635581943450678,10,10.0,Normal
173,0.3864394848602085,0.15039340976353888,11,11.0,Normal
174,0.38412976331712345,0.14846141997953277,16,34.0,Normal
175,2.6070650255918206,0.8750429598553778,46,48.0,Normal
176,2.6083934910535644,0.8746358546677593,44,44.5,Normal
178,0.3903308947635796,0.1517384287232797,17,26.0,Normal
179,0.3876146510756012,0.14984928223143057,14,26.5,Normal
183,0.40931997551323196,0.1624174843372378,10,10.0,Normal
185,0.39148631740463247,0.15327454312134947,15,27.5,Normal
186,2.604876938905923,0.8749204231722781,45,45.0,Normal
187,0.40103041592833577,0.1559612669301923,17,26.0,Normal
188,2.6116539438000155,0.8747891727935024,51,69.0,Normal
190,2.5879648091878145,0.8730324803810099,48,56.0,Normal
193,2.590518057931387,0.8728641175983122,44,46.0,Normal
195,0.3812139423045619,0.1462279619442356,16,16.5,Normal
197,2.588527323538518,0.8725232759037562,50,59.0,Normal
201,0.39220643195849647,0.1534514639279022,14,14.666666666666666,Normal
202,2.6004104806740527,0.8745209607483473,49,55.25,Normal
203,0.3811667381231335,0.14799853896399218,14,22.0,Normal
206,0.39133190820995983,0.15140747259159437,14,16.25,Normal
207,2.6027403884858153,0.8735847300849012,46,48.0,Normal
208,0.393665950038249,0.15384538964145933,13,17.5,Normal
209,2.61099392208982,0.8760961483627575,48,56.0,Normal
211,0.37692724654942805,0.14607872588413506,15,23.0,Normal
212,2.5939697578872494,0.8733404122387587,48,60.5,Normal
215,0.39002268320860406,0.15283806377268594,15,16.5,Normal
220,0.3789333703295191,0.14622590424752135,17,21.166666666666668,Normal
226,2.5907814724701996,0.8728192225699205,49,61.5,Normal
227,2.6201631095279767,0.8766306822597427,46,47.0,Normal
228,2.610359991093086,0.8742820015273595,48,50.25,Normal
229,2.607484041182942,0.8765242025943829,46,48.0,Normal
231,0.397719834569324,0.1551545677043774,11,11.0,Normal
236,0.3897124781759198,0.1522340576554212,14,18.5,Normal
240,0.3839370641247861,0.15069516110356074,13,17.5,Normal
244,2.603210067550847,0.8751305770359445,49,55.25,Normal
247,2.6124233447592706,0.8771338453698496,44,46.0,Normal
248,2.5934573919780317,0.8727930370914136,48,54.25,Normal
249,2.6141049233755362,0.8765603031630509,47,51.5,Normal
252,2.6000602968688162,0.8751109987936735,44,46.0,Normal
253,2.596079129619654,0.8739936236266546,50,68.0,Normal
254,2.603981000560838,0.87431176953981,48,49.5,Normal
255,2.5951395386200717,0.8736711328919837,49,50.5,Normal
256,2.606399402816514,0.8737946312580864,49,51.666666666666664,Normal
257,2.5927635977035597,0.8739212545760289,47,51.5,Normal
259,2.585009147005095,0.8719533568482472,45,46.125,Normal
262,2.5934821648035253,0.873731906497995,48,50.0,Normal
263,2.604043651384367,0.8746918852167996,49,53.0,Normal
264,2.600572167743403,0.8743193381466369,47,51.5,Normal
265,2.608338323852882,0.8742054800303165,48,52.0,Normal
266,2.6097798992759658,0.8751085520463817,46,48.25,Normal
267,2.5799346896314077,0.8735452759097659,42,44.5,Normal
270,2.616793789839493,0.8766035704056228,43,43.5,Normal
271,2.5986355662271774,0.8739574972416135,47,48.5,Normal
272,0.392565917983425,0.15492571304555292,15,21.25,Normal
273,2.593011984646959,0.8725155084924998,47,51.5,Normal
280,0.38886844414166793,0.14997513137702911,18,30.25,Normal
282,2.624655861903888,0.8766439730960462,47,47.666666666666664,Normal
283,0.38650140757851004,0.14999539702266573,15,17.25,Normal
284,0.3830540393257284,0.1493402890758183,15,16.5,Normal
285,2.6259807307303293,0.8772946261102852,46,47.0,Normal
286,2.614349811741687,0.8756844005369707,46,48.0,Normal
287,0.3919509204717765,0.1533417974682536,18,50.0,Normal
289,2.607851458132732,0.8756602780655635,49,55.25,Normal
290,0.38093002554376165,0.14714381085647632,13,17.5,Normal
291,2.6122864736549762,0.8773042800684194,44,44.0,Normal
294,0.3930786101908657,0.1529949857030185,18,42.5,Normal
297,2.6142102550505553,0.8742525245206564,47,49.25,Normal
298,2.6120278748003356,0.8753815707652076,47,47.666666666666664,Normal
300,0.394940874317646,0.15454862177379391,15,16.5,Normal
301,2.605419051453679,0.8749936142504372,49,61.5,Normal
303,0.37970270389518296,0.14767311600478084,13,15.0,Normal
305,2.5971672683360896,0.8725397512314913,48,60.5,Normal
306,0.37908990908281626,0.14604615491429218,14,16.25,Normal
309,2.6068594978791153,0.8754846642358718,46,46.25,Normal
311,2.607173266559145,0.8746836911503031,46,48.25,Normal
312,2.6042816240784554,0.8741952031749616,46,47.0,Normal
313,2.605660203500409,0.8741595034023608,47,49.25,Normal
314,2.6095175267750106,0.8751519806698196,47,48.0,Normal
316,0.39798412857246496,0.15465079534582948,15,16.0,Normal
318,0.3906191731724563,0.15016752735790462,16,28.5,Normal
319,2.6114605377462943,0.8750947661173879,51,57.0,Normal
320,0.39305946473452474,0.15251872235421382,12,14.0,Normal
321,2.6085342677118524,0.8750119520049296,50,59.0,Normal
323,2.611484583394665,0.8760423306042319,51,60.0,Normal
324,2.594809789494105,0.8740147203709052,50,56.25,Normal
325,2.60200114329802,0.8750486479192794,48,52.0,Normal
326,0.37987572231811784,0.14739689074813422,14,18.5,Normal
327,2.583885587781669,0.8737056255279035,44,46.0,Normal
329,0.3782148125998873,0.14807812569885948,15,27.5,Normal
330,2.599991400374164,0.8754634899001924,46,48.0,Normal
331,2.6102790141595147,0.8748936209702355,51,57.0,Normal
332,2.609626064828724,0.8752082228763011,49,51.666666666666664,Normal
333,0.37929783005640605,0.14910927411886454,15,17.25,Normal
334,0.38893228086454534,0.15056212725373486,15,16.5,Normal
335,2.607852731155777,0.8761851451341104,48,56.0,Normal
336,2.615154991665985,0.875765704275786,46,46.25,Normal
337,0.3789318122023225,0.14675110722020157,14,16.25,Normal
339,2.6190075864538622,0.8770303577587816,47,55.0,Normal
340,0.371621611179922,0.14396933663237932,15,15.125,Normal
341,2.607320523856709,0.8741358197316746,50,52.666666666666664,Normal
342,2.6219899058214033,0.8760457209042947,47,51.5,Normal
343,2.6052198328156178,0.8756069950676252,47,55.0,Normal
344,0.3933222639184013,0.15368572775613187,15,27.5,Normal
345,2.6064792177632445,0.8737786845568116,47,49.25,Normal
346,2.608751055651489,0.8753965549897639,51,60.0,Normal
347,2.6042881100645423,0.8742958264260399,49,53.0,Normal
348,2.5897906900542518,0.8734417545290571,49,55.25,Normal
350,2.596049839494876,0.8731478257991648,45,45.5,Normal
351,0.3967952571547238,0.15524236594055685,16,34.0,Normal
352,2.593880639874969,0.8730766496643922,46,46.125,Normal
353,2.6023917867088597,0.8749193458755807,47,49.25,Normal
354,2.6131382678888793,0.8749330727961697,49,53.0,Normal
355,2.5908965746633505,0.8727207264716431,46,48.0,Normal
356,2.6006968524726464,0.8738743731844765,46,48.0,Normal
357,2.620346636886685,0.8763810348865748,47,47.25,Normal
359,2.6029794003186857,0.8755182914721684,50,62.5,Normal
360,2.6192632074910387,0.8762792403475755,46,47.0,Normal
361,2.5967695195297424,0.8741108249200529,46,46.166666666666664,Normal
362,2.6066567700744327,0.8749562628608147,48,56.0,Normal
363,2.6098991577821344,0.8760961582292377,46,46.166666666666664,Normal
365,2.6222156270882055,0.8768085404820238,45,45.5,Normal
369,2.639202883560236,0.8803397041206175,46,50.5,Normal
370,2.605478235523744,0.8743524527932722,51,63.25,Normal
371,2.6114638965610535,0.8757991333652352,46,48.0,Normal
372,2.611288846848557,0.8758003250155606,45,47.0,Normal
373,2.6004736125518533,0.874758768708436,47,49.25,Normal
375,2.613341067262101,0.8761618537690284,49,61.5,Normal
376,2.6011831844101603,0.8756201813115065,47,51.0,Normal
377,2.6151059540593162,0.8762737616210119,48,49.5,Normal
379,2.599518120136536,0.8737823057411419,48,49.5,Normal
380,2.617013451216595,0.8758141993317445,46,46.166666666666664,Normal
381,2.62172042062695,0.8756609061556775,49,55.25,Normal
382,2.5914619245533403,0.8729354992083549,46,47.0,Normal
383,2.602083476458866,0.8747356080515817,45,45.5,Normal
384,0.36322742041034406,0.1391435396168108,15,16.5,Normal
385,2.605260009592906,0.8729791308973174,46,46.5,Normal
387,2.6080296307761306,0.8749075029949416,48,49.5,Normal
389,2.6106382670163546,0.8759536424362208,47,47.25,Normal
390,2.605384796408502,0.8735283471582439,48,50.25,Normal
391,2.625122180483124,0.8775006910965257,50,51.125,Normal
392,2.6026846047890095,0.8742755349799824,49,55.25,Normal
393,2.596707382609542,0.872704217372156,47,49.25,Normal
394,2.6123982434751882,0.8763622652608893,45,47.0,Normal
395,2.576051790235631,0.8671075578404925,43,43.75,Normal
396,2.5959039086243307,0.8804788180847276,38,44.25,Normal
398,0.391952808213874,0.15295202087066684,13,15.0,Normal
400,2.601003721689274,0.8743134888472732,44,44.5,Normal
401,2.595451681169343,0.8725597857532478,45,49.5,Normal
403,2.6075142801038735,0.8758633328201749,49,58.0,Normal
404,2.6107482534625555,0.8749314689120611,48,50.25,Normal
411,2.6010212115611613,0.8748219372300883,48,50.25,Normal
412,0.40108172636670225,0.15701573928025436,19,31.25,Normal
414,2.588330662292738,0.8730197674561733,48,50.25,Normal
418,2.5937416864726384,0.8723352396283749,47,48.0,Normal
419,2.6153984104430195,0.8762924016044951,50,52.666666666666664,Normal
421,2.5997153561104014,0.8746609251246558,47,47.666666666666664,Normal
422,2.5963682533063133,0.8731557635323527,46,50.5,Normal
432,2.6007907653344646,0.8752578943075944,46,46.25,Normal
434,2.61487354222889,0.8774820516595097,47,55.0,Normal
437,2.608880273637406,0.8751381780765727,46,46.666666666666664,Normal
456,2.601746321198836,0.8740861383440378,48,50.25,Normal
457,2.6108732530954453,0.8755726000646219,46,46.5,Normal
458,2.620364464652714,0.876611386623451,48,56.0,Normal
462,2.60569006064836,0.8740242125812792,48,52.0,Normal
463,2.6286680632380537,0.877520168029291,53,73.25,Normal
470,0.3795050341032041,0.14815727717300808,9,9.5,Normal
471,0.38827010897558467,0.14874497181866064,18,27.0,Normal
472,0.3825502091587461,0.1480301033489856,19,59.5,Normal
473,2.5984293319774214,0.8751145859476895,46,50.5,Normal
474,0.40052928332262966,0.15507407489623848,15,23.0,Normal
475,2.5952399693851467,0.8736562839630042,46,50.5,Normal
476,2.58672001970739,0.8726042397724054,48,52.0,Normal
478,2.59663435824321,0.8735484425622128,48,52.0,Normal
479,2.6075731517659766,0.8752962181221798,45,47.0,Normal
480,2.5727862503586865,0.8714553184557112,45,46.0,Normal
481,2.598832563693608,0.8741735370579288,47,51.5,Normal
482,2.61542277386247,0.8766033817447726,46,46.125,Normal
483,2.60874969828027,0.8754018780215718,53,59.0,Normal
484,2.584080671583683,0.8707315698387286,46,47.0,Normal
485,2.612950420987223,0.8732999762622526,47,49.25,Normal
486,2.6082709554193526,0.8754056133630235,46,46.25,Normal
488,2.6213814624637606,0.8767305277845097,46,48.25,Normal
489,2.601340069798782,0.8727816100131629,49,53.0,Normal
490,2.6047859223249685,0.8750785388946818,45,45.25,Normal
491,2.614959337043825,0.8757078694871097,46,50.5,Normal
492,2.586732079013293,0.8723576413976182,47,55.0,Normal
493,2.613818523313376,0.876566473008733,49,55.25,Normal
494,2.6040953521893573,0.874320742649968,48,52.5,Normal
495,2.609295266166038,0.874573566818995,49,53.0,Normal
507,2.6108775346944144,0.8772490704896289,46,48.0,Normal
508,2.613461798187304,0.8761880198280607,44,44.0,Normal
509,0.3917408826545424,0.15248926483102387,19,23.166666666666668,Normal
510,2.6080270279063074,0.8743025449824899,52,84.0,Normal
511,2.6029764000140907,0.874470881618128,49,55.25,Normal
512,2.605899641552186,0.8750260159281823,49,53.5,Normal
513,2.606743048227105,0.8756348469826162,45,47.0,Normal
514,2.585610989631942,0.8721882948122197,48,50.25,Normal
515,2.604675642696778,0.8745254313267318,50,51.5,Normal
516,2.5994502606196717,0.8727953241705496,50,68.0,Normal
517,2.6238887573112093,0.8775280757363837,46,48.25,Normal
518,0.3870176972670565,0.14972774763498153,19,28.0,Normal
519,2.6151536638700645,0.875016587343556,50,56.25,Normal
520,2.5983659543732887,0.8732895515408163,49,57.0,Normal
521,2.6016299486026897,0.8735057202977448,51,57.25,Normal
522,2.6010778848710534,0.8740126035196779,45,47.25,Normal
523,2.606376794491502,0.8751876502821117,48,52.5,Normal
524,2.591914913267798,0.8731686617086751,49,61.5,Normal
525,0.38423284591636037,0.14966868071624229,20,23.6,Normal
526,2.5951430153329555,0.873120137526723,48,50.25,Normal
527,2.6116798421507186,0.8753839299360885,49,51.666666666666664,Normal
528,2.601645512571828,0.8741531744634572,49,55.25,Normal
529,2.6087239741651715,0.8755452224321469,46,47.0,Normal
530,2.605174216580335,0.8746903076868765,46,47.0,Normal
531,0.39299122091510397,0.15217097285715797,19,27.166666666666664,Normal
532,2.60268477725074,0.8752355808680172,47,55.0,Normal
533,2.585156421885373,0.8742316585429554,43,43.0,Normal
534,2.5987706876964425,0.8743875303353381,46,46.0,Normal
535,2.6035743440866925,0.8746779054512849,48,50.25,Normal
536,2.6150511445846725,0.8764211752757014,50,52.0,Normal
537,2.6064406373491895,0.874610976885577,48,52.5,Normal
538,2.591692149346744,0.8728173634480516,46,46.25,Normal
539,2.5949520578954064,0.8739816588771361,48,48.666666666666664,Normal
540,2.604511830627775,0.8759293647821865,46,48.0,Normal
541,2.58952441567166,0.8733730048238908,48,56.0,Normal
542,0.389709325861502,0.15027450274099552,17,23.25,Normal
543,2.584809653639793,0.8723606212644299,43,43.25,Normal
544,2.6140240356800364,0.8760122922176433,50,56.25,Normal
545,2.581719753817661,0.871102,40,41.785714285714285,Normal
546,2.6033229213968565,0.8743257439185386,48,49.0,Normal
547,2.6152747639530474,0.8754101870354233,47,47.25,Normal
548,2.5937973245106503,0.8717627942410509,49,61.5,Normal
549,2.606372268524664,0.8739084077076177,50,56.25,Normal
550,0.3796908161754814,0.14680654665337844,16,28.5,Normal
551,0.3898134045016066,0.15113461940295114,16,20.0,Normal
557,2.620321259510045,0.8778031459915225,47,49.0,Normal
558,2.609697420133835,0.8771298469306901,47,55.0,Normal
561,0.39836102646129834,0.1545356863354207,16,22.25,Normal
562,2.6119282411044877,0.8755238259823266,48,56.0,Normal
563,0.38456602588806543,0.1472870598994055,15,16.5,Normal
564,2.602808227795441,0.8744674234750551,49,53.0,Normal
565,2.6129970212002593,0.8753866357579216,48,56.0,Normal
566,2.610507303105007,0.8757543953779715,46,47.0,Normal
567,0.39542733811150693,0.15264036047775575,19,59.5,Normal
568,2.5874382812316417,0.8719381745409802,48,54.25,Normal
569,2.5926944325190764,0.8746094284376985,46,47.0,Normal
570,2.6052065037829384,0.8740918793814296,46,48.0,Normal
572,2.615511146321605,0.8743402525315926,46,48.0,Normal
573,2.6170289621029825,0.876974172400005,47,48.0,Normal
574,2.597415879597669,0.8751904610755501,48,56.0,Normal
575,2.5934042086125175,0.8734979300387896,44,44.5,Normal
576,2.604196443761743,0.8754962894866224,47,51.5,Normal
577,2.6125055301086557,0.8760594062718763,44,44.5,Normal
578,0.3771897726608866,0.14643621800562445,14,18.5,Normal
580,0.3860280686427314,0.1512612422541617,13,14.0,Normal
581,0.39199438214561966,0.1517683566177136,16,18.666666666666668,Normal
582,0.39982688582964143,0.15533499264204842,17,41.5,Normal
583,0.391070932616479,0.14912764327728922,15,27.5,Normal
584,2.610210403113973,0.8757945838188224,49,61.5,Normal
585,2.583521511064057,0.8723696083239498,45,45.5,Normal
586,2.6042787952991096,0.8755467140809936,47,51.5,Normal
587,2.596731575079321,0.8732246003240979,50,56.25,Normal
588,0.38092824137099723,0.14650357819069793,16,16.5,Normal
589,2.6021581033996197,0.8731220350781982,45,45.25,Normal
590,2.62382785828074,0.8780775590574941,46,48.0,Normal
591,2.591634112042028,0.8731822986929823,49,67.0,Normal
592,0.3801571298216674,0.145321508241114,15,21.25,Normal
593,0.3950020296491201,0.1538669535383681,15,15.5,Normal
594,0.388665201190476,0.1525071829803719,11,11.5,Normal
595,2.598587965554698,0.874144663851628,46,47.0,Normal
596,2.59046503029528,0.8738091992271773,47,51.5,Normal
598,2.6279165370493054,0.8771185034937325,46,48.25,Normal
599,2.5997376641652252,0.8739204599355411,45,45.25,Normal
600,2.6178610327144156,0.8762982022975884,45,45.0,Normal
601,2.607078507510972,0.8743162235371467,45,47.0,Normal
602,2.6072638553592804,0.875510857983734,45,49.5,Normal
603,0.3926018285814651,0.15387455044827214,14,16.25,Normal
604,0.3975596688494178,0.15376975726772757,16,28.5,Normal
605,0.38819432539543575,0.15089545226503187,16,34.0,Normal
606,0.38843182664827336,0.1508864315615508,18,27.0,Normal
608,2.5836788054193853,0.8721239430562797,48,66.0,Normal
609,2.5831947617803963,0.8717137824225333,48,52.0,Normal
610,2.5919281795935065,0.8738533635489232,46,48.0,Normal
611,0.4007294042070992,0.15630965089978677,11,11.5,Normal
612,2.6030570683812018,0.8735083454121589,49,55.25,Normal
613,0.394875476414902,0.15577807596698268,13,15.0,Normal
614,2.6040271378822855,0.875080234672446,47,51.5,Normal
615,0.3791101062339186,0.14830812388268377,13,13.166666666666666,Normal
616,2.610437252491473,0.8762034541816761,47,59.5,Normal
617,2.6010117559345733,0.8739989841151682,46,47.0,Normal
618,2.6066986330082997,0.8762060811545396,45,49.5,Normal
620,2.616098903001046,0.875642506086476,49,51.25,Normal
621,2.6125657772987942,0.8759596371643756,49,67.0,Normal
622,2.624609922219062,0.8774629122989425,45,47.0,Normal
623,0.3914769191452965,0.1501823805102851,12,14.0,Normal
624,0.3659692231375651,0.1428692311804397,12,14.0,Normal
625,0.3928560466940741,0.1512079773011551,17,19.666666666666668,Normal
626,2.6012959101830737,0.8743844059799545,46,47.0,Normal
627,2.6064432591231776,0.8746967194564046,47,48.0,Normal
628,2.60876083856531,0.8756011540970097,46,50.5,Normal
629,2.5945848644834832,0.8726092842804803,44,44.666666666666664,Normal
630,2.6118196581873434,0.8753573434458599,46,46.25,Normal
631,2.600335708750275,0.8738590458705867,50,62.5,Normal
633,2.623980639894201,0.8787885063405558,44,44.25,Normal
634,2.6139493926834256,0.8750502644522209,45,45.666666666666664,Normal
635,2.5804305970788404,0.8707207995188512,43,43.5,Normal
636,0.3779400772030402,0.1463742874861227,12,12.166666666666666,Normal
637,0.40110796588630704,0.16047246622155098,12,14.0,Normal
638,2.590663685167285,0.8729725466629283,48,60.5,Normal
639,2.60426242227012,0.8765560915212164,46,48.0,Normal
640,2.5969058634174975,0.8722127758683125,50,56.25,Normal
641,2.6146024717623413,0.8756885340253496,46,48.25,Normal
642,2.5894772834591624,0.8737021016979838,47,51.0,Normal
onc642,2.62234556040814,0.8759333538506849,46,48.25,Normal
643,2.5934812312315083,0.8729619724680914,48,50.25,Normal
644,0.38775927174658326,0.15198672402687552,11,11.5,Normal
645,2.586608516927878,0.8725988419042936,53,59.0,Normal
646,2.59622251563252,0.8739658374568212,46,47.0,Normal
647,0.42305059569958836,0.16574731277175192,13,17.5,Normal
648,2.597469699483709,0.8746294421509351,49,57.0,Normal
649,2.6089142587176806,0.8769306112921814,46,46.666666666666664,Normal
650,2.631401740705579,0.8774406164411247,47,55.0,Normal
651,2.5987738035595216,0.8738693654331787,49,53.0,Normal
652,0.39772593377793747,0.1546733753994256,18,24.25,Normal
653,0.3715554859749143,0.14508245114376872,12,14.0,Normal
654,2.5990813595711257,0.8743542799497315,52,76.5,Normal
655,2.617013750159329,0.8762601860892217,50,59.0,Normal
656,2.603735378494105,0.8746064621519213,51,55.166666666666664,Normal
657,2.5951388530183093,0.87293824626394,49,57.0,Normal
658,2.617538553699313,0.8768955835235742,49,53.0,Normal
659,2.610333013569843,0.8754534192029668,46,46.166666666666664,Normal
660,2.624193114987353,0.877590000653654,45,47.0,Normal
661,2.6086420168462965,0.8762686347109165,48,60.5,Normal
664,0.38697919319671625,0.1514621877453245,12,14.0,Normal
665,2.5926968034466293,0.8734773338571542,46,50.5,Normal
666,2.6168044276143707,0.8771033303109799,46,48.25,Normal
3T-1,2.5176943768992195,0.8758313061606022,41,41.25,Tumor
4T-1,2.5037394342573105,0.8746475133645519,43,45.0,Tumor
5T-1,2.5275115062181417,0.8778221737426147,42,43.0,Tumor
6T-1,2.5095498343103313,0.8742667611967783,44,46.666666666666664,Tumor
7T-1,2.532103704588404,0.8766501493164401,43,45.25,Tumor
8T-1,2.524645151544688,0.8767786437965616,44,44.25,Tumor
10T-1,2.5098385290774954,0.8752796848241622,45,49.5,Tumor
11T-1,2.5033853429418453,0.8735936699928502,47,51.0,Tumor
27T-1,2.5021851418192433,0.8750686913580247,43,43.666666666666664,Tumor
28T-1,2.5044363556736617,0.8753684256496918,43,43.25,Tumor
29T-1,2.5442646687743427,0.8787822161586466,42,43.0,Tumor
33T-1,2.518540637937686,0.8759599203858034,42,42.5,Tumor
36T-1,2.5056406365466675,0.8743758809512383,44,45.0,Tumor
37T-1,2.514149651845896,0.8753771459846204,44,44.5,Tumor
67T-1,2.497336614202224,0.874194411754981,45,53.0,Tumor
68T-1,2.51278569236405,0.8744867084630541,43,43.5,Tumor
71T-1,2.518732127812523,0.8755392205403232,44,46.0,Tumor
76T-1,2.510000455915655,0.8754784490198608,43,43.25,Tumor
77T-1,2.505781636272108,0.8740515970488392,45,46.0,Tumor
78T-1,2.5087164198995326,0.875085591229324,43,43.0,Tumor
80T-1,2.518474559785988,0.8739372733449942,41,43.0,Tumor
81T-1,2.496656283724413,0.8724486911674322,45,45.125,Tumor
82T-1,2.515099566335599,0.8746526506491971,44,45.0,Tumor
83T as,2.520188902964537,0.8764533814375431,47,55.0,Tumor
83T ma,2.501238889525644,0.8742861459353588,44,44.25,Tumor
84T-1,2.5048091483386927,0.8746928815182491,44,44.0,Tumor
85T-1,2.503339929618135,0.8725355875068805,43,45.25,Tumor
88T-1,2.5039727755928367,0.8748019401409768,41,41.125,Tumor
89T-1,2.5168451261772615,0.8758998472424627,43,43.25,Tumor
90T-1,2.532818933863648,0.8785384669644084,43,47.5,Tumor
91T-1,2.5184075545401567,0.8756147813439197,44,46.0,Tumor
92T-1,2.5016997834341677,0.8730048976595931,43,47.5,Tumor
93T-1,2.497631208741464,0.8732583963400107,42,42.5,Tumor
94T-1,2.5194988797466142,0.8768160302729882,44,45.0,Tumor
95T-1,2.5123058783175667,0.874728522764033,44,46.25,Tumor
96T-1,2.505786833001792,0.8747952245724746,47,65.0,Tumor
98T-1,2.5060793085543147,0.8745984689880564,41,41.666666666666664,Tumor
99T-1,2.504335818403133,0.873704093882451,44,52.0,Tumor
100T-1,2.5395083694347367,0.8774215136307155,44,48.5,Tumor
101T-1,2.518116755035262,0.8771063070967664,43,47.0,Tumor
102T-1,2.5176753411586312,0.8756945584471352,42,42.5,Tumor
104T-1,2.528190074012521,0.8765879952348568,44,44.125,Tumor
106T-1,2.516364537280796,0.8772641127949744,41,45.0,Tumor
107T-1,2.5160913135001395,0.8756026592312383,44,48.5,Tumor
108T-1,2.5117121727671763,0.8759096255683265,43,43.0,Tumor
109T-1,2.5219379426318236,0.876983578775619,42,42.0,Tumor
111T-1,2.5157285931342965,0.875123215201469,44,44.25,Tumor
112T-1,2.501078268736416,0.872983160156935,45,45.125,Tumor
113T-1,2.498549703777568,0.8744395025011048,45,47.25,Tumor
114T-1,2.5084985803356727,0.8740417195523137,43,43.5,Tumor
115T-1,2.5022704668465736,0.8749006329150919,44,52.0,Tumor
116T-1,2.508793661905202,0.8749136722301487,43,43.0,Tumor
117T-1,2.5008372919006483,0.8741303362281997,45,49.0,Tumor
118T-1,2.5048434101894146,0.8726448823280992,39,39.125,Tumor
119T-1,2.5024307303424598,0.8741485967083573,44,45.0,Tumor
120T-1,2.5106732109246437,0.8754222371609344,43,43.0,Tumor
121T-1,2.5081701709175324,0.873717217979498,43,43.666666666666664,Tumor
122T-1,2.505096651727554,0.8744617539889892,44,46.0,Tumor
123T-1,2.523772317466709,0.8765780381290518,43,44.0,Tumor
124T-1,2.51004432373662,0.8752228333948744,43,43.25,Tumor
125T-1,2.507958505102167,0.8745723646900554,42,42.25,Tumor
126T-1,2.505363270821957,0.8738377605954764,43,45.0,Tumor
127T-1,2.5268166520501896,0.8769304990533058,44,44.166666666666664,Tumor
128T-1,2.5107673282687313,0.8751072620934754,43,43.0,Tumor
129T-1,2.5126638531353933,0.8758871277651399,44,46.0,Tumor
130T-1,2.501682107764874,0.8745662613781274,43,51.0,Tumor
131T-1,2.5082330971887647,0.8746635849092386,44,44.25,Tumor
132T-1,2.5222949314479792,0.8755068657324976,46,48.0,Tumor
133T-1,2.505381237118588,0.8738350798554657,45,53.0,Tumor
134T-1,2.5052258179005182,0.875252967255767,44,45.5,Tumor
135T-1,2.484166929861428,0.87184,34,44.666666666666664,Tumor
136T-1,2.5217936542067494,0.8753985741787611,45,47.25,Tumor
137T-1,2.5177423022581364,0.8770560392990968,42,44.25,Tumor
138T-1,2.509797871554047,0.875568461631268,43,43.4,Tumor
139T-1,2.4615713466322733,0.8731408386763764,37,43.125,Tumor
140T-1,2.520183035595153,0.8753826881777804,44,44.25,Tumor
141T-1,2.5254110727121684,0.8753750344329463,42,42.25,Tumor
142T-1,2.5173559754686057,0.8752572532863301,43,44.125,Tumor
144T-1,2.50193561446099,0.8727560557297571,41,41.5,Tumor
145T-1,2.5043703056783393,0.8757597654253775,41,41.4,Tumor
146T-1,2.494939556544375,0.873524963363788,42,42.5,Tumor
147T-1,2.509365247984614,0.8751925562004925,43,43.5,Tumor
148T-1,2.4780934629726414,0.8700044904628854,41,41.125,Tumor
149T-1,2.5075449370064584,0.8759594632841502,42,54.5,Tumor
150T-1,2.522569631127775,0.8763426509516431,44,44.5,Tumor
151T-1,2.5102032083770776,0.874545427022668,41,41.0,Tumor
152T-1,2.5159880886492236,0.8751316476001375,44,44.25,Tumor
153T-1,2.517509765710384,0.8752783300626125,44,48.0,Tumor
154T-1,2.497764711372406,0.8735096636219747,43,49.25,Tumor
155T-1,2.535253127749654,0.8774652526985569,43,45.0,Tumor
156T-1,2.526597048024206,0.8755820200096931,44,48.5,Tumor
157T-1,2.5148045841977105,0.8758675612362569,42,43.5,Tumor
158T-1,2.5094402840475896,0.874986266885319,44,46.25,Tumor
159T-1,2.5183422417712733,0.8764972008429752,42,42.0,Tumor
160T-1,2.510784413518864,0.875647413937047,44,45.5,Tumor
161T-1,2.534281057086868,0.8770299041964846,45,47.25,Tumor
162T-1,2.5313915403024616,0.8780060683667295,40,42.0,Tumor
163T-1,2.511925908816566,0.8754679374329711,42,42.0,Tumor
164T-1,2.511247033612392,0.8758149608468471,41,41.25,Tumor
165T-1,2.515694962891187,0.875046892733622,42,42.666666666666664,Tumor
166T-1,2.5080036845770444,0.8742381801439877,45,47.666666666666664,Tumor
168T-1,2.5193860108637356,0.875792511406795,44,45.0,Tumor
168TWG-1,2.4829753025789794,0.8726939032507361,36,36.642857142857146,Tumor
174T-1,2.5518278096565012,0.8798134874970144,44,48.5,Tumor
187T-1,2.5148827415334316,0.8754359148197081,47,47.666666666666664,Tumor
196T-1,2.53948335198301,0.878110596557409,45,45.4,Tumor
197T-1,2.4952318094412242,0.87444814408198,45,49.0,Tumor
206T-1,2.512297701336111,0.875419876646462,41,41.0,Tumor
208T-1,2.5257847065915566,0.8769529870884405,43,43.5,Tumor
210T-1,2.521111394177596,0.87683496789097,44,44.666666666666664,Tumor
213T-1,2.50494076174455,0.874480233928791,40,42.0,Tumor
214T-1,2.529762535810778,0.8762457897985096,46,48.666666666666664,Tumor
217T-1,2.5069208562726457,0.8749424355485359,43,43.25,Tumor
225T-1,2.5388429931063174,0.8787629346447564,43,43.25,Tumor
228T-1,2.5236458743317134,0.8754317783463211,44,48.0,Tumor
232T-1,2.52787942912994,0.8766973810106341,41,41.0,Tumor
233T-1,2.494348595167821,0.8728174164590125,43,43.25,Tumor
234T-1,2.513615851539974,0.8753928073507921,46,47.125,Tumor
238T-1,2.5069504334664643,0.8753031999077526,41,41.666666666666664,Tumor
239T-1,2.5156342618185192,0.8768001475565088,42,42.5,Tumor
240T-1,2.514729554073992,0.876269860156706,45,49.0,Tumor
242T-1,2.515365661170469,0.8763562472858204,45,46.0,Tumor
244T-1,2.497470523490996,0.8744979570026211,44,46.25,Tumor
245T-1,2.5212679742701827,0.8757601829437576,42,42.25,Tumor
249T-1,2.5154567610849496,0.8760307249220255,44,45.0,Tumor
252T-1,2.5258773406171127,0.8772287322255626,42,42.0,Tumor
253T-1,2.494910976095067,0.8740067181907032,41,41.5,Tumor
262T-1,2.5059295588143478,0.8748965280205667,46,50.0,Tumor
265T-1,2.5087596726904597,0.875724701517198,44,46.25,Tumor
270T-1,2.509914287488494,0.8753819725178131,41,41.0,Tumor
272T-1,2.5133949197076824,0.8748887834162287,44,45.0,Tumor
275T-1,2.510030221055596,0.8748964189020036,45,46.5,Tumor
280T-1,2.5075178241109586,0.8746067670004041,46,50.0,Tumor
282T-1,2.5167982791336616,0.878816714553635,41,45.0,Tumor
284T-1,2.521941042768627,0.8763877934779037,43,43.25,Tumor
285T-1,2.521070111228157,0.87550591213889,43,43.0,Tumor
291T-1,2.483777238267942,0.8720607356283141,41,42.333333333333336,Tumor
292T-1,2.4810593737054516,0.8708114810201912,40,40.166666666666664,Tumor
293T-1,2.5191801711469757,0.8760974449655013,44,44.25,Tumor
295T-1,2.505330840482172,0.8742437113748738,44,44.166666666666664,Tumor
297T-1,2.5256890039857263,0.8769765060294388,46,58.5,Tumor
300T-1,2.535209669010006,0.8778670918423277,44,48.166666666666664,Tumor
304T-1,2.527620894007345,0.8771917314072024,46,48.25,Tumor
305T-1,2.504902745903813,0.8744812737380088,43,43.25,Tumor
306T-1,2.5107312766340044,0.8756105700350556,43,43.5,Tumor
309T-1,2.5362563326861642,0.8764267546467891,40,42.25,Tumor
315T-1,2.5176059094841583,0.8748906815133463,45,53.0,Tumor
318T-1,2.526166177540527,0.8772836268673971,44,44.166666666666664,Tumor
319T-1,2.5113019811537156,0.8752290240167531,44,45.0,Tumor
320T-1,2.5058792012795186,0.8746502561965258,42,42.666666666666664,Tumor
323T-1,2.5228256290386932,0.8762373353360725,41,41.0,Tumor
326T-1,2.546552818996224,0.880112401363064,44,48.0,Tumor
330T-1,2.5079923252874963,0.8735091047743964,45,51.25,Tumor
336T-1,2.508017330630553,0.8749680606593866,44,44.166666666666664,Tumor
337T-1,2.5192262287488165,0.8738490054320365,41,41.5,Tumor
339T-1,2.5197227621714298,0.8765104626431969,42,42.0,Tumor
341T-1,2.4984108954433895,0.8738429939028893,43,43.125,Tumor
342T-1,2.488403357956666,0.8723899604649319,44,52.0,Tumor
343T-1,2.514530150709629,0.8744410265116055,43,44.0,Tumor
344T-1,2.530292231191951,0.8769723165003249,41,41.333333333333336,Tumor
345T-1,2.5136046222249,0.8755922776378156,43,43.25,Tumor
346T-1,2.5377084189792045,0.879341264451733,45,47.25,Tumor
347T-1,2.51840616823787,0.8755250467988784,45,46.5,Tumor
349T-1,2.5201428783043647,0.8767261059137467,44,44.666666666666664,Tumor
350T-1,2.514530251458496,0.8752687257354359,42,42.0,Tumor
351T-1,2.531943627705833,0.8787641142239719,43,43.666666666666664,Tumor
353T-1,2.533466942926502,0.8777030773427683,45,49.0,Tumor
354T-1,2.506369477970877,0.8759660301358931,40,40.125,Tumor
355T-1,2.5095786770495985,0.8758945021145713,43,44.5,Tumor
356T-1,2.4934828386030743,0.8732292392484486,41,43.0,Tumor
357T-1,2.5088523702046115,0.8751767493323949,43,43.25,Tumor
358T-1,2.5109413857838785,0.875563480480356,42,42.4,Tumor
359T-1,2.5206215718203735,0.8769348092215146,45,57.5,Tumor
360T-1,2.4942415394425144,0.8739477771644468,44,45.0,Tumor
361T-1,2.5135688620930816,0.8765924618305078,43,45.0,Tumor
362T-1,2.5155245643594295,0.8756817872302726,43,44.0,Tumor
363T-1,2.500841433371365,0.8759457025445065,44,45.0,Tumor
364T-1,2.523287370818769,0.876634196895342,43,43.25,Tumor
365T-1,2.5069035984518657,0.874829339878158,40,40.4,Tumor
366T-1,2.527039016161784,0.877470339806172,46,50.0,Tumor
367T-1,2.525630524275875,0.876716577456201,43,43.25,Tumor
368T-1,2.519706924724648,0.8764114323651147,45,57.5,Tumor
369T-1,2.5066314827530642,0.8734582988040716,43,45.0,Tumor
376T-1,2.518540649878053,0.8769152153121869,42,42.25,Tumor
377T-1,2.541191962030426,0.8778477419354839,43,44.0,Tumor
391T-1,2.5058690237332617,0.8744185616496007,44,48.5,Tumor
392T-1,2.5223905069208814,0.8768451013868642,44,46.25,Tumor
396T-1,2.510282422836121,0.874472643241972,43,43.125,Tumor
400T-1,2.502093697234015,0.875007952828611,45,45.666666666666664,Tumor
402T-1,2.5165239495200167,0.876063191223591,44,48.5,Tumor
404T-1,2.5054805398158067,0.8747658688917519,43,45.25,Tumor
405T-1,2.5253504191754756,0.8766828081071328,42,42.0,Tumor
407T-1,2.5243861065903737,0.8769146612645001,48,72.5,Tumor
409T-1,2.497125118097429,0.8735121407527988,38,39.0,Tumor
410T-1,2.4976190978349084,0.8730840070999892,43,47.5,Tumor
411T-1,2.504909865972794,0.8751960160710445,41,41.25,Tumor
413T-1,2.4947396220041353,0.8733104308767882,45,54.0,Tumor
416T-1,2.5040696071967252,0.8744832911906231,42,46.0,Tumor
417T-1,2.497464983195337,0.8743556088077762,43,43.1,Tumor
418T-1,2.515036526509315,0.8761320332285846,44,44.166666666666664,Tumor
422T-1,2.520148958956653,0.8769206045565807,43,44.125,Tumor
425T-1,2.5124001636575723,0.8769128962757772,41,47.125,Tumor
426T-1,2.513592053055292,0.8749232983174929,44,45.5,Tumor
427T-1,2.517050550140831,0.8756731464941531,42,42.125,Tumor
430T-1,2.532043911467482,0.8762692325667538,45,47.25,Tumor
431T-1,2.5286508263362393,0.8781824178913532,44,45.0,Tumor
434T-1,2.5101748911606188,0.8740057152794728,40,40.666666666666664,Tumor
435T-1,2.5360002066466754,0.878538471521404,46,54.0,Tumor
437T-1,2.5094539522697628,0.8748221664308545,44,46.25,Tumor
439T-1,2.521816053655431,0.8756163941008293,43,43.25,Tumor
440T-1,2.5379135797240377,0.8787407310565185,44,46.25,Tumor
441T-1,2.5014866681898438,0.8745119762923249,42,46.5,Tumor
442T-1,2.5262297129068836,0.877419373536991,45,45.5,Tumor
443T-1,2.501762439775385,0.8742076250164506,45,49.166666666666664,Tumor
449T-1,2.507118816057469,0.8755065815291627,43,43.125,Tumor
451T-1,2.530095053727863,0.8789185892750802,42,43.5,Tumor
458T-1,2.501389751359188,0.8740020785962375,43,51.0,Tumor
6T-2,2.492311290878196,0.8724043050631187,43,43.0,Tumor
7T-2,2.5275842651969906,0.8768562111744075,40,41.5,Tumor
9T-2,2.5446144904943266,0.8782000877403545,44,45.0,Tumor
10T-2,2.4978636456430845,0.8732483581313066,46,47.0,Tumor
11T-2,2.5140729393898202,0.8752105178815861,44,44.5,Tumor
15T3-2,2.516465760860153,0.875950421078195,44,44.166666666666664,Tumor
16.2T-2,2.5115552228394726,0.8755562868265436,43,43.0,Tumor
17T-2,2.503756753622863,0.8744800971722799,42,42.25,Tumor
19T-2,2.528002333577798,0.877790369341156,43,43.333333333333336,Tumor
22T-2,2.5135069030935857,0.8743670636994829,44,53.0,Tumor
23T-2,2.494429853363557,0.8742901201892728,43,47.0,Tumor
24T-2,2.5293929488139506,0.8761375585939085,43,43.166666666666664,Tumor
25T-2,2.4991972628204895,0.8722664582220481,42,44.0,Tumor
27T-2,2.509954955533199,0.8750623590334015,43,44.0,Tumor
29T-2,2.5275090155978357,0.8774689526596573,42,42.0,Tumor
33T-2,2.4925684074900905,0.8718662025873232,46,50.0,Tumor
35T-2,2.5064764905505665,0.8743936281807275,41,41.25,Tumor
37T-2,2.5097225626800617,0.8751902704377397,45,49.5,Tumor
38T-2,2.523543945146733,0.8764609657810258,44,47.125,Tumor
40T-2,2.5214058799543038,0.875704167085477,44,46.25,Tumor
41T-2,2.495331575561783,0.8733938432171504,42,42.125,Tumor
42T2-2,2.5057118372802214,0.8743400489208066,43,47.5,Tumor
45T-2,2.544965946363593,0.8787818942336223,40,40.0,Tumor
46T-2,2.516946429087547,0.8756584840339169,42,42.25,Tumor
54T2-2,2.5063707696979245,0.8760840401775262,42,42.0,Tumor
59T-2,2.511405692725644,0.8742365299052869,45,49.0,Tumor
60T-2,2.521672069798982,0.876552056248384,43,45.0,Tumor
61T-2,2.513967379662486,0.8756003464396417,42,42.666666666666664,Tumor
62T-2,2.4943246751329977,0.8742708600080498,45,57.25,Tumor
63T-2,2.5236355871474663,0.8779574102020531,44,45.0,Tumor
64T-2,2.502469856827805,0.8753438181468288,44,45.125,Tumor
69T-2,2.536180430243068,0.8782082729576205,44,45.0,Tumor
70T-2,2.542877703982916,0.8787695449113662,43,44.0,Tumor
74T-2,2.5111469525808245,0.8748001797361147,43,44.0,Tumor
75T-2,2.5164977600619545,0.8768948074446874,43,43.25,Tumor
78T1-2,2.513018666736345,0.8749031720403458,44,46.0,Tumor
78T2-2,2.5034106429909406,0.8737987285679347,40,40.25,Tumor
81T-2,2.5146888583338507,0.8764794929297094,38,39.0,Tumor
91T-2,2.5039196723502823,0.8737082603573737,42,43.0,Tumor
93T-2,2.510800351611127,0.8752442425062592,41,43.0,Tumor
98T-2,2.5262777831888603,0.8768816809174624,41,41.5,Tumor
99T-2,2.4956790118092873,0.8736154010693964,43,43.666666666666664,Tumor
100T-2,2.5033287005588853,0.8734914395592683,41,41.25,Tumor
101T-2,2.5077064933499296,0.8751824910954586,44,46.666666666666664,Tumor
103T-2,2.4940094879047923,0.8737838575933687,41,41.166666666666664,Tumor
105T-2,2.5045519250140718,0.8749610697559341,43,44.0,Tumor
107T-2,2.512190005123204,0.8755436097405173,42,42.666666666666664,Tumor
111T-2,2.514569444043925,0.877880660191037,41,41.25,Tumor
114T-2,2.541261789933501,0.8794825797041385,41,42.125,Tumor
119T-2,2.504107716750316,0.872904802205974,43,44.5,Tumor
123T-2,2.5090530864315306,0.8751514567314044,42,44.0,Tumor
125T-2,2.5024033824355234,0.8746481847863508,43,47.5,Tumor
126T1-2,2.5141670318579523,0.8747154168901724,43,43.0,Tumor
127T-2,2.525201600443058,0.8761735618119463,46,48.25,Tumor
129T-2,2.517240762560049,0.8774826961509786,42,42.666666666666664,Tumor
131T-2,2.5389795824980093,0.8775511582337305,44,45.5,Tumor
134T-2,2.5270100564377125,0.8782070845298243,42,42.5,Tumor
140T-2,2.5038715279935144,0.8745612436778377,45,49.5,Tumor
141T-2,2.4823378774793823,0.8727630707113236,39,39.4,Tumor
144T-2,2.5008671498316897,0.874786022627867,45,53.0,Tumor
147T-2,2.5160050778351937,0.8761783623245506,42,46.5,Tumor
151T-2,2.5081478700430817,0.8746700627026556,45,47.0,Tumor
161T-2,2.5046089225513697,0.8754782991447154,40,41.125,Tumor
163T-2,2.5277538624207145,0.8773911983944769,43,43.25,Tumor
166T-2,2.5050627310973637,0.8751387658611721,43,45.0,Tumor
167T-2,2.512413505795455,0.8743996126842856,42,46.5,Tumor
177T-2,2.5277410737567467,0.8762319471278004,42,42.5,Tumor
185T-2,2.5375803332561455,0.8786427202057925,41,41.25,Tumor
188T-2,2.4968834625109437,0.8732690371885408,41,41.0,Tumor
203T-2,2.510253338562078,0.8744602547112599,41,42.0,Tumor
207T-2,2.526679803388202,0.8765899859608485,45,47.0,Tumor
210T1-2,2.5220288443590375,0.8779418758987604,43,44.0,Tumor
211T-2,2.51311108297542,0.875361196936175,43,43.125,Tumor
220T-2,2.5185584903544895,0.876036958016267,43,43.0,Tumor
221T-2,2.5192426116265634,0.8766931087612938,42,46.0,Tumor
233T-2,2.511758264328711,0.8760493250803485,45,47.666666666666664,Tumor
234T-2,2.5135123678415074,0.87564374708906,45,46.0,Tumor
235T-2,2.5098470639688966,0.8735516269948146,46,48.25,Tumor
237T-2,2.5215083491235504,0.8758234392317192,43,43.5,Tumor
239T-2,2.523361785829721,0.875885092189597,45,47.25,Tumor
240T-2,2.5096950548243737,0.8748815966968063,45,46.0,Tumor
255T-2,2.528757684341036,0.8774782304170278,44,44.25,Tumor
256T-2,2.532101851953413,0.8792062354933022,44,48.5,Tumor
257T-2,2.532034798229439,0.8768854212236403,44,44.666666666666664,Tumor
258T-2,2.499001058078448,0.8743393514770184,45,49.0,Tumor
262T-2,2.5056966283030015,0.8751483397043928,43,45.0,Tumor
269T-2,2.536104979873107,0.8781177837157981,43,44.125,Tumor
270T-2,2.518654755560273,0.876122643932081,46,47.5,Tumor
271T-2,2.5156172194503164,0.8745439816382635,44,44.0,Tumor
272T-2,2.511565582421645,0.8755531986872732,44,46.666666666666664,Tumor
273T-2,2.527155421002703,0.8768795330066423,45,46.0,Tumor
274T-2,2.527932129385173,0.8791804444534123,42,42.5,Tumor
276T-2,2.5097544338884408,0.8756511364852236,43,43.666666666666664,Tumor
288T-2,2.5047365364912384,0.8736434828719442,43,45.0,Tumor
290T-2,2.5258490464275294,0.8789790670799823,42,42.9,Tumor
292T-2,2.524804503373817,0.8767202037855149,42,46.0,Tumor
299T-2,2.5527559940243245,0.8798794506428921,45,47.25,Tumor
300T-2,2.50575188913579,0.8788645744531464,38,42.5,Tumor
301T-2,2.5086096213252405,0.8751928445721644,43,43.125,Tumor
306T-2,2.515849680016165,0.8756777820708205,43,44.0,Tumor
308T-2,2.501170931899721,0.8746340369519452,44,52.0,Tumor
309T-2,2.5248092723692364,0.8765924585287269,43,51.0,Tumor
310T-2,2.5113751083844824,0.8756764489748029,41,41.166666666666664,Tumor
312T-2,2.5194299971498464,0.8757876485093636,41,41.0,Tumor
316T-2,2.5131597263575958,0.8759201523007419,47,49.666666666666664,Tumor
323T-2,2.5172887379465863,0.877165861888795,42,42.5,Tumor
3N-1,2.584170703835029,0.8667156643308482,49,53.0,Normal
4N-1,2.575322273774038,0.8649178176532792,49,51.25,Normal
5N-1,2.555658816802126,0.8631944255876045,52,55.125,Normal
6N-1,2.5498258402629337,0.8632469438823769,47,48.5,Normal
7N-1,2.597667699124619,0.8676953348379408,43,43.4,Normal
8N-1,2.5629834392531596,0.863097407908633,48,48.5,Normal
10N-1,2.5628061866554463,0.8626916066047858,48,48.166666666666664,Normal
11N-1,2.558705790061649,0.8630829960957986,49,49.125,Normal
27N-1,2.559604312961584,0.8638129824294187,45,49.0,Normal
28N-1,2.58445156441071,0.8685665859166593,46,47.5,Normal
29N-1,2.5694619180896567,0.8651471962494393,47,47.0,Normal
33N-1,2.585399645193591,0.8668179467451755,48,49.333333333333336,Normal
36N-1,2.5790944047941435,0.8640687732378984,48,52.5,Normal
37N-1,2.5488920350814666,0.8616737401616871,48,49.5,Normal
67N-1,2.575057668442161,0.8659110836397437,49,49.666666666666664,Normal
68N-1,2.557779452618088,0.8641150495937997,47,49.0,Normal
71N-1,2.5749998772577833,0.8657236901944177,53,65.5,Normal
76N-1,2.5728272140009656,0.8650897182811339,47,47.0,Normal
77N-1,2.566396297994603,0.8638200180894399,48,49.0,Normal
78N-1,2.551150989699521,0.8613102232173746,50,52.666666666666664,Normal
80N-1,2.5734038397044663,0.8657842449887311,51,57.25,Normal
81N-1,2.5613777163861453,0.8646041934893229,48,48.166666666666664,Normal
82N-1,2.5754276977099355,0.8666929990355168,46,46.333333333333336,Normal
83N asai-1,2.5689055948988075,0.866086632394738,48,48.666666666666664,Normal
83N matsu-1,2.5552344949802177,0.8619177135668359,49,57.166666666666664,Normal
84N-1,2.570450109010355,0.8655571115419435,48,50.666666666666664,Normal
85N-1,2.5807585733395126,0.8655458554767731,47,48.125,Normal
88N-1,2.573373367249224,0.865442420453441,49,49.5,Normal
89N-1,2.593950794547292,0.8665788367404736,49,51.0,Normal
90N-1,2.562968854087461,0.862666658208988,48,52.0,Normal
91N-1,2.566542364201454,0.863861103505247,51,52.125,Normal
92N-1,2.566088361915612,0.8646689465799474,47,48.0,Normal
93N-1,2.540594872983059,0.86155909229314,49,51.0,Normal
94N-1,2.5382405105577965,0.8589711429737211,46,50.0,Normal
95N-1,2.5680849167584574,0.8638223794999915,50,52.25,Normal
96N-1,2.5764635226304007,0.8644401046825315,52,64.5,Normal
98N-1,2.556035716507438,0.8621531193490504,48,48.5,Normal
99N-1,2.5620493406944043,0.8640153867864082,47,47.166666666666664,Normal
100N-1,2.557141606503123,0.863719671218284,46,46.0,Normal
101N-1,2.5788813989215575,0.864458390860331,45,47.666666666666664,Normal
102N-1,2.562173654750288,0.8644308407103698,48,48.125,Normal
104N-1,2.5607748710261955,0.863588224595808,48,50.0,Normal
106N-1,2.562281852112317,0.8651614032790589,47,49.0,Normal
107N-1,2.5650638002163912,0.8616801767605542,48,48.9,Normal
108N-1,2.555704577353575,0.8611460529133633,47,47.666666666666664,Normal
109N-1,2.5800419240738353,0.8679178078407789,48,52.0,Normal
110N-1,2.5773609400950885,0.8646941273566315,47,47.25,Normal
111N1-1,2.5695926049766156,0.8643545342575579,48,52.5,Normal
111-N2-1,2.557629863496856,0.8631587168337032,51,53.666666666666664,Normal
112N-1,2.570996691398633,0.8648778215601112,49,49.25,Normal
113N-1,2.5584171925697463,0.8641135335849216,47,47.25,Normal
114N-1,2.5736116716223765,0.8651132651747169,48,52.166666666666664,Normal
115N-1,2.57426765383694,0.8642562561544633,48,49.5,Normal
116N-1,2.566488578819687,0.8641258257758129,48,52.0,Normal
117N-1,2.567970575351967,0.8655160710158236,49,51.25,Normal
118N-1,2.565577699329464,0.8645112480963899,44,44.333333333333336,Normal
119N-1,2.5966748585832726,0.8679802960093383,48,51.125,Normal
120N-1,2.565099369630385,0.86416130725424,48,49.0,Normal
121N-1,2.5790979966611975,0.8655625131822343,48,48.125,Normal
122N-1,2.5635117775794583,0.8648300475236694,49,53.5,Normal
123N-1,2.5451254380964605,0.8622712408738471,48,52.0,Normal
124N-1,2.5715058093483867,0.8633773620477869,46,46.666666666666664,Normal
125N-1,2.5684740536089716,0.8636212200508204,50,51.125,Normal
126N-1,2.59026299635552,0.8673765432098766,45,47.0,Normal
127N-1,2.5644003395677304,0.8650261284593039,50,56.25,Normal
128N-1,2.576655423650245,0.8653117363900856,48,49.5,Normal
129N-1,2.562575415897898,0.8630322987079744,48,56.0,Normal
130N-1,2.543921735836584,0.8609998269461163,48,48.5,Normal
131N-1,2.5323949122882565,0.8593577406482302,41,41.9,Normal
132N-1,2.556300138806574,0.8613598324584317,46,47.0,Normal
133N-1,2.557577897982482,0.8642172622222222,49,51.25,Normal
134N-1,2.5737745925980446,0.8636372948571593,47,51.0,Normal
135N-1,2.5671809812012607,0.8637995068818076,49,51.0,Normal
136N-1,2.5728538108286774,0.8656084429598965,45,49.5,Normal
137N-1,2.580048720010483,0.8654029503420634,51,54.125,Normal
138N-1,2.573790390825227,0.8648271305340147,51,52.5,Normal
139N-1,2.5750804186551863,0.8683568865560143,46,47.125,Normal
140N-1,2.5774230652201737,0.8637004945521406,47,47.5,Normal
141N-1,2.5545145786857923,0.8633427035820568,48,52.0,Normal
142N-1,2.568825926572683,0.866426914741411,49,51.666666666666664,Normal
144N-1,2.572006108736291,0.8643944407817932,48,49.5,Normal
145N-1,2.58969331810018,0.8653502663497853,47,47.666666666666664,Normal
146N-1,2.5638432553749015,0.8641330569867777,48,48.5,Normal
147N-1,2.539481068734346,0.8642956818242679,41,43.5,Normal
148N-1,2.578942402534474,0.8659594522337387,48,48.25,Normal
149N-1,2.5853875574402005,0.8670150643765429,47,47.0,Normal
150N-1,2.5913076855846304,0.868008509190465,47,47.1,Normal
151N-1,2.565169679820834,0.8644847716934948,54,78.5,Normal
152N-1,2.570651106095499,0.8633229323474795,48,48.5,Normal
153N-1,2.5869308509155813,0.8671157313632855,46,48.5,Normal
154N-1,2.561532999969715,0.8634720655528111,49,51.25,Normal
155N-1,2.5831665064397535,0.872320308020224,43,43.5,Normal
156N-1,2.555499967632514,0.8632100267299117,46,47.6,Normal
157N-1,2.5524365018768918,0.8614450046501422,46,46.0,Normal
158N-1,2.57130597129831,0.8655323279825476,47,47.166666666666664,Normal
159N-1,2.57308150584561,0.8635922490243845,50,54.0,Normal
160N-1,2.5884326850236925,0.8663311595231697,45,45.166666666666664,Normal
161N-1,2.569668763771892,0.8658323353628578,48,49.125,Normal
162N-1,2.5654077089262928,0.8640247416775089,48,48.666666666666664,Normal
163N-1,2.5764892669401913,0.866065132909906,48,49.5,Normal
164N-1,2.555685674038031,0.8623865230867873,49,51.666666666666664,Normal
165N-1,2.5491400776925466,0.8625766476532953,49,51.666666666666664,Normal
166N-1,2.5406497815630518,0.8605233735983298,48,49.5,Normal
168N-1,2.5616764665378886,0.8638161885678914,47,47.125,Normal
174N-1,2.54491655971048,0.859108842667513,45,45.0,Normal
187N-1,2.5408679829617413,0.8600111281757601,44,45.125,Normal
196N-1,2.571179565588145,0.864038920599353,45,49.0,Normal
197N-1,2.565849671843355,0.8646693312307122,49,55.25,Normal
206N-1,2.566138398143079,0.8642531403310029,47,51.5,Normal
208N-1,2.588450307466358,0.8674228421995505,46,48.0,Normal
210N-1,2.5799871937689747,0.8672617531080292,45,45.5,Normal
213N-1,2.5750656031343935,0.8657352070266797,48,50.0,Normal
214N-1,2.570102416739442,0.8641508179089661,49,49.666666666666664,Normal
217N-1,2.5831611995326327,0.8667527518552477,48,52.5,Normal
225N-1,2.557786913204489,0.8627131226780825,48,56.0,Normal
228N-1,2.5679337813021155,0.8642611238449768,47,51.5,Normal
232N-1,2.5633295264492624,0.8646172752569145,48,56.0,Normal
233N-1,2.5730815246638423,0.8627418564369081,45,49.5,Normal
234N-1,2.5758053229676268,0.8657989664150162,48,52.5,Normal
238N-1,2.564107780968235,0.8640418511341966,46,50.5,Normal
239N-1,2.5687406326913647,0.8645880569071898,49,51.25,Normal
240N-1,2.584662749925688,0.8653142964718425,49,58.0,Normal
242N-1,2.5520907958729593,0.8617038766229298,47,47.166666666666664,Normal
244N-1,2.5735969383598825,0.8648688599174712,48,48.125,Normal
245N-1,2.5525665700561015,0.8609098213713114,50,52.25,Normal
249N-1,2.5700602677498434,0.8645785738795673,48,48.166666666666664,Normal
252N-1,2.5593330846648077,0.8634427397024844,49,53.5,Normal
253N-1,2.5477490145055435,0.8620130290264834,48,56.0,Normal
262N-1,2.5430687866409087,0.8627845302479256,48,54.125,Normal
265N-1,2.5654432815311745,0.8643331097185413,47,47.25,Normal
270N-1,2.5806054171511117,0.8664959466792006,46,50.0,Normal
272N-1,2.5840855930616753,0.8678193312526352,48,48.1,Normal
275N-1,2.5633568350488254,0.8644972169066446,48,52.5,Normal
280N-1,2.5452606779618154,0.8621204708022658,47,49.25,Normal
282N-1,2.5976549712051145,0.8697826921213347,45,47.666666666666664,Normal
284N-1,2.545652972126791,0.8625151395809185,47,48.5,Normal
285N-1,2.570531461161332,0.8643003263289998,46,46.0,Normal
291N-1,2.56081875898711,0.8626695867172516,50,51.125,Normal
292N-1,2.5705341078998822,0.8653310740969782,48,49.5,Normal
293N-1,2.556979096235389,0.8636815149788291,46,47.0,Normal
295N-1,2.5548257839156765,0.8644006613376565,47,53.0,Normal
297N-1,2.5823974163506915,0.8656428103959999,48,48.166666666666664,Normal
300N-1,2.606382709278606,0.8685019302077833,44,46.0,Normal
304N-1,2.5679997694143615,0.8654974403846087,50,54.166666666666664,Normal
305N-1,2.5580084237553025,0.8636112637223329,47,47.666666666666664,Normal
306N-1,2.5556170219502152,0.8627273176855236,47,47.5,Normal
309N-1,2.567210537526507,0.8656087102220298,42,42.166666666666664,Normal
315N-1,2.543489845546537,0.8629066137459672,48,49.125,Normal
318N-1,2.574782124010307,0.8658494386175918,50,50.666666666666664,Normal
319N-1,2.573161018096879,0.8664444698637841,47,47.0,Normal
320N-1,2.578608874058118,0.8660722681405186,47,49.25,Normal
323N-1,2.565150901427094,0.8660705364155745,45,45.0,Normal
326N-1,2.558232934063787,0.8640573400252224,46,50.0,Normal
330N-1,2.5725684079419637,0.864221402244624,46,46.666666666666664,Normal
336N-1,2.5835903069928468,0.8679025055325978,45,47.666666666666664,Normal
337N-1,2.5628169523217257,0.8651049306799857,46,50.5,Normal
339N-1,2.574828596807434,0.8661078124075203,50,54.166666666666664,Normal
341N-1,2.539882727507786,0.8617323150224041,47,49.25,Normal
342N-1,2.5609045591864117,0.8627234640008291,49,52.125,Normal
343N-1,2.582406013099355,0.8651889655384686,47,48.5,Normal
344N-1,2.578532989509898,0.8645388912461048,47,47.666666666666664,Normal
345N-1,2.5538306171638268,0.860654622585747,47,51.5,Normal
346N-1,2.559266089789571,0.8623689355439511,49,50.5,Normal
347N-1,2.580272757394683,0.8679671422206628,49,51.0,Normal
349N-1,2.557882682036777,0.8628779863790046,46,47.0,Normal
350N-1,2.561145592724372,0.8653768965753276,50,59.0,Normal
351N-1,2.5637055407704135,0.8665031774482647,45,47.25,Normal
353N-1,2.562482723509454,0.8652830629535588,47,51.0,Normal
354N-1,2.5645715530367057,0.8629748652666172,47,49.25,Normal
355N-1,2.5262707372229136,0.8589245774429827,46,47.125,Normal
356N-1,2.564434834626509,0.8651931116408161,50,82.0,Normal
357N-1,2.5463083473405344,0.8637024475085264,45,45.666666666666664,Normal
358N-1,2.5714787343432315,0.8637606830575818,47,49.666666666666664,Normal
359N-1,2.549578121883308,0.8622987688544619,46,48.25,Normal
360N-1,2.5590730913370616,0.8650296952825594,44,44.5,Normal
361N-1,2.5606113262748336,0.8623703027044598,52,54.5,Normal
362N-1,2.582720419479175,0.8673791228358536,47,47.666666666666664,Normal
363N-1,2.560926523517827,0.8643678476916272,48,57.0,Normal
364N-1,2.5742305694328964,0.8653358013022474,47,47.166666666666664,Normal
365N-1,2.528308437473425,0.8571050478859397,46,64.0,Normal
366N-1,2.5618136499207327,0.8627898458378482,47,55.0,Normal
367N-1,2.586782835603736,0.86722287410074,48,49.0,Normal
368N-1,2.5774490585830336,0.8665581664865427,46,46.9,Normal
369N-1,2.5790941773840994,0.8663744409495002,47,53.25,Normal
376N-1,2.5480936903656346,0.8622735796535035,47,49.666666666666664,Normal
377N-1,2.5690087335639715,0.8656221593561086,45,45.25,Normal
391N-1,2.5794834976187864,0.8663177719178411,45,46.0,Normal
392N-1,2.550463481257091,0.8636665292989838,44,45.0,Normal
396N-1,2.5541702519533733,0.8623897919852389,43,43.0,Normal
400N-1,2.5762082794763677,0.8675807550218891,43,43.166666666666664,Normal
402N-1,2.5840934705410494,0.8669502729128449,49,49.666666666666664,Normal
404N-1,2.561116722043792,0.8634541762195699,48,48.25,Normal
405N-1,2.5855241135391798,0.8678491819887304,45,45.0,Normal
407N-1,2.576297206821745,0.8659925482330226,47,47.25,Normal
409N-1,2.5304614226812676,0.8605485124608314,46,47.5,Normal
410N-1,2.5458107290324263,0.862256713882223,46,48.666666666666664,Normal
411N-1,2.564524990405253,0.8640196393557344,47,51.0,Normal
413N-1,2.5653986548556005,0.8643925547221055,47,49.25,Normal
416N-1,2.581920943208386,0.8643428434242086,50,51.6,Normal
417N-1,2.5531778420686853,0.8663343765465299,43,43.9,Normal
418N-1,2.539798933769709,0.8616151965263094,44,48.0,Normal
422N-1,2.565486436301495,0.8661056072074615,46,47.5,Normal
425N-1,2.5434001852449404,0.8601466498608676,47,47.5,Normal
426N-1,2.576624196685462,0.8656924970723862,47,48.0,Normal
427N-1,2.597467800333583,0.8702179221319208,45,46.5,Normal
430N-1,2.5704340861988904,0.8645288782604181,44,44.0,Normal
431N-1,2.553474088673141,0.8631464297129963,45,45.0,Normal
434N-1,2.554933865990232,0.8642221422529797,47,47.9,Normal
435N-1,2.5694031041450125,0.8639850364308297,45,49.5,Normal
437N-1,2.57536696412503,0.8651564403297916,48,49.5,Normal
439N-1,2.549119131759574,0.862509934106686,46,48.666666666666664,Normal
440N-1,2.591642690819703,0.8696036985232496,44,50.25,Normal
441N-1,2.569796617335608,0.8645859343554807,47,47.666666666666664,Normal
442N-1,2.5483125269383513,0.8619840807569631,47,47.4,Normal
443N-1,2.554218657328408,0.8623646430327556,47,47.642857142857146,Normal
449N-1,2.5086663432131977,0.8568859715306072,41,42.6,Normal
451N-1,2.538458192173044,0.8614525970995606,47,49.666666666666664,Normal
458N-1,2.5636538186372673,0.862710553241255,48,49.125,Normal
16.2N-2,2.5660669616610448,0.8651365935456024,47,51.5,Normal
