"SampleID","Status","Helicobacter_CLR","Streptococcus_CLR","CoAbundance"
"3","Normal",-4.40055485559311,5.86329013805811,1.46273528246499
"9","Normal",10.485930519327,-1.00865731281026,9.4772732065167
"15","Normal",-4.28027174511578,5.98311770921787,1.70284596410209
"16","Normal",10.3717069260425,-1.12376714962043,9.24793977642202
"20","Normal",-4.2927670790499,5.96990952237819,1.67714244332829
"27","Normal",-4.36457658252659,5.8785630991056,1.513986516579
"37","Normal",-4.29347673329293,5.97126824269335,1.67779150940042
"45","Normal",-4.28512585950069,5.98574302106086,1.70061716156017
"53","Normal",-1.83990551492919,5.90276170154841,4.06285618661922
"56","Normal",-4.22928162021337,6.05842718018777,1.8291455599744
"58","Normal",-4.30847553393928,5.94368205489403,1.63520652095475
"61","Normal",-4.31579222290429,5.97028003323076,1.65448781032647
"64","Normal",-4.27798153018122,5.99609445525697,1.71811292507575
"65","Normal",-2.6319299628352,5.92810699205298,3.29617702921777
"67","Normal",10.2809344974064,-1.21357820800666,9.06735628939978
"68","Normal",10.2483018989269,-1.2470939662485,9.00120793267839
"77","Normal",-4.30867044374973,5.98756164488234,1.6788912011326
"101","Normal",10.3862413917228,-1.11172407570606,9.27451731601676
"102","Normal",-4.25334871748,6.04068351602017,1.78733479854016
"103","Normal",-4.30282394547572,5.95057865363732,1.6477547081616
"104","Normal",-4.29974379202813,5.98027731437963,1.6805335223515
"105","Normal",10.4066514323976,-1.09000047512482,9.31665095727278
"106","Normal",10.4571327408941,-1.0323063822187,9.42482635867536
"107","Normal",-4.30911061474928,5.93999404768886,1.63088343293959
"109","Normal",10.4269894107045,-1.06261106992948,9.36437834077505
"110","Normal",-4.27519170547262,6.00138276886865,1.72619106339602
"111","Normal",10.3180407240655,-1.17717788324556,9.14086284081995
"112","Normal",-4.36636235279913,5.92848727620919,1.56212492341006
"113","Normal",-4.25165036478762,6.01928035321904,1.76762998843142
"114","Normal",10.261690498839,-1.23407603456959,9.02761446426939
"115","Normal",-4.32047501648597,5.95237958301653,1.63190456653056
"116","Normal",-4.33194229107581,5.94662193827217,1.61467964719636
"117","Normal",-4.30223768942131,5.96581819134878,1.66358050192746
"118","Normal",-4.42765911947064,5.83075920270787,1.40310008323723
"119","Normal",-4.36912413021336,5.8875784613808,1.51845433116744
"120","Normal",-1.44349879384514,5.99158189152843,4.54808309768329
"124","Normal",-4.3288665223244,5.93071864621138,1.60185212388698
"125","Normal",-3.90334505192186,6.42540343860989,2.52205838668803
"126","Normal",-4.25083507911817,6.03010349446394,1.77926841534577
"127","Normal",10.2474523816414,-1.24857429984216,8.99887808179919
"128","Normal",10.3629038539977,-1.13309012420278,9.22981372979494
"129","Normal",-4.29169553303507,5.99687781557205,1.70518228253698
"130","Normal",10.3605344921812,-1.13532745420177,9.22520703797945
"132","Normal",-4.2655868276323,6.02059944641507,1.75501261878277
"133","Normal",10.2963124057565,-1.19910808003226,9.0972043257242
"134","Normal",10.2978882616734,-1.19797125572239,9.09991700595105
"135","Normal",-4.35703304104846,5.9092206281348,1.55218758708634
"136","Normal",-4.31619655351985,5.9521896932287,1.63599313970885
"137","Normal",-4.28024718162216,5.97877906154477,1.69853187992261
"138","Normal",-4.32803598797864,5.9299294475895,1.60189345961086
"141","Normal",-4.26618100477793,6.04210144657929,1.77592044180136
"142","Normal",-4.41628482183925,5.85832727431527,1.44204245247602
"143","Normal",10.2118031620478,0.587362455844124,10.7991656178919
"144","Normal",-4.322943907797,5.93807274020864,1.61512883241165
"145","Normal",-4.3063700245545,5.94220964881331,1.63583962425882
"146","Normal",-4.18303705681937,6.06139932352538,1.87836226670601
"147","Normal",10.3682773018053,-1.12134797070379,9.24692933110147
"149","Normal",-4.31768229641263,5.93815501803341,1.62047272162078
"152","Normal",10.369693698043,-1.12486875816901,9.24482493987401
"156","Normal",-4.37281763226299,5.9046924158492,1.53187478358621
"159","Normal",-4.30283828584474,5.96664459394887,1.66380630810413
"161","Normal",-4.38982530264255,5.88469342846533,1.49486812582278
"162","Normal",10.4420580430111,-1.05336015266906,9.38869789034208
"163","Normal",-4.25497867998917,6.02357480049099,1.76859612050182
"164","Normal",10.4280324056335,-1.06651281403951,9.36151959159402
"165","Normal",-4.22899322281685,6.0487701592208,1.81977693640396
"166","Normal",-4.38773526106157,5.8946901031717,1.50695484211014
"172","Normal",10.5323225691758,-0.953571983102742,9.57875058607309
"173","Normal",10.4942202758581,-0.999993830724454,9.49422644513364
"174","Normal",10.3690325054279,-1.12636912799782,9.24266337743004
"175","Normal",-4.28319789170697,5.98375623862385,1.70055834691688
"176","Normal",-4.21669864631722,6.05284090265754,1.83614225634032
"178","Normal",10.3310222611015,-1.16234407773698,9.16867818336455
"179","Normal",10.3976607408927,-1.09692690998448,9.30073383090821
"183","Normal",10.5240865508214,-0.962703116491111,9.56138343433033
"185","Normal",10.3924035406364,-1.09999399354168,9.29240954709477
"186","Normal",-4.24358679827228,6.02414749004867,1.78056069177638
"187","Normal",10.2914923895363,-1.19931932049512,9.09217306904114
"188","Normal",-4.40219343926517,5.87517921138982,1.47298577212466
"190","Normal",-4.29045187461402,5.98583982288387,1.69538794826985
"193","Normal",-4.185503071818,6.09482310464627,1.90932003282827
"195","Normal",10.3461971208003,-1.15056505552376,9.19563206527653
"197","Normal",-4.33074967630733,5.95276334864865,1.62201367234132
"201","Normal",10.3982632003642,-1.09405124615726,9.30421195420691
"202","Normal",-4.33547122027653,5.92883443691183,1.5933632166353
"203","Normal",10.4053444979921,-1.09028562993205,9.31505886806009
"206","Normal",10.3681366714015,1.41617436753639,11.7843110389379
"207","Normal",-4.2912986405755,5.99422675516627,1.70292811459078
"208","Normal",10.4107523961448,-1.08128697145246,9.32946542469233
"209","Normal",-4.33306034535894,5.92825065926075,1.59519031390182
"211","Normal",10.4018223019404,-1.09498618439213,9.30683611754826
"212","Normal",-4.30407326401491,5.96744202104642,1.66336875703151
"215","Normal",10.3845172369356,-1.10815492389235,9.27636231304329
"220","Normal",10.3368147069623,-1.15993041936899,9.1768842875933
"226","Normal",-4.34655208329415,5.93133913934237,1.58478705604822
"227","Normal",-4.30371922636959,5.95424929737893,1.65053007100934
"228","Normal",-4.33021987387684,5.94537060203321,1.61515072815638
"229","Normal",-4.25778571416613,5.99202174211674,1.73423602795062
"231","Normal",10.4844977744046,-1.00680604784171,9.47769172656285
"236","Normal",10.4033360951235,-1.08971961178935,9.31361648333411
"240","Normal",10.4464372728877,-1.04752340382858,9.3989138690591
"244","Normal",-4.33713660847727,5.93188907996936,1.59475247149209
"247","Normal",-4.18568605509884,6.05799081242701,1.87230475732817
"248","Normal",-4.29721076326458,5.98997890496491,1.69276814170033
"249","Normal",-4.33461590233132,5.91848025102037,1.58386434868905
"252","Normal",-4.17918940352605,6.0902756447399,1.91108624121385
"253","Normal",-4.38245270626265,5.8865360040462,1.50408329778355
"254","Normal",-4.33844608039595,5.93523204545603,1.59678596506008
"255","Normal",-4.33955111809184,5.93246401892311,1.59291290083128
"256","Normal",-4.37440154760731,5.90222944938652,1.5278279017792
"257","Normal",-4.26806964290544,5.99846989569157,1.73040025278613
"259","Normal",-4.21493527349657,6.08327884739436,1.86834357389779
"262","Normal",-4.31326117619329,5.96031059693839,1.6470494207451
"263","Normal",-4.33399562147479,5.9390802325449,1.60508461107011
"264","Normal",-4.29153222095025,5.979941156878,1.68840893592774
"265","Normal",-4.36447018306907,5.91072160083216,1.54625141776309
"266","Normal",-4.2669381515063,6.00454138052001,1.7376032290137
"267","Normal",-4.06613094270934,6.19109168319595,2.12496074048661
"270","Normal",-4.19548415298422,6.04028694941831,1.84480279643409
"271","Normal",-4.27941074909519,5.99722875987431,1.71781801077913
"272","Normal",10.3823736290604,-1.10899307177787,9.2733805572825
"273","Normal",-4.30299217658746,5.98499352976243,1.68200135317497
"280","Normal",10.2798716045045,-1.21459721570721,9.06527438879728
"282","Normal",-4.33623900917514,5.92571344900012,1.58947443982497
"283","Normal",10.3697497036817,-1.12470579450532,9.24504390917639
"284","Normal",10.388434633976,-1.10635695993834,9.28207767403764
"285","Normal",-4.29545527788763,5.9621701799817,1.66671490209407
"286","Normal",-4.28337683377258,5.98101552347543,1.69763868970285
"287","Normal",10.3050864046781,-1.18728038712725,9.1178060175508
"289","Normal",-4.33697038469481,5.92066477341022,1.58369438871541
"290","Normal",10.4252280856429,-1.07095332805947,9.35427475758345
"291","Normal",-4.20613085264664,6.04304411645277,1.83691326380613
"294","Normal",10.2897729557521,-1.20280878126769,9.0869641744844
"297","Normal",-4.33074944038512,5.9513523483115,1.62060290792638
"298","Normal",-4.31714941683369,5.95019711295057,1.63304769611688
"300","Normal",10.3686761017697,-1.12295516383275,9.24572093793692
"301","Normal",-4.33370183461591,5.93021478223748,1.59651294762157
"303","Normal",10.4177691488858,-1.07804208222158,9.33972706666425
"305","Normal",-4.36142521288026,5.92694415527211,1.56551894239186
"306","Normal",10.3947032808572,-1.10216362921688,9.29253965164036
"309","Normal",-4.28160274197769,5.97657747013586,1.69497472815817
"311","Normal",-4.27856147346113,5.99882220119205,1.72026072773092
"312","Normal",-4.26117957695546,6.01405932204494,1.75287974508948
"313","Normal",-4.28109727506108,6.00213270083963,1.72103542577854
"314","Normal",-4.29975556261811,5.96854358861544,1.66878802599733
"316","Normal",10.3525679321812,-1.13905134097356,9.21351659120766
"318","Normal",10.3449974688348,-1.14938156298364,9.1956159058512
"319","Normal",-4.42359530913323,5.84339703895801,1.41980172982478
"320","Normal",10.4547245784467,-1.03820974994228,9.41651482850441
"321","Normal",-4.3543517006652,5.91269351508362,1.55834181441842
"323","Normal",-2.77535707918261,5.85273419124221,3.0773771120596
"324","Normal",-4.35242574851488,5.92215642579932,1.56973067728444
"325","Normal",-4.30650758654822,5.96274180723449,1.65623422068627
"326","Normal",10.4020134288821,-1.09398802935035,9.30802539953178
"327","Normal",-4.16257309471374,6.10343359050369,1.94086049578996
"329","Normal",10.4086915973239,-1.08685300003379,9.32183859729013
"330","Normal",-4.24459506673426,6.01467643521511,1.77008136848085
"331","Normal",-4.43654961601665,5.836486548267,1.39993693225035
"332","Normal",-4.3380198874514,5.93036936867726,1.59234948122586
"333","Normal",10.3956113843582,-1.09929589254748,9.29631549181075
"334","Normal",10.3764926019039,-1.11761359607634,9.25887900582756
"335","Normal",-4.31939160319635,5.93827982107731,1.61888821788097
"336","Normal",-2.47779114618821,5.97981249569942,3.50202134951121
"337","Normal",10.4261793920361,-1.07022907917301,9.35595031286308
"339","Normal",-4.27549410413545,5.98133799081792,1.70584388668247
"340","Normal",10.3814878641188,-1.11656130094111,9.26492656317772
"341","Normal",-4.43007157386261,5.852027452356,1.42195587849339
"342","Normal",-4.32327725989345,5.94549614910454,1.62221888921109
"343","Normal",-4.27763077957616,5.9832523118619,1.70562153228574
"344","Normal",10.3708466102451,-1.12133235053908,9.24951425970602
"345","Normal",-4.32404850521137,5.95443091352017,1.63038240830879
"346","Normal",-4.37655826663009,5.89213249036152,1.51557422373142
"347","Normal",-4.38335150888698,5.88833471286881,1.50498320398183
"348","Normal",-4.3427452033544,5.92554318425089,1.58279798089649
"350","Normal",-4.24373354329372,6.03528265960088,1.79154911630715
"351","Normal",10.3268745150206,-1.16435628667227,9.16251822834837
"352","Normal",-4.2609120180262,6.02024958495271,1.7593375669265
"353","Normal",-4.3183560177202,5.94626698933675,1.62791097161656
"354","Normal",-4.3834692417198,5.8865362564997,1.5030670147799
"355","Normal",-4.26635072199484,6.01496499893951,1.74861427694466
"356","Normal",-4.27124895166355,6.0107665929486,1.73951764128506
"357","Normal",-4.35956530462236,5.89899171513521,1.53942641051285
"359","Normal",-2.90724724216683,5.92526551112977,3.01801826896294
"360","Normal",-4.30101067872942,5.95949854691041,1.65848786818099
"361","Normal",-4.24860947284611,6.02481828051358,1.77620880766747
"362","Normal",-4.32279777721649,5.94595618363595,1.62315840641945
"363","Normal",-4.27976532347373,5.97918609311904,1.69942076964531
"365","Normal",-4.26817634753129,5.98176207272845,1.71358572519716
"369","Normal",-2.04545243769666,5.93813425598606,3.8926818182894
"370","Normal",-2.2995246970492,5.8418409206182,3.542316223569
"371","Normal",-4.29804252242322,5.9650062465027,1.66696372407948
"372","Normal",-4.24804059607186,6.02078243437828,1.77274183830642
"373","Normal",-4.29625941207317,5.96906050163643,1.67280108956327
"375","Normal",-2.36134250439216,5.89569374771263,3.53435124332047
"376","Normal",-4.25738997902616,5.99967141366161,1.74228143463545
"377","Normal",-2.26504103894795,5.92266909127182,3.65762805232387
"379","Normal",-4.30734855202408,5.96785097217639,1.66050242015232
"380","Normal",-4.2946194550471,5.97596640783619,1.68134695278909
"381","Normal",-4.36978505077306,5.89885485348656,1.5290698027135
"382","Normal",-4.26012828409386,6.02110465959079,1.76097637549693
"383","Normal",-4.24824317387414,6.01851227246082,1.77026909858668
"384","Normal",10.3870429018658,-1.11395609247373,9.2730868093921
"385","Normal",-4.3018045898579,5.98588161519357,1.68407702533567
"387","Normal",-4.33899815413869,5.92613690420302,1.58713875006433
"389","Normal",-4.29866024326779,5.96462958471882,1.66596934145104
"390","Normal",-4.31888059537848,5.96578835186826,1.64690775648978
"391","Normal",-2.68606217135223,5.85096536262885,3.16490319127662
"392","Normal",-4.37161687178241,5.9031533506989,1.53153647891649
"393","Normal",-4.29243840777139,5.99746771982319,1.7050293120518
"394","Normal",-4.22461662128999,6.03621210797327,1.81159548668328
"395","Normal",-4.16750678405885,6.17689899379309,2.00939220973423
"396","Normal",-3.82842099949272,6.37729202551472,2.54887102602199
"398","Normal",10.4294903654224,-1.06314486297116,9.36634550245124
"400","Normal",-4.20219849382708,6.07163064953967,1.8694321557126
"401","Normal",-4.22868731049595,6.06275902468582,1.83407171418987
"403","Normal",-4.31869145312263,5.93580281686363,1.617111363741
"404","Normal",-4.35688035719539,5.9105814762846,1.55370111908921
"411","Normal",-4.3298096494592,5.93274698979616,1.60293734033696
"412","Normal",10.2620164945496,-1.22811452703855,9.0339019675111
"414","Normal",-4.34440134151073,5.92934650507144,1.58494516356071
"418","Normal",-4.31369278390175,5.96442888566219,1.65073610176044
"419","Normal",-2.87122112092957,5.88855843057669,3.01733730964711
"421","Normal",-4.30112361531292,5.96999513073596,1.66887151542305
"422","Normal",-4.25937676379902,6.02388997023246,1.76451320643344
"432","Normal",-4.27372648940484,5.98916376337812,1.71543727397328
"434","Normal",-4.31164988423573,5.93069175576363,1.6190418715279
"437","Normal",-4.26669583867152,5.997421437873,1.73072559920148
"456","Normal",-4.31224659126,5.96274104303665,1.65049445177665
"457","Normal",-4.28585532709586,5.97871320358702,1.69285787649116
"458","Normal",-4.33814468810116,5.92382584416491,1.58568115606375
"462","Normal",-4.33855385876065,5.94528016682793,1.60672630806728
"463","Normal",-4.47568164833353,5.77793632619866,1.30225467786513
"470","Normal",10.6041872327473,-0.89137384199381,9.71281339075351
"471","Normal",10.3059141096924,-1.18934409070414,9.11657001898826
"472","Normal",10.3193711166128,-1.17625928502262,9.14311183159016
"473","Normal",-4.2705616741924,5.99064705977495,1.72008538558256
"474","Normal",10.3751686545382,-1.11621567811112,9.25895297642704
"475","Normal",-4.23849253289656,6.03658705147741,1.79809451858085
"476","Normal",-4.29750006667657,5.9887832404057,1.69128317372913
"478","Normal",-2.39171616635987,5.95089803137006,3.55918186501019
"479","Normal",-4.22758061931054,6.03958174229492,1.81200112298438
"480","Normal",-4.21204874532399,6.07441029518067,1.86236154985668
"481","Normal",-4.30197808235231,5.96941490380515,1.66743682145284
"482","Normal",-1.10100245025273,5.97636005527846,4.87535760502574
"483","Normal",-4.37984688909312,5.88511905234606,1.50527216325294
"484","Normal",-4.26100925056094,6.03881487011622,1.77780561955528
"485","Normal",-4.30582617512475,5.99521352802751,1.68938735290277
"486","Normal",-4.29551954536249,5.97113956772572,1.67562002236323
"488","Normal",-4.26603858894149,5.99864476691247,1.73260617797098
"489","Normal",-4.35898945764568,5.9276557243247,1.56866626667902
"490","Normal",-4.23596036535972,6.04239490606099,1.80643454070127
"491","Normal",-4.27203170751932,5.9889179755854,1.71688626806607
"492","Normal",-4.26281182863078,6.02124010940794,1.75842828077716
"493","Normal",-4.35985713737835,5.89287501619685,1.5330178788185
"494","Normal",-4.32161927393942,5.95574589273493,1.63412661879552
"495","Normal",-4.34794119124767,5.92987820921891,1.58193701797124
"507","Normal",-4.27027179283361,5.97548629462759,1.70521450179398
"508","Normal",-4.20770886047668,6.05541413686234,1.84770527638566
"509","Normal",10.3096957996647,-1.18321526886781,9.12648053079687
"510","Normal",-2.64736562242206,5.86165519888736,3.2142895764653
"511","Normal",-4.33884935027869,5.92744196883567,1.58859261855698
"512","Normal",-4.33377488128324,5.9300238618198,1.59624898053656
"513","Normal",-4.23211828466202,6.03164997801417,1.79953169335215
"514","Normal",-4.29842270636729,5.98460074103063,1.68617803466334
"515","Normal",-4.34917102897027,5.92205452119109,1.57288349222082
"516","Normal",-4.34971020005588,5.94210113491173,1.59239093485585
"517","Normal",-4.27395461919921,5.98001512521729,1.70606050601808
"518","Normal",10.2736488113114,-1.22095484576925,9.05269396554214
"519","Normal",-4.38850370555413,5.88349579722218,1.49499209166804
"520","Normal",-4.31986568536826,5.9611301333557,1.64126444798743
"521","Normal",-3.14713834008921,5.90076903839264,2.75363069830343
"522","Normal",-1.41833014937821,6.063176335624,4.64484618624578
"523","Normal",-4.31139089413724,5.95532068191907,1.64392978778182
"524","Normal",-4.29849431492298,5.97967747618158,1.68118316125861
"525","Normal",10.3103410802827,-1.18424957251855,9.12609150776416
"526","Normal",-4.35296096810199,5.93229414465834,1.57933317655636
"527","Normal",-2.17955623148404,5.8595413816511,3.67998515016707
"528","Normal",-4.34595084834473,5.92912108979453,1.5831702414498
"529","Normal",-4.26939253438217,5.99906893662804,1.72967640224587
"530","Normal",-4.25095766230519,6.02306443658443,1.77210677427924
"531","Normal",10.262641662475,-1.23050222962523,9.03213943284973
"532","Normal",-4.29843566818455,5.96258606126084,1.66415039307629
"533","Normal",-4.14409060604585,6.12171364415044,1.97762303810459
"534","Normal",-4.26939281485073,5.99846279146587,1.72906997661514
"535","Normal",-4.29477005338216,5.97166395415683,1.67689390077467
"536","Normal",-4.38221929229213,5.87170678211225,1.48948748982012
"537","Normal",-4.3314005107206,5.94153669163972,1.61013618091912
"538","Normal",-4.24886321610306,6.03326582917999,1.78440261307693
"539","Normal",-4.33295766271904,5.93992410403435,1.60696644131531
"540","Normal",-4.2671575522886,5.98907276982788,1.72191521753928
"541","Normal",-4.32784208484491,5.94108616539121,1.6132440805463
"542","Normal",10.2845365132915,-1.20975005934972,9.07478645394181
"543","Normal",-4.14674887751066,6.12717109000271,1.98042221249204
"544","Normal",-4.34387763330555,5.91951818194374,1.57564054863819
"545","Normal",-3.98179011823937,6.3434680816182,2.36167796337883
"546","Normal",-4.32514357618212,5.94712548586856,1.62198190968644
"547","Normal",-4.33243410560113,5.93648075726978,1.60404665166865
"548","Normal",-4.3178289067769,5.97952046703996,1.66169156026307
"549","Normal",-4.37609198441575,5.90602895670303,1.52993697228728
"550","Normal",10.3903669419702,0.386632174099276,10.7769991160694
"551","Normal",10.3809507197108,-1.11280438313437,9.26814633657646
"557","Normal",-4.33998962869371,5.90437948744558,1.56438985875187
"558","Normal",-4.30828705478185,5.93041148789864,1.62212443311679
"561","Normal",10.3200630316275,-1.17162264560904,9.14844038601847
"562","Normal",-4.35309825680152,5.90498702996756,1.55188877316604
"563","Normal",10.3429286837891,-1.15319053836129,9.18973814542784
"564","Normal",-2.41957236346096,5.92520168951109,3.50562932605013
"565","Normal",-4.35020892184416,5.91775166696273,1.56754274511857
"566","Normal",-4.27073567673899,5.99069710942138,1.71996143268239
"567","Normal",10.2835188920055,-1.20936027897972,9.0741586130258
"568","Normal",-4.29468484560073,5.99709374201714,1.7024088964164
"569","Normal",-4.25077046038648,6.01249996989324,1.76172950950676
"570","Normal",-4.27841104645988,6.00132537957192,1.72291433311205
"572","Normal",-4.28104377284214,5.99998838451622,1.71894461167408
"573","Normal",-4.32230968217911,5.92849403869303,1.60618435651393
"574","Normal",-4.33416492606039,5.92720357593688,1.59303864987649
"575","Normal",-4.20257496811239,6.06823465125586,1.86565968314347
"576","Normal",-4.30710329525143,5.95993123400587,1.65282793875444
"577","Normal",-4.21156011361209,6.05101462926255,1.83945451565046
"578","Normal",10.3975867828864,-1.09896401426939,9.29862276861704
"580","Normal",10.4414654993483,-1.0521629308557,9.38930256849256
"581","Normal",10.3221563144864,-1.1712055798784,9.15095073460804
"582","Normal",10.311867043919,-1.17933819792192,9.13252884599711
"583","Normal",10.353860975783,-1.14121088637021,9.21265008941278
"584","Normal",-2.38713900382941,5.91930157114064,3.53216256731123
"585","Normal",-4.25101065852554,6.03174520069203,1.78073454216649
"586","Normal",-4.32430611273455,5.93635223043007,1.61204611769552
"587","Normal",-4.37428669770793,5.90100315909328,1.52671646138535
"588","Normal",10.3417619749172,-1.15482175681961,9.1869402180976
"589","Normal",-4.25260781384206,6.03611139141128,1.78350357756922
"590","Normal",-4.2825146066564,5.96637909156177,1.68386448490538
"591","Normal",-4.38045558148595,5.89459504365165,1.51413946216569
"592","Normal",10.3504696211624,-1.14687127777729,9.20359834338508
"593","Normal",10.3526939799008,-1.13938641139805,9.21330756850273
"594","Normal",10.4831023515209,-1.00972222917894,9.47338012234199
"595","Normal",-4.24420491829871,6.0265709669583,1.7823660486596
"596","Normal",-2.0607453021305,5.98805852698734,3.92731322485684
"598","Normal",-4.28872470225669,5.96788024480143,1.67915554254474
"599","Normal",-4.22977957235848,6.04775407743519,1.81797450507671
"600","Normal",-4.28001239827046,5.97369613133841,1.69368373306795
"601","Normal",-4.25890296950371,6.0074569488598,1.74855397935608
"602","Normal",-4.22003829491824,6.03644072193534,1.8164024270171
"603","Normal",10.4056984100341,-1.08634763256242,9.3193507774717
"604","Normal",10.3228205466369,-1.16936318558632,9.15345736105061
"605","Normal",10.3615417493663,-1.13232782607517,9.22921392329113
"606","Normal",10.276847999112,-1.21700545276311,9.05984254634894
"608","Normal",-4.30016146737896,5.98721746877472,1.68705600139575
"609","Normal",-4.31332812347803,5.9775601095304,1.66423198605238
"610","Normal",-4.24015306835242,6.04092599815306,1.80077292980065
"611","Normal",10.4886445680873,-1.00198972862095,9.48665483946639
"612","Normal",-4.41597887844284,5.86301759341103,1.44703871496819
"613","Normal",10.4249177805443,-1.06591861737638,9.35899916316793
"614","Normal",-4.32569302037591,5.93879994090142,1.61310692052551
"615","Normal",10.4220632615819,-1.07332476829106,9.34873849329087
"616","Normal",-4.30118856530253,5.95804798013105,1.65685941482852
"617","Normal",-4.26990738924703,6.00978977117982,1.73988238193278
"618","Normal",-4.21011884609948,6.04544959030806,1.83533074420858
"620","Normal",-4.37105405480118,5.89834601686497,1.52729196206379
"621","Normal",-4.31742515999021,5.94996802655694,1.63254286656672
"622","Normal",-4.26068027890632,5.9977860372493,1.73710575834298
"623","Normal",10.4354206919957,-1.05899620688278,9.37642448511287
"624","Normal",10.4852785386126,-1.01339615344256,9.47188238517005
"625","Normal",10.2584051191746,-1.23532182500137,9.0230832941732
"626","Normal",-4.26648652035892,6.0055710108595,1.73908449050058
"627","Normal",-2.15959191388312,5.93024119884213,3.77064928495901
"628","Normal",-4.28988653885589,5.97147649284572,1.68158995398983
"629","Normal",-4.21067284640783,6.06873463867998,1.85806179227215
"630","Normal",-4.28814059873765,5.97993863523241,1.69179803649476
"631","Normal",-4.34351161974007,5.93420986060733,1.59069824086726
"633","Normal",-4.21569496044299,6.02851823030027,1.81282326985729
"634","Normal",-4.25327027663809,6.01920013520049,1.76592985856241
"635","Normal",-4.13108629395829,6.16892760817917,2.03784131422088
"636","Normal",10.4713336106565,-1.02530668623856,9.44602692441799
"637","Normal",10.447863649119,-1.04002304327145,9.40784060584751
"638","Normal",-2.09616915190959,5.95748345695711,3.86131430504752
"639","Normal",-4.279341613302,5.96729129711448,1.68794968381247
"640","Normal",-4.37069923628385,5.92385990801285,1.553160671729
"641","Normal",-4.27896591562349,5.98661884799717,1.70765293237368
"642","Normal",-4.25902273789389,6.00655561062847,1.74753287273458
"onc642","Normal",-4.3093765267098,5.94835453263511,1.63897800592531
"643","Normal",-4.31241733577646,5.97219009977526,1.65977276399879
"644","Normal",10.4983506298998,-0.994836412867087,9.5035142170327
"645","Normal",-2.92655084314456,5.85439681647782,2.92784597333326
"646","Normal",-4.27809595728382,5.98997674688643,1.71188078960262
"647","Normal",10.3775015176496,1.70837121650429,12.0858727341539
"648","Normal",-4.31094031589338,5.95603374605993,1.64509343016655
"649","Normal",-4.28798141417194,5.95544925990016,1.66746784572822
"650","Normal",-4.35140299938487,5.90392415078163,1.55252115139677
"651","Normal",-4.33541438985315,5.94152731886484,1.6061129290117
"652","Normal",10.3027638171946,-1.18882306079982,9.1139407563948
"653","Normal",10.474680162721,-1.02266149168652,9.45201867103443
"654","Normal",-2.96998823922441,5.87923227501738,2.90924403579297
"655","Normal",-2.90422827788844,5.91334128724868,3.00911300936024
"656","Normal",-4.35743611447927,5.91379555210842,1.55635943762914
"657","Normal",-4.35166160861441,5.93129079284897,1.57962918423456
"658","Normal",-4.35345826707988,5.89614085739522,1.54268259031534
"659","Normal",-4.30037981537252,5.96568164132897,1.66530182595645
"660","Normal",-4.23432479608204,6.02157507078078,1.78725027469874
"661","Normal",-4.33782104721084,5.91066946676446,1.57284841955362
"664","Normal",10.4601428786409,-1.03339168341459,9.42675119522632
"665","Normal",-4.24023848179448,6.03583063409135,1.79559215229687
"666","Normal",-4.28863764397091,5.96422255858878,1.67558491461786
"3T-1","Tumor",6.14071525937604,6.17552663621413,12.3162418955902
"4T-1","Tumor",6.09320137327231,6.13836302025797,12.2315643935303
"5T-1","Tumor",6.05826970259696,6.08985519380784,12.1481248964048
"6T-1","Tumor",6.07695777281693,6.12760977169968,12.2045675445166
"7T-1","Tumor",6.06225397926229,6.06299222595695,12.1252462052192
"8T-1","Tumor",6.01135540086185,6.07189151202448,12.0832469128863
"10T-1","Tumor",6.03621971072061,6.07809970632342,12.114319417044
"11T-1","Tumor",5.98030280493539,6.05292301208104,12.0332258170164
"27T-1","Tumor",6.09661802905691,6.17281656527536,12.2694345943323
"28T-1","Tumor",6.10433506772901,6.12959530145698,12.233930369186
"29T-1","Tumor",6.05475095878594,6.1062791619869,12.1610301207728
"33T-1","Tumor",6.03423713879791,6.13265626514367,12.1668934039416
"36T-1","Tumor",6.04952830232214,6.09694507234251,12.1464733746647
"37T-1","Tumor",6.0174575494252,6.06055886222997,12.0780164116552
"67T-1","Tumor",6.03446575576492,6.09875911707902,12.1332248728439
"68T-1","Tumor",6.1050639883925,6.09052372970484,12.1955877180973
"71T-1","Tumor",6.03097350439289,6.07787244383094,12.1088459482238
"76T-1","Tumor",6.08822536303368,6.1083054547695,12.1965308178032
"77T-1","Tumor",6.0221537303792,6.06691164089737,12.0890653712766
"78T-1","Tumor",6.06496076020061,6.11898785779482,12.1839486179954
"80T-1","Tumor",6.12509916895976,6.20672306357028,12.33182223253
"81T-1","Tumor",6.00287385961794,6.06588405768081,12.0687579172988
"82T-1","Tumor",6.00780390089008,6.07778164539294,12.085585546283
"83T as","Tumor",5.92016825862442,5.94842631242799,11.8685945710524
"83T ma","Tumor",6.0469248570205,6.10161870923132,12.1485435662518
"84T-1","Tumor",6.04851983092081,6.10634036704475,12.1548601979656
"85T-1","Tumor",6.06532858369792,6.18846613865688,12.2537947223548
"88T-1","Tumor",6.12975187219183,6.20399241727631,12.3337442894681
"89T-1","Tumor",6.05391355928294,6.10804847649416,12.1619620357771
"90T-1","Tumor",6.0492595747772,6.13390150132406,12.1831610761013
"91T-1","Tumor",6.02142871516319,6.08572969736857,12.1071584125318
"92T-1","Tumor",6.11189412241114,6.1470618459114,12.2589559683225
"93T-1","Tumor",6.12046958144128,6.18452674693165,12.3049963283729
"94T-1","Tumor",6.01696811219822,6.06563041751151,12.0825985297097
"95T-1","Tumor",6.03830193191092,6.03772174309047,12.0760236750014
"96T-1","Tumor",5.98574239339203,6.03897674302944,12.0247191364215
"98T-1","Tumor",6.15056068509475,6.2220164667243,12.372577151819
"99T-1","Tumor",6.02677917683029,6.04216779495136,12.0689469717817
"100T-1","Tumor",6.00678527260525,6.0314860145661,12.0382712871714
"101T-1","Tumor",6.09247857777232,6.03941203860451,12.1318906163768
"102T-1","Tumor",6.06909184386478,6.10471191854675,12.1738037624115
"104T-1","Tumor",5.99051795428008,6.05242527929606,12.0429432335761
"106T-1","Tumor",6.05203341674242,6.19855215030363,12.2505855670461
"107T-1","Tumor",6.0504526297834,6.09165078643091,12.1421034162143
"108T-1","Tumor",6.06435739932437,6.08108831174942,12.1454457110738
"109T-1","Tumor",6.06804043566606,6.10479859600172,12.1728390316678
"111T-1","Tumor",6.01662483560259,6.07872626585117,12.0953511014538
"112T-1","Tumor",6.00019394111758,6.05479260160175,12.0549865427193
"113T-1","Tumor",6.05645104788812,6.09011906982084,12.146570117709
"114T-1","Tumor",6.0681111229353,6.11107414710023,12.1791852700355
"115T-1","Tumor",6.02756024249293,6.12082635371972,12.1483865962127
"116T-1","Tumor",6.0626490915016,6.11036242644888,12.1730115179505
"117T-1","Tumor",6.065732379905,6.12471023149506,12.1904426114001
"118T-1","Tumor",6.22065477827642,6.33795017300411,12.5586049512805
"119T-1","Tumor",6.09351504720395,6.12654232678594,12.2200573739899
"120T-1","Tumor",6.05293070024243,6.12559863478155,12.178529335024
"121T-1","Tumor",6.08085376661173,6.12621302123334,12.2070667878451
"122T-1","Tumor",6.04050390354919,6.09540928782542,12.1359131913746
"123T-1","Tumor",6.05769005946289,6.10802825165809,12.165718311121
"124T-1","Tumor",6.07305810241443,6.09707081892721,12.1701289213416
"125T-1","Tumor",6.08661324777822,6.1865784299699,12.2731916777481
"126T-1","Tumor",6.05550548712742,6.10689063631436,12.1623961234418
"127T-1","Tumor",5.98414377976616,6.04159249397833,12.0257362737445
"128T-1","Tumor",6.02234627853112,6.09994733608166,12.1222936146128
"129T-1","Tumor",6.01098705640083,6.07845078463891,12.0894378410397
"130T-1","Tumor",6.14454876012635,6.19563814704228,12.3401869071686
"131T-1","Tumor",6.03548539631328,6.05162547337683,12.0871108696901
"132T-1","Tumor",5.9467786834581,6.016348898521,11.9631275819791
"133T-1","Tumor",6.04915967499386,6.08835801467249,12.1375176896664
"134T-1","Tumor",6.07948437693099,6.11317996223572,12.1926643391667
"135T-1","Tumor",6.48462771955147,6.7288138708885,13.21344159044
"136T-1","Tumor",6.01727028335359,6.06607688821966,12.0833471715732
"137T-1","Tumor",6.16625062493328,6.20508871109668,12.37133933603
"138T-1","Tumor",6.06061020778744,6.15418070171444,12.2147909095019
"139T-1","Tumor",6.43008182568531,6.53518569441984,12.9652675201051
"140T-1","Tumor",6.01564639824597,6.07551650108971,12.0911628993357
"141T-1","Tumor",6.05840390026895,6.13250857914952,12.1909124794185
"142T-1","Tumor",6.0837800966555,6.06709182981725,12.1508719264727
"144T-1","Tumor",6.15095180266943,6.23063891285243,12.3815907155219
"145T-1","Tumor",6.16725191404759,6.20968358497998,12.3769354990276
"146T-1","Tumor",6.11736276326387,6.17035044737321,12.2877132106371
"147T-1","Tumor",6.07197585843558,6.12224118304724,12.1942170414828
"148T-1","Tumor",6.17245094544734,6.28944056431845,12.4618915097658
"149T-1","Tumor",6.1637917721284,6.2074648619834,12.3712566341118
"150T-1","Tumor",5.99835935459812,6.05923643901313,12.0575957936112
"151T-1","Tumor",6.1151267696927,6.20854777449006,12.3236745441828
"152T-1","Tumor",6.02144769465557,6.08319664907654,12.1046443437321
"153T-1","Tumor",6.04159409133894,6.04462150885859,12.0862156001975
"154T-1","Tumor",6.11594112795131,6.19204421915723,12.3079853471085
"155T-1","Tumor",6.04623679826711,6.07301707103659,12.1192538693037
"156T-1","Tumor",5.99885528179139,6.05666735685754,12.0555226386489
"157T-1","Tumor",6.15487812439391,6.1669017776534,12.3217799020473
"158T-1","Tumor",6.0325021936441,6.0821857291059,12.11468792275
"159T-1","Tumor",6.06148400790591,6.15558837559049,12.2170723834964
"160T-1","Tumor",6.05305801895439,6.10628503309534,12.1593430520497
"161T-1","Tumor",5.96816315579336,5.98582441995031,11.9539875757437
"162T-1","Tumor",6.12409698414084,6.22388186906053,12.3479788532014
"163T-1","Tumor",6.16702872091114,6.17110851238847,12.3381372332996
"164T-1","Tumor",6.16663591419161,6.2348074005388,12.4014433147304
"165T-1","Tumor",6.12036537434943,6.15268026382136,12.2730456381708
"166T-1","Tumor",6.00643337715522,6.06976107016741,12.0761944473226
"168T-1","Tumor",6.00446555660198,6.0778018888875,12.0822674454895
"168TWG-1","Tumor",6.48758747430029,6.51194484652639,12.9995323208267
"174T-1","Tumor",5.96914348122157,6.01790894624109,11.9870524274627
"187T-1","Tumor",5.91074303802217,5.96262180071627,11.8733648387384
"196T-1","Tumor",5.95713256941919,5.99126114292453,11.9483937123437
"197T-1","Tumor",6.00628172514114,6.0644249788495,12.0707067039906
"206T-1","Tumor",6.13644062964387,6.16888698115841,12.3053276108023
"208T-1","Tumor",6.06541601646043,6.09039388994548,12.1558099064059
"210T-1","Tumor",6.00840940957233,6.07937374596883,12.0877831555412
"213T-1","Tumor",6.2480014854514,6.20906665771541,12.4570681431668
"214T-1","Tumor",5.88495831751985,5.98752100991537,11.8724793274352
"217T-1","Tumor",6.06761758508097,6.11972085313843,12.1873384382194
"225T-1","Tumor",6.04777503326813,6.0978726587146,12.1456476919827
"228T-1","Tumor",6.03290206397659,6.05267025389307,12.0855723178697
"232T-1","Tumor",6.09987263573103,6.19813542309486,12.2980080588259
"233T-1","Tumor",6.08444386349138,6.13117290810346,12.2156167715948
"234T-1","Tumor",5.9621504199253,6.04521973649017,12.0073701564155
"238T-1","Tumor",6.19608847249754,6.24898675043928,12.4450752229368
"239T-1","Tumor",6.08710795994176,6.16612831254255,12.2532362724843
"240T-1","Tumor",6.01245539267509,6.05772756006805,12.0701829527431
"242T-1","Tumor",6.01750493222563,6.09095790747031,12.1084628396959
"244T-1","Tumor",6.04245840792921,6.068076765157,12.1105351730862
"245T-1","Tumor",6.07956639930137,6.16142419469423,12.2409905939956
"249T-1","Tumor",6.03378545793876,6.08246256514464,12.1162480230834
"252T-1","Tumor",6.0721752287289,6.14149878898143,12.2136740177103
"253T-1","Tumor",6.18198272464272,6.26870607101328,12.450688795656
"262T-1","Tumor",5.98754105696292,6.05790913443866,12.0454501914016
"265T-1","Tumor",6.04402317548932,6.09548064348496,12.1395038189743
"270T-1","Tumor",6.12857472022833,6.20243323334267,12.331007953571
"272T-1","Tumor",6.01658908319371,6.07156745841886,12.0881565416126
"275T-1","Tumor",6.00475355539791,6.07374334102772,12.0784968964256
"280T-1","Tumor",5.99301497314942,6.04068820896232,12.0337031821117
"282T-1","Tumor",6.19146200688861,6.20537277057488,12.3968347774635
"284T-1","Tumor",6.04181316477169,6.08760030144013,12.1294134662118
"285T-1","Tumor",6.05661394668399,6.11635080060577,12.1729647472898
"291T-1","Tumor",6.22057264100976,6.19103227404224,12.411604915052
"292T-1","Tumor",6.27331612242875,6.28420145832001,12.5575175807488
"293T-1","Tumor",6.0053251899616,6.07138395113243,12.076709141094
"295T-1","Tumor",6.03543133619262,6.08680668042782,12.1222380166204
"297T-1","Tumor",5.95212029524376,5.9918642011988,11.9439844964426
"300T-1","Tumor",6.00349509676043,6.1009060527819,12.1044011495423
"304T-1","Tumor",5.9214381480374,5.98574875266729,11.9071869007047
"305T-1","Tumor",6.04237676733899,6.13965497257839,12.1820317399174
"306T-1","Tumor",6.06246989211901,6.11080922311704,12.1732791152361
"309T-1","Tumor",6.18508272222115,6.22406278164866,12.4091455038698
"315T-1","Tumor",6.01932273850919,6.02901096492087,12.0483337034301
"318T-1","Tumor",6.01150276461628,6.04962406163378,12.0611268262501
"319T-1","Tumor",6.03502593349563,6.10577363022759,12.1407995637232
"320T-1","Tumor",6.10643318222279,6.18298519876871,12.2894183809915
"323T-1","Tumor",6.12267758637208,6.17756867637927,12.3002462627513
"326T-1","Tumor",5.93835737592168,6.0023156872744,11.9406730631961
"330T-1","Tumor",5.97683595525851,6.06018561747247,12.037021572731
"336T-1","Tumor",6.06557968963999,6.09617159835032,12.1617512879903
"337T-1","Tumor",6.13927824894742,6.14083702721804,12.2801152761655
"339T-1","Tumor",6.0623497365724,6.1252862492165,12.1876359857889
"341T-1","Tumor",6.04307627138537,6.17780650697886,12.2208827783642
"342T-1","Tumor",6.0364843349564,6.1587639383641,12.1952482733205
"343T-1","Tumor",6.04886427396029,6.07748749052582,12.1263517644861
"344T-1","Tumor",6.16137635349827,6.12073397774851,12.2821103312468
"345T-1","Tumor",6.02665880492267,6.14017347904412,12.1668322839668
"346T-1","Tumor",5.99581321535178,6.05003227290548,12.0458454882573
"347T-1","Tumor",6.00107259268578,6.04795105515379,12.0490236478396
"349T-1","Tumor",6.02414401532077,6.09857450331841,12.1227185186392
"350T-1","Tumor",6.05777004179053,6.12592076031729,12.1836908021078
"351T-1","Tumor",6.04722908961029,6.10534674108257,12.1525758306929
"353T-1","Tumor",5.93622214443998,6.02201087265971,11.9582330170997
"354T-1","Tumor",6.19226674266849,6.25082166491342,12.4430884075819
"355T-1","Tumor",6.10190847001481,6.12586817914882,12.2277766491636
"356T-1","Tumor",6.18746920146189,6.26615800837486,12.4536272098367
"357T-1","Tumor",6.07572758323747,6.12277084591827,12.1984984291557
"358T-1","Tumor",6.12549258511786,6.20650490901263,12.3319974941305
"359T-1","Tumor",5.96422925550445,6.04683883466021,12.0110680901647
"360T-1","Tumor",6.05917883138249,6.10720512146832,12.1663839528508
"361T-1","Tumor",6.0696257415976,6.09162379506826,12.1612495366659
"362T-1","Tumor",6.07050995228732,6.12466861435004,12.1951785666374
"363T-1","Tumor",6.05040490028792,6.11118602381736,12.1615909241053
"364T-1","Tumor",6.06527665105937,6.11277684609766,12.178053497157
"365T-1","Tumor",6.23969499258972,6.34869087503588,12.5883858676256
"366T-1","Tumor",5.94678843555448,6.02769830847786,11.9744867440323
"367T-1","Tumor",6.04085622015054,6.11792619026295,12.1587824104135
"368T-1","Tumor",5.99900427690437,6.02198151686552,12.0209857937699
"369T-1","Tumor",6.04435420692576,6.12583943428428,12.17019364121
"376T-1","Tumor",6.0930648829444,6.09998102217546,12.1930459051199
"377T-1","Tumor",6.0090887597996,6.03410456188088,12.0431933216805
"391T-1","Tumor",6.01589802352927,6.0899403055663,12.1058383290956
"392T-1","Tumor",6.00317337762864,6.06157092525627,12.0647443028849
"396T-1","Tumor",6.05584903778906,6.10969813380225,12.1655471715913
"400T-1","Tumor",6.00018106788271,6.09278603124909,12.0929670991318
"402T-1","Tumor",6.0328435011138,6.07882344486945,12.1116669459832
"404T-1","Tumor",6.09707124024669,6.11726230964347,12.2143335498902
"405T-1","Tumor",6.0472574181509,6.12293129903571,12.1701887171866
"407T-1","Tumor",5.93894995902161,5.98860975249624,11.9275597115179
"409T-1","Tumor",6.34387892983544,6.39450100166965,12.7383799315051
"410T-1","Tumor",6.09497078162918,6.15691253377818,12.2518833154074
"411T-1","Tumor",6.19170106557525,6.19586235076485,12.3875634163401
"413T-1","Tumor",6.00876613838736,6.07306857068205,12.0818347090694
"416T-1","Tumor",6.1227901347615,6.16706873196307,12.2898588667246
"417T-1","Tumor",6.08590022671875,6.1445954652268,12.2304956919455
"418T-1","Tumor",6.01147986876203,6.09107496339627,12.1025548321583
"422T-1","Tumor",6.10736852015966,6.07145814494053,12.1788266651002
"425T-1","Tumor",6.16774188869688,6.16348675673726,12.3312286454341
"426T-1","Tumor",6.02847357082503,6.06825145797165,12.0967250287967
"427T-1","Tumor",6.08274654549445,6.18810234508407,12.2708488905785
"430T-1","Tumor",5.94391767367902,5.9747501656284,11.9186678393074
"431T-1","Tumor",6.00401022541809,6.05581981740254,12.0598300428206
"434T-1","Tumor",6.19848181164729,6.26093836208337,12.4594201737307
"435T-1","Tumor",5.92180725661135,5.9640369865396,11.885844243151
"437T-1","Tumor",6.04938112568283,6.09805034787106,12.1474314735539
"439T-1","Tumor",6.03279006171445,6.11205333539033,12.1448433971048
"440T-1","Tumor",5.98661186039969,6.07054075463984,12.0571526150395
"441T-1","Tumor",6.15863710776652,6.15655458962586,12.3151916973924
"442T-1","Tumor",5.95508396341959,5.9669091378168,11.9219931012364
"443T-1","Tumor",5.96051471540621,6.0958413072796,12.0563560226858
"449T-1","Tumor",6.10442548143461,6.11246408962996,12.2168895710646
"451T-1","Tumor",6.06582076927861,6.13010478460614,12.1959255538847
"458T-1","Tumor",6.08533690641362,6.13776717661162,12.2231040830252
"6T-2","Tumor",6.13642288830258,6.14484362113065,12.2812665094332
"7T-2","Tumor",6.22968011245573,6.20354414099403,12.4332242534498
"9T-2","Tumor",5.92071327287564,6.0160191209033,11.9367323937789
"10T-2","Tumor",6.01834320262718,6.04241352342535,12.0607567260525
"11T-2","Tumor",6.02366328236352,6.08612709199586,12.1097903743594
"15T3-2","Tumor",5.98196262885788,6.08611602862557,12.0680786574835
"16.2T-2","Tumor",6.04625978074837,6.12495791801445,12.1712176987628
"17T-2","Tumor",6.11538922584636,6.18009586937154,12.2954850952179
"19T-2","Tumor",6.04317636155758,6.10510836078544,12.148284722343
"22T-2","Tumor",6.02223084882062,6.09706836168588,12.1192992105065
"23T-2","Tumor",6.10665487853687,6.2052692424016,12.3119241209385
"24T-2","Tumor",5.99024624981103,6.07734851144331,12.0675947612543
"25T-2","Tumor",6.14384667177101,6.16621084694294,12.310057518714
"27T-2","Tumor",6.12338674283992,6.16170389650365,12.2850906393436
"29T-2","Tumor",6.07069973805171,6.1374959025762,12.2081956406279
"33T-2","Tumor",6.01401659437943,6.0464081133153,12.0604247076947
"35T-2","Tumor",6.12936205028743,6.29876412224597,12.4281261725334
"37T-2","Tumor",6.00893076110797,6.07978092570566,12.0887116868136
"38T-2","Tumor",6.02396047066337,6.05257485616308,12.0765353268265
"40T-2","Tumor",6.0012279628457,6.04898386431301,12.0502118271587
"41T-2","Tumor",6.13310913995305,6.1243588665729,12.257468006526
"42T2-2","Tumor",6.06984260349879,6.13804780742553,12.2078904109243
"45T-2","Tumor",6.11004962789503,6.16096738289841,12.2710170107934
"46T-2","Tumor",6.105917381288,6.18126986342835,12.2871872447163
"54T2-2","Tumor",6.11718217853297,6.18100991385557,12.2981920923885
"59T-2","Tumor",5.98753651302241,6.06945517002386,12.0569916830463
"60T-2","Tumor",6.05599715691833,6.1372238328264,12.1932209897447
"61T-2","Tumor",6.09217247312302,6.17299615727014,12.2651686303932
"62T-2","Tumor",6.02508286083582,6.06331342740429,12.0883962882401
"63T-2","Tumor",6.01706881469869,6.0573173697659,12.0743861844646
"64T-2","Tumor",6.08685886662327,6.14057155570812,12.2274304223314
"69T-2","Tumor",5.93453613774929,6.00054200700042,11.9350781447497
"70T-2","Tumor",6.0404305186464,6.05323278526348,12.0936633039099
"74T-2","Tumor",6.04880319729799,6.09354084532885,12.1423440426268
"75T-2","Tumor",6.04688992757864,6.14162705083711,12.1885169784157
"78T1-2","Tumor",5.9996962808523,6.08559248846986,12.0852887693222
"78T2-2","Tumor",6.19833222613273,6.2276585395818,12.4259907657145
"81T-2","Tumor",6.26160574823166,6.31811536311427,12.5797211113459
"91T-2","Tumor",6.13884538256183,6.17440609882684,12.3132514813887
"93T-2","Tumor",6.19239293052566,6.22278550325035,12.415178433776
"98T-2","Tumor",6.09607686246258,6.15137052121127,12.2474473836738
"99T-2","Tumor",6.10613316833365,6.17854251789815,12.2846756862318
"100T-2","Tumor",6.17127385223835,6.2192170149524,12.3904908671907
"101T-2","Tumor",6.00137651637304,6.10356285231257,12.1049393686856
"103T-2","Tumor",6.15808405374586,6.20626739454025,12.3643514482861
"105T-2","Tumor",6.0576108683276,6.1686729725199,12.2262838408475
"107T-2","Tumor",6.12609789391577,6.14474561647044,12.2708435103862
"111T-2","Tumor",6.15169907105817,6.20644046913236,12.3581395401905
"114T-2","Tumor",6.0805923280302,6.13801430830361,12.2186066363338
"119T-2","Tumor",6.09119224139196,6.14744013655734,12.2386323779493
"123T-2","Tumor",6.0906912264042,6.16053528301309,12.2512265094173
"125T-2","Tumor",6.07118553465665,6.17237989315728,12.2435654278139
"126T1-2","Tumor",6.03453340400696,6.11590421193456,12.1504376159415
"127T-2","Tumor",5.96075738786653,6.01137635172721,11.9721337395937
"129T-2","Tumor",6.09426727641534,6.1657806269377,12.260047903353
"131T-2","Tumor",5.98552751446208,6.05364185708467,12.0391693715467
"134T-2","Tumor",6.10727567165614,6.15864191347355,12.2659175851297
"140T-2","Tumor",6.04743510524679,6.07799639339018,12.125431498637
"141T-2","Tumor",6.228808264615,6.38196638913972,12.6107746537547
"144T-2","Tumor",6.03845544778674,6.09108774415251,12.1295431919393
"147T-2","Tumor",6.10268855464395,6.20112419678507,12.303812751429
"151T-2","Tumor",6.03310339918975,6.07101891444639,12.1041223136361
"161T-2","Tumor",6.22168330331537,6.26690172560886,12.4885850289242
"163T-2","Tumor",6.03065512376976,6.09600290531207,12.1266580290818
"166T-2","Tumor",6.07524488535149,6.13919592270036,12.2144408080519
"167T-2","Tumor",6.05408514836458,6.1660714121286,12.2201565604932
"177T-2","Tumor",6.05487975009403,6.11763278622124,12.1725125363153
"185T-2","Tumor",6.08187812740919,6.16176112457388,12.2436392519831
"188T-2","Tumor",6.14775418454572,6.19348646987881,12.3412406544245
"203T-2","Tumor",6.10108507383975,6.21752973694364,12.3186148107834
"207T-2","Tumor",5.94834125798959,6.00211714712018,11.9504584051098
"210T1-2","Tumor",6.01853254015698,6.06287849116941,12.0814110313264
"211T-2","Tumor",6.05689866755431,6.14461769654996,12.2015163641043
"220T-2","Tumor",6.00461454988679,6.09372129165306,12.0983358415399
"221T-2","Tumor",6.12553668691859,6.13617025154031,12.2617069384589
"233T-2","Tumor",5.95757561618754,6.0934302295438,12.0510058457313
"234T-2","Tumor",6.02743383652523,6.06829451932843,12.0957283558537
"235T-2","Tumor",5.96320671596694,5.99180894055164,11.9550156565186
"237T-2","Tumor",6.02538622059379,6.09080885200944,12.1161950726032
"239T-2","Tumor",5.98927595871606,6.03326105277242,12.0225370114885
"240T-2","Tumor",6.01862427937395,6.08537957350564,12.1040038528796
"255T-2","Tumor",5.97245977191345,6.03012424379928,12.0025840157127
"256T-2","Tumor",6.0508293317043,6.03912175010468,12.089951081809
"257T-2","Tumor",5.98181835686803,6.0733293456193,12.0551477024873
"258T-2","Tumor",6.05068134984484,6.08333768047679,12.1340190303216
"262T-2","Tumor",6.07639195905758,6.13596559823878,12.2123575572964
"269T-2","Tumor",6.03184205531304,6.05227316251175,12.0841152178248
"270T-2","Tumor",5.96491995231313,5.99398435521171,11.9589043075248
"271T-2","Tumor",6.04422705961395,6.09026489688909,12.134491956503
"272T-2","Tumor",6.02692773667329,6.09984304625527,12.1267707829286
"273T-2","Tumor",5.96244196914179,6.03262336770943,11.9950653368512
"274T-2","Tumor",6.05199205943449,6.16367150446486,12.2156635638993
"276T-2","Tumor",6.08643921842324,6.10608079111204,12.1925200095353
"288T-2","Tumor",6.05755491043011,6.14019104227611,12.1977459527062
"290T-2","Tumor",6.17353752502325,6.12354925069663,12.2970867757199
"292T-2","Tumor",6.10756452438953,6.18075578829825,12.2883203126878
"299T-2","Tumor",5.90401457302083,5.95456089938178,11.8585754724026
"300T-2","Tumor",6.22001610460175,6.37042589396918,12.5904419985709
"301T-2","Tumor",6.10773402648665,6.15227962659617,12.2600136530828
"306T-2","Tumor",6.06965322677424,6.13690864657642,12.2065618733507
"308T-2","Tumor",6.06633754794308,6.0983850863061,12.1647226342492
"309T-2","Tumor",6.09270205503539,6.11092497730205,12.2036270323374
"310T-2","Tumor",6.1359570746441,6.21380391515007,12.3497609897942
"312T-2","Tumor",6.08971459193905,6.1984030470408,12.2881176389799
"316T-2","Tumor",5.94861864422465,6.01291547657054,11.9615341207952
"323T-2","Tumor",6.13665796385841,6.15195168203628,12.2886096458947
"3N-1","Normal",-1.92978553369272,5.88209807196971,3.95231253827699
"4N-1","Normal",-4.39346209356012,5.91816621669001,1.52470412312989
"5N-1","Normal",-4.43544830529603,5.87496640436752,1.43951809907149
"6N-1","Normal",-4.25493273090404,6.06189385006061,1.80696111915657
"7N-1","Normal",-4.16571601310592,6.13169636242833,1.96598034932241
"8N-1","Normal",-4.35450589175968,5.9606536471308,1.60614775537112
"10N-1","Normal",-4.35336309772416,5.97049026988405,1.61712717215989
"11N-1","Normal",-4.39938435189861,5.90663327597685,1.50724892407824
"27N-1","Normal",-4.18556594382403,6.12710987977965,1.94154393595562
"28N-1","Normal",-4.24162864738063,6.03679128019252,1.79516263281189
"29N-1","Normal",-4.3109295079689,5.99152342721507,1.68059391924617
"33N-1","Normal",-4.37103975670861,5.91789982543045,1.54686006872184
"36N-1","Normal",-4.35756155687846,5.96733165003946,1.60977009316101
"37N-1","Normal",-4.32511492156382,6.00666410498152,1.6815491834177
"67N-1","Normal",-4.38208120148454,5.91864205456216,1.53656085307762
"68N-1","Normal",-4.28714516683408,6.01517714993905,1.72803198310497
"71N-1","Normal",-4.46145282948675,5.83635505503042,1.37490222554367
"76N-1","Normal",-4.27782345471599,6.03433847247261,1.75651501775661
"77N-1","Normal",-4.31508170284353,6.00169522671693,1.6866135238734
"78N-1","Normal",-4.35965913812039,5.9704910787452,1.61083194062481
"80N-1","Normal",-2.69532099750614,5.90513674411837,3.20981574661223
"81N-1","Normal",-4.33995268294449,5.96847019211049,1.628517509166
"82N-1","Normal",-4.27555842151807,6.02212367654066,1.74656525502259
"83N asai-1","Normal",-4.34246029060569,5.93941188620303,1.59695159559734
"83N matsu-1","Normal",-4.35508998362545,5.97484162405689,1.61975164043144
"84N-1","Normal",-4.34393480538205,5.96923986237983,1.62530505699779
"85N-1","Normal",-4.30652585276468,6.00172299990051,1.69519714713583
"88N-1","Normal",-4.38114178560733,5.92314640985627,1.54200462424894
"89N-1","Normal",-2.16277928745933,5.8487032944873,3.68592400702797
"90N-1","Normal",-4.33757640324125,5.97880718411279,1.64123078087153
"91N-1","Normal",-4.44419296538229,5.87109292185838,1.42689995647609
"92N-1","Normal",-4.27231427638412,6.03244136213623,1.76012708575212
"93N-1","Normal",-4.33069605143537,5.98915042112907,1.6584543696937
"94N-1","Normal",-4.22932216193471,6.09724330084363,1.86792113890893
"95N-1","Normal",-4.42326837024178,5.88819661896868,1.4649282487269
"96N-1","Normal",-4.44051083518361,5.8738611371172,1.4333503019336
"98N-1","Normal",-4.34963056178878,5.97827969707269,1.62864913528391
"99N-1","Normal",-2.31042901361277,6.01387211946322,3.70344310585045
"100N-1","Normal",-4.26606415759136,6.04185372173573,1.77578956414437
"101N-1","Normal",-4.24233291088518,6.07547490617452,1.83314199528934
"102N-1","Normal",-4.34286945154045,5.97164689296646,1.62877744142601
"104N-1","Normal",-4.33162118376013,5.97572400622026,1.64410282246013
"106N-1","Normal",-4.28431276972414,6.01331252792232,1.72899975819818
"107N-1","Normal",-4.3688838579721,5.9614020925877,1.5925182346156
"108N-1","Normal",-4.31686947309437,6.01682178069053,1.69995230759616
"109N-1","Normal",-4.34383085823577,5.93034545566377,1.586514597428
"110N-1","Normal",-4.31082059184636,6.006427681416,1.69560708956964
"111N1-1","Normal",-4.33400146872523,5.9761272915638,1.64212582283857
"111-N2-1","Normal",-4.40097577865626,5.91113311613811,1.51015733748185
"112N-1","Normal",-4.40500577681388,5.8949768806166,1.48997110380272
"113N-1","Normal",-4.29536051574798,6.00852223668154,1.71316172093357
"114N-1","Normal",-4.31384931294434,5.99488653700315,1.68103722405881
"115N-1","Normal",-4.35413130119363,5.95152893061393,1.5973976294203
"116N-1","Normal",-4.34588359445901,5.96564900376493,1.61976540930592
"117N-1","Normal",-4.36507525987336,5.93027948125682,1.56520422138346
"118N-1","Normal",-4.1979145954044,6.10144741286407,1.90353281745967
"119N-1","Normal",-4.37975035150036,5.93138486600088,1.55163451450052
"120N-1","Normal",-4.33203117083049,5.98222888708478,1.65019771625429
"121N-1","Normal",-4.3567506120526,5.9464525859037,1.5897019738511
"122N-1","Normal",-4.3280844802455,5.97847829372005,1.65039381347455
"123N-1","Normal",-4.28062216831331,6.03096683769321,1.7503446693799
"124N-1","Normal",-4.29222342195761,6.02791781578293,1.73569439382531
"125N-1","Normal",-2.16381596769121,5.89038763606716,3.72657166837595
"126N-1","Normal",-4.26803247867095,6.01872753577664,1.7506950571057
"127N-1","Normal",-4.38747340975106,5.91455360826126,1.52708019851019
"128N-1","Normal",-4.33732582276882,5.96378584091536,1.62646001814655
"129N-1","Normal",-4.34559183035017,5.96445270645281,1.61886087610264
"130N-1","Normal",-4.29924551887811,6.02521209974276,1.72596658086465
"131N-1","Normal",-3.98808469560655,6.38240574860196,2.39432105299541
"132N-1","Normal",-4.26829330838314,6.07225399806753,1.80396068968439
"133N-1","Normal",-4.34006413136404,5.96113142727473,1.62106729591069
"134N-1","Normal",-4.31126551129012,6.00336698743563,1.69210147614552
"135N-1","Normal",-4.36944270668645,5.94975398097894,1.58031127429249
"136N-1","Normal",-4.26080600534166,6.02084344947544,1.76003744413379
"137N-1","Normal",-4.45405143190301,5.8611462916545,1.4070948597515
"138N-1","Normal",-4.47214735295103,5.82438225061836,1.35223489766733
"139N-1","Normal",-4.22305171212645,6.0491647799401,1.82611306781365
"140N-1","Normal",-4.35004968482222,5.97955112236118,1.62950143753896
"141N-1","Normal",-4.30159176422036,6.01643631295231,1.71484454873195
"142N-1","Normal",-4.33621871137679,5.96185330495517,1.62563459357838
"144N-1","Normal",-4.34356478123532,5.96852144976984,1.62495666853452
"145N-1","Normal",-4.36878323994365,5.94792518342929,1.57914194348564
"146N-1","Normal",-4.33521867872971,5.97768887218745,1.64247019345773
"147N-1","Normal",-3.93034642497808,6.37433191126309,2.443985486285
"148N-1","Normal",-4.37836935369664,5.92434016443202,1.54597081073538
"149N-1","Normal",-4.34202771971033,5.94533235717591,1.60330463746557
"150N-1","Normal",-4.32707741267843,5.96136281466081,1.63428540198238
"151N-1","Normal",-4.45518745536644,5.8446282499176,1.38944079455116
"152N-1","Normal",-4.36866931242901,5.95803279878262,1.58936348635361
"153N-1","Normal",-4.30896538241819,5.99962775147729,1.6906623690591
"154N-1","Normal",-4.33300590847635,5.98380163978378,1.65079573130743
"155N-1","Normal",-4.0716517642863,6.18270985485554,2.11105809056923
"156N-1","Normal",-4.27690271262699,6.02930038997858,1.75239767735159
"157N-1","Normal",-4.28419057171257,6.04700846239692,1.76281789068435
"158N-1","Normal",-4.32472164018116,5.9763715445645,1.65164990438334
"159N-1","Normal",-4.42703981657727,5.89461686605505,1.46757704947778
"160N-1","Normal",-4.24034336025341,6.07267392831632,1.83233056806291
"161N-1","Normal",-4.33398888939524,5.95359972925743,1.61961083986219
"162N-1","Normal",-4.36170628841287,5.93604758506221,1.57434129664935
"163N-1","Normal",-4.32893466398897,5.97104050267633,1.64210583868736
"164N-1","Normal",-4.36516927493205,5.95109120188364,1.58592192695159
"165N-1","Normal",-4.343912453537,5.96197040822896,1.61805795469197
"166N-1","Normal",-4.29504152273035,6.03223911680091,1.73719759407056
"168N-1","Normal",-4.32496484305944,5.98183209487058,1.65686725181114
"174N-1","Normal",-4.22054457911081,6.13248713701778,1.91194255790697
"187N-1","Normal",-4.17909801780432,6.14516071451439,1.96606269671006
"196N-1","Normal",-4.25016481099662,6.05444757526776,1.80428276427113
"197N-1","Normal",-4.36239107483176,5.94674586996281,1.58435479513106
"206N-1","Normal",-4.31253833960339,6.00081132033812,1.68827298073473
"208N-1","Normal",-4.29604848336673,5.99324499234098,1.69719650897424
"210N-1","Normal",-4.24066445912621,6.05879546369404,1.81813100456782
"213N-1","Normal",-4.36874029988939,5.92798935068623,1.55924905079683
"214N-1","Normal",-2.60443333973215,5.96308234544863,3.35864900571647
"217N-1","Normal",-4.36417435669802,5.93250650795083,1.56833215125281
"225N-1","Normal",-4.303027570779,6.01061278784963,1.70758521707063
"228N-1","Normal",-4.32477030575417,5.98782746144056,1.66305715568639
"232N-1","Normal",-4.32169729845318,5.98004902803989,1.65835172958671
"233N-1","Normal",-4.25766020530728,6.07462821208687,1.81696800677959
"234N-1","Normal",-4.31812280598461,5.98476603553874,1.66664322955413
"238N-1","Normal",-4.24900059212161,6.06458637941579,1.81558578729418
"239N-1","Normal",-4.38846329033438,5.9136043927069,1.52514110237251
"240N-1","Normal",-4.45336792747168,5.86241066155168,1.40904273407999
"242N-1","Normal",-4.30429920269491,6.02671355571466,1.72241435301975
"244N-1","Normal",-4.33490481661918,5.97286011434489,1.63795529772571
"245N-1","Normal",-4.36251311853704,5.96914629259033,1.60663317405329
"249N-1","Normal",-4.35645320890411,5.94522320357766,1.58876999467355
"252N-1","Normal",-4.37647078739783,5.93663163371097,1.56016084631314
"253N-1","Normal",-4.3109994830154,6.00702471284618,1.69602522983077
"262N-1","Normal",-4.3240409729721,5.98251876844374,1.65847779547164
"265N-1","Normal",-4.33109728118323,5.96900601929086,1.63790873810763
"270N-1","Normal",-4.25063674583484,6.05087243033555,1.80023568450071
"272N-1","Normal",-4.35179395951134,5.92559413871222,1.57380017920088
"275N-1","Normal",-4.32575013853502,5.96524458934382,1.6394944508088
"280N-1","Normal",-4.28510988248157,6.02606042615073,1.74095054366916
"282N-1","Normal",-4.20527846350564,6.07846763449931,1.87318917099368
"284N-1","Normal",-4.25959581573991,6.0548541142885,1.79525829854859
"285N-1","Normal",-4.28576995781417,6.02378684124503,1.73801688343086
"291N-1","Normal",-4.41332910865191,5.9107968288408,1.49746772018889
"292N-1","Normal",-4.30900029284787,5.99655318708783,1.68755289423996
"293N-1","Normal",-4.24767804899151,6.06380892113341,1.81613087214191
"295N-1","Normal",-4.25322336537995,6.0456413423697,1.79241797698975
"297N-1","Normal",-4.36159145273354,5.95924168673189,1.59765023399836
"300N-1","Normal",-4.25395357910871,6.05817806806776,1.80422448895904
"304N-1","Normal",-4.36100869519415,5.94037774481589,1.57936904962174
"305N-1","Normal",-4.25716138414309,6.05604732919045,1.79888594504737
"306N-1","Normal",-4.29849680801104,6.02231087934554,1.7238140713345
"309N-1","Normal",-4.05505472562217,6.26514404534897,2.2100893197268
"315N-1","Normal",-4.29221081974357,6.00511326244567,1.7129024427021
"318N-1","Normal",-4.44302056297311,5.85603530889711,1.413014745924
"319N-1","Normal",-4.31940961994247,5.96873351877856,1.64932389883609
"320N-1","Normal",-4.29932161010754,5.99260153076074,1.69327992065321
"323N-1","Normal",-4.2139555035782,6.07525521856771,1.86129971498951
"326N-1","Normal",-4.25633650589539,6.04668251106696,1.79034600517157
"330N-1","Normal",-4.267704239752,6.04253829339259,1.77483405364059
"336N-1","Normal",-4.21117999204386,6.07334376099366,1.8621637689498
"337N-1","Normal",-4.25888454285138,6.03151195990432,1.77262741705294
"339N-1","Normal",-4.41872021351773,5.86948539662887,1.45076518311114
"341N-1","Normal",-4.25937935577567,6.05341930651183,1.79403995073616
"342N-1","Normal",-4.33397527295203,5.98832973236408,1.65435445941205
"343N-1","Normal",-4.33291166187894,5.9852056648525,1.65229400297357
"344N-1","Normal",-1.85915694310375,5.99775648501454,4.13859954191079
"345N-1","Normal",-4.28724645107969,6.05326564688573,1.76601919580604
"346N-1","Normal",-4.3801007971406,5.9354666340607,1.5553658369201
"347N-1","Normal",-4.34427181961328,5.93035714385828,1.586085324245
"349N-1","Normal",-4.23752417983384,6.08345428334446,1.84593010351062
"350N-1","Normal",-1.97816951941705,5.94045160029761,3.96228208088056
"351N-1","Normal",-4.17392317102657,6.11295959928523,1.93903642825866
"353N-1","Normal",-4.25247993562106,6.03649354211974,1.78401360649868
"354N-1","Normal",-4.30140078111343,6.02409019682419,1.72268941571076
"355N-1","Normal",-4.21111337579585,6.14573290150289,1.93461952570704
"356N-1","Normal",-1.39013449430671,5.89042307471761,4.50028858041091
"357N-1","Normal",-4.20665604695898,6.07181466802577,1.86515862106679
"358N-1","Normal",-4.3164955710251,6.00628646821393,1.68979089718883
"359N-1","Normal",-4.24222735510676,6.07716474046121,1.83493738535446
"360N-1","Normal",-4.15380882043265,6.14504584433233,1.99123702389968
"361N-1","Normal",-4.49307482058777,5.82158237347918,1.32850755289142
"362N-1","Normal",-4.30920520399007,5.97683359448227,1.6676283904922
"363N-1","Normal",-4.29457480784101,6.01205539097053,1.71748058312953
"364N-1","Normal",-4.32220919976159,5.97083157752182,1.64862237776022
"365N-1","Normal",-4.20522358231858,6.14828048128993,1.94305689897135
"366N-1","Normal",-4.33809852026841,5.97533502384617,1.63723650357776
"367N-1","Normal",-4.37663844390395,5.93319743835934,1.55655899445538
"368N-1","Normal",-4.25761420036672,6.02033556219634,1.76272136182962
"369N-1","Normal",-4.30780807266825,6.00075832965213,1.69295025698388
"376N-1","Normal",-4.30138671196925,6.01014477519841,1.70875806322916
"377N-1","Normal",-4.24415766458687,6.04313779053306,1.79898012594619
"391N-1","Normal",-4.22241504178,6.07724489417759,1.85482985239759
"392N-1","Normal",-4.13714019409276,6.16435157332847,2.02721137923571
"396N-1","Normal",-4.13715142927949,6.17137172651069,2.0342202972312
"400N-1","Normal",-4.12970683886264,6.14468869861657,2.01498185975393
"402N-1","Normal",-4.40352899420698,5.88607818102654,1.48254918681957
"404N-1","Normal",-4.36650526611633,5.94391887776602,1.5774136116497
"405N-1","Normal",-4.26482046402316,6.01804886796073,1.75322840393757
"407N-1","Normal",-4.3355367346357,5.96355843501989,1.62802170038419
"409N-1","Normal",-4.22987987765112,6.08113605886509,1.85125618121396
"410N-1","Normal",-4.23281494907542,6.06463692401769,1.83182197494228
"411N-1","Normal",-4.29732260799132,6.0093542515878,1.71203164359648
"413N-1","Normal",-4.32012561033379,5.9920255038338,1.67189989350001
"416N-1","Normal",-4.46080913305768,5.86352412079284,1.40271498773516
"417N-1","Normal",-4.09016651625656,6.19583519218059,2.10566867592403
"418N-1","Normal",-4.14049664548294,6.1903771095126,2.04988046402966
"422N-1","Normal",-4.23405917174193,6.06386589660223,1.8298067248603
"425N-1","Normal",-4.31360256427634,6.02135457531942,1.70775201104308
"426N-1","Normal",-4.32929578248085,5.9696561006435,1.64036031816265
"427N-1","Normal",-4.28048178382483,5.9833214708739,1.70283968704907
"430N-1","Normal",-4.19297482709541,6.12139251432971,1.9284176872343
"431N-1","Normal",-4.23057901029614,6.07313801299882,1.84255900270269
"434N-1","Normal",-4.27593657628452,6.03259174859045,1.75665517230593
"435N-1","Normal",-4.23802176768437,6.08298172800338,1.84495996031901
"437N-1","Normal",-4.38083588045689,5.92067971864308,1.53984383818619
"439N-1","Normal",-4.2585516704271,6.05508221949125,1.79653054906415
"440N-1","Normal",-4.15486611293091,6.10975913453978,1.95489302160887
"441N-1","Normal",-4.31954080669142,5.98725267131298,1.66771186462156
"442N-1","Normal",-4.28282489945246,6.02980729921557,1.74698239976311
"443N-1","Normal",-4.30070618540715,6.00533465890912,1.70462847350197
"449N-1","Normal",-3.96321718587629,6.39073709128072,2.42751990540443
"451N-1","Normal",-4.27666823213932,6.0498134737724,1.77314524163308
"458N-1","Normal",-4.36353041805006,5.94413334681484,1.58060292876478
"16.2N-2","Normal",-1.60018159488128,6.006015690824,4.40583409594272
