taxon,TCGA-3M-AB46-01A,TCGA-3M-AB47-01A,TCGA-B7-5816-01A,TCGA-B7-5818-01A,TCGA-B7-A5TI-01A,TCGA-B7-A5TJ-01A,TCGA-B7-A5TK-01A,TCGA-B7-A5TN-01A,TCGA-BR-4183-01A,TCGA-BR-4183-11A,TCGA-BR-4184-01A,TCGA-BR-4184-11A,TCGA-BR-4187-01A,TCGA-BR-4187-11A,TCGA-BR-4188-01A,TCGA-BR-4188-11A,TCGA-BR-4191-01A,TCGA-BR-4191-11A,TCGA-BR-4201-01A,TCGA-BR-4201-11A,TCGA-BR-4253-01A,TCGA-BR-4253-11A,TCGA-BR-4255-01A,TCGA-BR-4255-11A,TCGA-BR-4256-01A,TCGA-BR-4256-11A,TCGA-BR-4257-01A,TCGA-BR-4257-11A,TCGA-BR-4267-01A,TCGA-BR-4267-11A,TCGA-BR-4279-01A,TCGA-BR-4279-11A,TCGA-BR-4280-01A,TCGA-BR-4280-11A,TCGA-BR-4292-01A,TCGA-BR-4292-11A,TCGA-BR-4294-01A,TCGA-BR-4294-11A,TCGA-BR-4357-01A,TCGA-BR-4357-11A,TCGA-BR-4361-01A,TCGA-BR-4361-11A,TCGA-BR-4362-01A,TCGA-BR-4362-11A,TCGA-BR-4363-01A,TCGA-BR-4363-11A,TCGA-BR-4366-01A,TCGA-BR-4366-11A,TCGA-BR-4367-11A,TCGA-BR-4368-01A,TCGA-BR-4368-11A,TCGA-BR-4369-01A,TCGA-BR-4369-11A,TCGA-BR-4370-01A,TCGA-BR-4370-11A,TCGA-BR-4371-01A,TCGA-BR-4371-11A,TCGA-BR-6452-01A,TCGA-BR-6452-11A,TCGA-BR-6453-01A,TCGA-BR-6453-11A,TCGA-BR-6454-01A,TCGA-BR-6454-11A,TCGA-BR-6455-01A,TCGA-BR-6456-01A,TCGA-BR-6456-11A,TCGA-BR-6457-01A,TCGA-BR-6457-11A,TCGA-BR-6458-01A,TCGA-BR-6458-11A,TCGA-BR-6563-01A,TCGA-BR-6564-01A,TCGA-BR-6564-11A,TCGA-BR-6565-01A,TCGA-BR-6566-01A,TCGA-BR-6566-11A,TCGA-BR-6705-01A,TCGA-BR-6706-01A,TCGA-BR-6706-11A,TCGA-BR-6707-01A,TCGA-BR-6709-01A,TCGA-BR-6709-11A,TCGA-BR-6710-01A,TCGA-BR-6710-11A,TCGA-BR-6801-01A,TCGA-BR-6802-01A,TCGA-BR-6802-11A,TCGA-BR-6803-01A,TCGA-BR-6803-11A,TCGA-BR-6852-01A,TCGA-BR-6852-11A,TCGA-BR-7196-01A,TCGA-BR-7197-01A,TCGA-BR-7197-11A,TCGA-BR-7703-01A,TCGA-BR-7703-11A,TCGA-BR-7704-01A,TCGA-BR-7704-11A,TCGA-BR-7707-01A,TCGA-BR-7715-01A,TCGA-BR-7715-11A,TCGA-BR-7716-01A,TCGA-BR-7716-11A,TCGA-BR-7717-01A,TCGA-BR-7717-11A,TCGA-BR-7722-01A,TCGA-BR-7723-01A,TCGA-BR-7851-01A,TCGA-BR-7851-11A,TCGA-BR-7901-01A,TCGA-BR-7957-01A,TCGA-BR-7957-11A,TCGA-BR-7958-01A,TCGA-BR-7959-01A,TCGA-BR-8058-01A,TCGA-BR-8059-01A,TCGA-BR-8060-01A,TCGA-BR-8077-01A,TCGA-BR-8078-01A,TCGA-BR-8080-01A,TCGA-BR-8081-01A,TCGA-BR-8284-01A,TCGA-BR-8285-01A,TCGA-BR-8286-01A,TCGA-BR-8289-01A,TCGA-BR-8291-01A,TCGA-BR-8295-01A,TCGA-BR-8296-01A,TCGA-BR-8297-01A,TCGA-BR-8360-01A,TCGA-BR-8361-01A,TCGA-BR-8362-01A,TCGA-BR-8363-01A,TCGA-BR-8364-01A,TCGA-BR-8365-01A,TCGA-BR-8366-01A,TCGA-BR-8367-01A,TCGA-BR-8368-01A,TCGA-BR-8369-01A,TCGA-BR-8370-01A,TCGA-BR-8371-01A,TCGA-BR-8372-01A,TCGA-BR-8373-01A,TCGA-BR-8380-01A,TCGA-BR-8381-01A,TCGA-BR-8382-01A,TCGA-BR-8384-01A,TCGA-BR-8483-01A,TCGA-BR-8484-01A,TCGA-BR-8485-01A,TCGA-BR-8486-01A,TCGA-BR-8487-01A,TCGA-BR-8588-01A,TCGA-BR-8589-01A,TCGA-BR-8590-01A,TCGA-BR-8591-01A,TCGA-BR-8592-01A,TCGA-BR-8676-01A,TCGA-BR-8677-01A,TCGA-BR-8678-01A,TCGA-BR-8679-01A,TCGA-BR-8680-01A,TCGA-BR-8682-01A,TCGA-BR-8683-01A,TCGA-BR-8686-01A,TCGA-BR-8687-01A,TCGA-BR-8690-01A,TCGA-BR-A44T-01A,TCGA-BR-A44U-01A,TCGA-BR-A452-01A,TCGA-BR-A453-01A,TCGA-BR-A4CQ-01A,TCGA-BR-A4CR-01A,TCGA-BR-A4CS-01A,TCGA-BR-A4IU-01A,TCGA-BR-A4IV-01A,TCGA-BR-A4IY-01A,TCGA-BR-A4IZ-01A,TCGA-BR-A4J1-01A,TCGA-BR-A4J2-01A,TCGA-BR-A4J4-01A,TCGA-BR-A4J5-01A,TCGA-BR-A4J6-01A,TCGA-BR-A4J7-01A,TCGA-BR-A4J8-01A,TCGA-BR-A4J9-01A,TCGA-BR-A4PD-01A,TCGA-BR-A4PE-01A,TCGA-BR-A4PF-01A,TCGA-BR-A4QI-01A,TCGA-BR-A4QL-01A,TCGA-BR-A4QM-01A,TCGA-CD-5798-01A,TCGA-CD-5799-01A,TCGA-CD-5800-01A,TCGA-CD-5801-01A,TCGA-CD-5802-01A,TCGA-CD-5803-01A,TCGA-CD-5804-01A,TCGA-CD-5813-01A,TCGA-CD-8524-01A,TCGA-CD-8525-01A,TCGA-CD-8526-01A,TCGA-CD-8527-01A,TCGA-CD-8528-01A,TCGA-CD-8529-01A,TCGA-CD-8530-01A,TCGA-CD-8531-01A,TCGA-CD-8532-01A,TCGA-CD-8533-01A,TCGA-CD-8534-01A,TCGA-CD-8535-01A,TCGA-CD-8536-01A,TCGA-CD-A486-01A,TCGA-CD-A487-01A,TCGA-CD-A489-01A,TCGA-CD-A48A-01A,TCGA-CD-A48C-01A,TCGA-CD-A4MG-01A,TCGA-CD-A4MH-01A,TCGA-CD-A4MI-01A,TCGA-CD-A4MJ-01A,TCGA-CG-4300-01A,TCGA-CG-4301-01A,TCGA-CG-4304-01A,TCGA-CG-4305-01A,TCGA-CG-4306-01A,TCGA-CG-4436-01A,TCGA-CG-4437-01A,TCGA-CG-4438-01A,TCGA-CG-4440-01A,TCGA-CG-4441-01A,TCGA-CG-4442-01A,TCGA-CG-4443-01A,TCGA-CG-4444-01A,TCGA-CG-4449-01A,TCGA-CG-4455-01A,TCGA-CG-4460-01A,TCGA-CG-4462-01A,TCGA-CG-4465-01A,TCGA-CG-4466-01A,TCGA-CG-4469-01A,TCGA-CG-4474-01A,TCGA-CG-4475-01A,TCGA-CG-4476-01A,TCGA-CG-4477-01A,TCGA-CG-5716-01A,TCGA-CG-5717-01A,TCGA-CG-5718-01A,TCGA-CG-5719-01A,TCGA-CG-5720-01A,TCGA-CG-5720-11A,TCGA-CG-5721-01A,TCGA-CG-5721-11A,TCGA-CG-5722-01A,TCGA-CG-5722-11A,TCGA-CG-5723-01A,TCGA-CG-5723-11A,TCGA-CG-5724-01A,TCGA-CG-5724-11A,TCGA-CG-5725-01A,TCGA-CG-5725-11A,TCGA-CG-5726-01A,TCGA-CG-5726-11A,TCGA-CG-5727-01A,TCGA-CG-5727-11A,TCGA-CG-5728-01A,TCGA-CG-5728-11A,TCGA-CG-5730-01A,TCGA-CG-5730-11A,TCGA-CG-5732-01A,TCGA-CG-5732-11A,TCGA-CG-5733-01A,TCGA-CG-5733-11A,TCGA-CG-5734-01A,TCGA-CG-5734-11A,TCGA-D7-5577-01A,TCGA-D7-5578-01A,TCGA-D7-5579-01A,TCGA-D7-6518-01A,TCGA-D7-6519-01A,TCGA-D7-6520-01A,TCGA-D7-6521-01A,TCGA-D7-6522-01A,TCGA-D7-6524-01A,TCGA-D7-6525-01A,TCGA-D7-6526-01A,TCGA-D7-6527-01A,TCGA-D7-6528-01A,TCGA-D7-6815-01A,TCGA-D7-6817-01A,TCGA-D7-6818-01A,TCGA-D7-6820-01A,TCGA-D7-6822-01A,TCGA-D7-8570-01A,TCGA-D7-8572-01A,TCGA-D7-8573-01A,TCGA-D7-8574-01A,TCGA-D7-8575-01A,TCGA-D7-8576-01A,TCGA-D7-8578-01A,TCGA-D7-8579-01A,TCGA-D7-A4YT-01A,TCGA-D7-A4YU-01A,TCGA-D7-A4YV-01A,TCGA-D7-A4YX-01A,TCGA-D7-A4YY-01A,TCGA-D7-A4Z0-01A,TCGA-D7-A6ET-01A,TCGA-D7-A6EV-01A,TCGA-D7-A6EX-01A,TCGA-D7-A6EY-01A,TCGA-D7-A6EZ-01A,TCGA-D7-A6F0-01A,TCGA-D7-A6F2-01A,TCGA-D7-A747-01A,TCGA-D7-A748-01A,TCGA-D7-A74A-01A,TCGA-D7-A74B-01A,TCGA-EQ-5647-01A,TCGA-EQ-5647-11A,TCGA-EQ-8122-01A,TCGA-EQ-A4SO-01A,TCGA-EQ-A4SO-11A,TCGA-F1-6177-01A,TCGA-F1-6874-01A,TCGA-F1-6875-01A,TCGA-F1-6875-11A,TCGA-F1-A448-01A,TCGA-F1-A72C-01A,TCGA-FP-7735-01A,TCGA-FP-7735-11A,TCGA-FP-7829-01A,TCGA-FP-7829-11A,TCGA-FP-7916-01A,TCGA-FP-7998-01A,TCGA-FP-8099-01A,TCGA-FP-8209-01A,TCGA-FP-8209-11A,TCGA-FP-8210-01A,TCGA-FP-8210-11A,TCGA-FP-8211-01A,TCGA-FP-8631-01A,TCGA-FP-A4BE-01A,TCGA-FP-A4BE-11A,TCGA-FP-A4BF-01A,TCGA-FP-A8CX-01A,TCGA-FP-A9TM-01A,TCGA-HF-7131-01A,TCGA-HF-7132-01A,TCGA-HF-7133-01A,TCGA-HF-7134-01A,TCGA-HF-7136-01A,TCGA-HF-A5NB-01A,TCGA-HJ-7597-01A,TCGA-HU-8238-01A,TCGA-HU-8243-01A,TCGA-HU-8244-01A,TCGA-HU-8245-01A,TCGA-HU-8249-01A,TCGA-HU-8602-01A,TCGA-HU-8602-11A,TCGA-HU-8604-01A,TCGA-HU-8604-11A,TCGA-HU-8608-01A,TCGA-HU-8608-11A,TCGA-HU-8610-01A,TCGA-HU-8610-11A,TCGA-HU-A4G2-01A,TCGA-HU-A4G3-01A,TCGA-HU-A4G3-11A,TCGA-HU-A4G6-01A,TCGA-HU-A4G8-01A,TCGA-HU-A4G9-01A,TCGA-HU-A4G9-11A,TCGA-HU-A4GC-01A,TCGA-HU-A4GC-11A,TCGA-HU-A4GD-01A,TCGA-HU-A4GF-01A,TCGA-HU-A4GH-01A,TCGA-HU-A4GH-11A,TCGA-HU-A4GJ-01A,TCGA-HU-A4GN-01A,TCGA-HU-A4GN-11A,TCGA-HU-A4GP-01A,TCGA-HU-A4GP-11A,TCGA-HU-A4GQ-01A,TCGA-HU-A4GT-01A,TCGA-HU-A4GU-01A,TCGA-HU-A4GX-01A,TCGA-HU-A4GX-11A,TCGA-HU-A4GY-01A,TCGA-HU-A4GY-11A,TCGA-HU-A4H0-01A,TCGA-HU-A4H0-11A,TCGA-HU-A4H2-01A,TCGA-HU-A4H3-01A,TCGA-HU-A4H4-01A,TCGA-HU-A4H4-11A,TCGA-HU-A4H5-01A,TCGA-HU-A4H5-11A,TCGA-HU-A4H6-01A,TCGA-HU-A4H8-01A,TCGA-HU-A4HB-01A,TCGA-HU-A4HB-11A,TCGA-HU-A4HD-01A,TCGA-IN-7806-01A,TCGA-IN-7806-11A,TCGA-IN-7808-01A,TCGA-IN-7808-11A,TCGA-IN-8462-01A,TCGA-IN-8663-01A,TCGA-IN-8663-11A,TCGA-IN-A6RI-01A,TCGA-IN-A6RJ-01A,TCGA-IN-A6RL-01A,TCGA-IN-A6RN-01A,TCGA-IN-A6RO-01A,TCGA-IN-A6RP-01A,TCGA-IN-A6RR-01A,TCGA-IN-A6RS-01A,TCGA-IN-A7NR-01A,TCGA-IN-A7NT-01A,TCGA-IN-A7NU-01A,TCGA-IN-AB1V-01A,TCGA-IN-AB1X-01A,TCGA-IN-AB1X-11A,TCGA-IP-7968-01A,TCGA-IP-7968-11A,TCGA-KB-A6F5-01A,TCGA-KB-A6F7-01A,TCGA-KB-A93G-01A,TCGA-KB-A93H-01A,TCGA-KB-A93J-01A,TCGA-MX-A5UG-01A,TCGA-MX-A5UJ-01A,TCGA-MX-A663-01A,TCGA-MX-A666-01A,TCGA-R5-A7O7-01A,TCGA-R5-A7ZE-01B,TCGA-R5-A7ZF-01A,TCGA-R5-A7ZI-01A,TCGA-R5-A7ZR-01A,TCGA-R5-A804-01A,TCGA-R5-A805-01A,TCGA-RD-A7BS-01A,TCGA-RD-A7BT-01A,TCGA-RD-A7BW-01A,TCGA-RD-A7C1-01A,TCGA-RD-A8MV-01A,TCGA-RD-A8MW-01A,TCGA-RD-A8N0-01A,TCGA-RD-A8N1-01A,TCGA-RD-A8N2-01A,TCGA-RD-A8N4-01A,TCGA-RD-A8N5-01A,TCGA-RD-A8N6-01A,TCGA-RD-A8N9-01A,TCGA-RD-A8NB-01A,TCGA-SW-A7EA-01A,TCGA-SW-A7EB-01A,TCGA-VQ-A8DL-01A,TCGA-VQ-A8DT-01A,TCGA-VQ-A8DU-01A,TCGA-VQ-A8DV-01A,TCGA-VQ-A8DZ-01A,TCGA-VQ-A8E0-01A,TCGA-VQ-A8E2-01A,TCGA-VQ-A8E3-01A,TCGA-VQ-A8E7-01B,TCGA-VQ-A8P2-01A,TCGA-VQ-A8P3-01A,TCGA-VQ-A8P5-01A,TCGA-VQ-A8P8-01A,TCGA-VQ-A8PB-01A,TCGA-VQ-A8PC-01A,TCGA-VQ-A8PD-01A,TCGA-VQ-A8PE-01A,TCGA-VQ-A8PF-01A,TCGA-VQ-A8PH-01A,TCGA-VQ-A8PJ-01A,TCGA-VQ-A8PK-01A,TCGA-VQ-A8PM-01A,TCGA-VQ-A8PO-01A,TCGA-VQ-A8PP-01A,TCGA-VQ-A8PQ-01A,TCGA-VQ-A8PS-01A,TCGA-VQ-A8PT-01A,TCGA-VQ-A8PU-01A,TCGA-VQ-A8PX-01A,TCGA-VQ-A8PY-01A,TCGA-VQ-A8PZ-01A,TCGA-VQ-A91A-01A,TCGA-VQ-A91D-01A,TCGA-VQ-A91E-01A,TCGA-VQ-A91K-01A,TCGA-VQ-A91N-01A,TCGA-VQ-A91Q-01A,TCGA-VQ-A91S-01A,TCGA-VQ-A91U-01A,TCGA-VQ-A91V-01A,TCGA-VQ-A91W-01A,TCGA-VQ-A91X-01A,TCGA-VQ-A91Y-01A,TCGA-VQ-A91Z-01A,TCGA-VQ-A922-01A,TCGA-VQ-A923-01A,TCGA-VQ-A924-01A,TCGA-VQ-A925-01A,TCGA-VQ-A927-01A,TCGA-VQ-A928-01A,TCGA-VQ-A92D-01A,TCGA-VQ-A94O-01A,TCGA-VQ-A94P-01A,TCGA-VQ-A94R-01A,TCGA-VQ-A94T-01A,TCGA-VQ-A94U-01A,TCGA-VQ-AA64-01A,TCGA-VQ-AA68-01A,TCGA-VQ-AA69-01A,TCGA-VQ-AA6A-01A,TCGA-VQ-AA6B-01A,TCGA-VQ-AA6D-01A,TCGA-VQ-AA6F-01A,TCGA-VQ-AA6G-01A,TCGA-VQ-AA6I-01A,TCGA-VQ-AA6J-01A,TCGA-VQ-AA6K-01A,TCGA-ZA-A8F6-01A,TCGA-ZQ-A9CR-01A
Gammaproteobacteria,0.0,0.0,0.0,0.0,0.0,0.0,0.0,0.0,0.0868334429749954,0.0,0.00238561694313513,0.7871880486838337,0.0,0.00023775225250497232,0.033790264915676944,0.034281568928956736,0.0003271113922452778,0.002359540518085525,0.0010739708775315542,0.0008702766259171447,7.306838810212521e-05,0.0,0.09971344926396808,0.19461232615680407,0.3609224868778923,0.03778514694961533,0.09060376382103097,0.022689208071182847,0.0005151676064432512,0.043992075961472775,0.1193442294615555,0.1698525422788715,0.811964352763212,0.09308551085874307,0.0028845470492208786,0.0,0.2327604649504386,0.0014844943708899586,0.0,0.0,0.05236907730673315,0.016129032258064516,0.025,0.0,0.0,0.11770200840728635,0.07142857142857144,0.0,0.08108108108108107,0.0,0.0,0.0,0.2631578947368421,0.0,0.0,0.11475409836065573,0.0,0.0,0.0,0.0,0.0,0.0,0.0,0.0,0.0,0.0,0.0,0.0,0.0,0.0,0.0,0.0,0.0,0.0,0.0,0.0,0.0,0.0,0.0,0.0,0.0,0.0,0.0,0.0,0.21812893843916628,0.0,0.0,0.0,0.0,0.0,0.0,0.0,0.0,0.0,0.0,0.0,0.0,0.0,0.0,0.0,0.0721476510067114,0.0,0.0,0.0,0.0,0.0,0.0,0.0023967225475564663,0.0,0.0,0.39500567536889897,1.0,0.0226217668821668,0.1613832853025937,0.0,0.0,0.0,0.0,0.0,0.0,0.0,0.0,0.0,0.0,0.0245581885724856,0.0,0.0,0.0,0.0,0.0,0.0,0.0,0.0,0.0,0.0,0.0,0.0,0.0,0.0,0.0,0.0,0.0,1.0,0.0,0.09433962264150944,0.14893617021276595,0.0,0.0,0.0,0.0,0.05736981465136805,0.022382435117583917,0.0,0.0,0.0,0.0,0.0,0.0,0.0,0.0,0.0,0.0,0.0,0.0,0.0,0.04864864864864865,0.0,0.0,0.0,0.016907757548283726,0.0,0.0,0.058016907698195376,0.13953488372093026,0.0,0.0,0.0,0.0,0.0,0.0,0.0,0.0,0.0,0.0,0.0,0.0,0.2352941176470588,0.1085351483463436,0.0,0.0,0.16666666666666666,0.0,0.0,0.0,0.0,0.0,0.0,0.0,0.0,0.0,0.0,0.0,0.0,0.0,0.0,0.0,0.0,0.0,0.0,0.0,0.0,0.0,0.0,0.0,0.0,0.0,0.0,0.0,0.0,0.0,0.0,0.9230769230769232,0.0,0.0888888888888889,0.07692307692307693,0.0,0.0,0.3654959765360608,0.0,0.0,0.017866273458764098,0.0,0.0007679398707313476,0.0,0.0,0.0,0.0,0.0,0.033860045146726865,0.1661902817476521,0.0,0.13559322033898305,0.0,0.0,0.05555555555555555,0.0,0.0,0.14285714285714285,0.0,0.0,0.0,0.0,0.0,0.0,0.0,0.0,0.0,0.0,0.0,0.0,0.0,0.0,0.0,0.0,0.12048192771084335,0.0,0.0,0.0,0.0,0.0,0.3333333333333333,0.0,0.6666666666666666,0.0,0.0,0.0,0.0,0.0,0.025713786371783082,0.0,0.0,0.08868931722268286,0.18093691944635054,0.0,0.3161397670549085,0.0,0.4489311163895488,0.060606060606060615,0.061538461538461535,0.0,0.0,0.0,0.04292682926829268,1.0,0.0,1.0,0.0,0.0,0.004980502355540263,0.0,0.0,0.0,0.0,0.0,0.0,0.0,0.0,0.0,0.0,0.0,0.0,0.0,0.0,0.0,0.0,0.0,0.0,0.04046484740965176,0.0,0.0,0.0,0.0,0.0,0.0,0.0,0.0,0.0,0.0,0.0,0.0,0.0,1.0,0.0,0.0,0.8275862068965517,0.0,0.0,0.0,0.0,0.0,0.0,0.0,0.0,0.0,0.0,0.8260869565217391,0.0,0.0,0.0,0.0,0.0,0.0,0.0,0.0,0.00027406229898510224,0.0,0.0,0.0,0.0,0.09046299849928884,0.2381378692927485,0.0,0.249760766798388,0.0,0.0,0.0851728734962192,0.04159867478815687,0.04651162790697674,0.0,0.0,0.0,0.0,0.051983758209754184,0.0,0.0,0.0,0.1894212541352265,0.0,0.0,0.0,0.0,0.0,0.0,0.0041250296486506,0.0,0.0,0.07272727272727272,0.0,0.0,0.0,0.0,0.0,0.0,0.0,0.0,0.0,0.002807173242335321,0.0,0.0,0.0,0.007665094339622642,0.0,0.0,0.0,0.0,0.006173381306078531,0.0,0.0,0.0,0.0,0.0,0.0,0.0,0.0,0.0,0.0,0.0,0.0,0.0,0.0327046750369521,0.012735060695790949,0.0,0.0,0.0,0.0,0.0,0.0,0.0,0.0,0.0,0.15362442131842138,1.0,0.0,0.0,0.0,0.0,0.0,0.3333333333333333,0.0,0.0,0.0,0.013927576601671307,0.8125,0.0,0.02060947683635723,0.33064516129032256,0.0,0.0,0.0,0.0,0.0,0.0,0.0,0.0,0.0,0.0,0.0,0.0,0.0,0.0,0.0,0.0,0.0,0.0,0.0,0.0,0.0,0.0,0.0,0.0,0.0,0.0,0.0,0.0,0.0,0.0,0.0,0.0,0.0,0.0,0.0,0.0,0.0,0.0,0.0,0.0,0.0,0.0,0.0,0.0,0.0,0.0,0.0,0.00016756705143877864,0.0,0.0,0.0,0.0,0.0,0.0,0.0,0.0,0.0,0.0,0.0,0.0,0.0,0.0,0.0,0.0,0.0,0.0,0.0,0.0,0.0,0.0,0.0,0.0,0.0,0.0,0.0,1.0,0.0,0.0,0.0,0.0,0.0,0.0,0.0,0.0
Actinobacteria,0.38461538461538464,0.0,0.0,0.0,0.0,0.0,0.0,0.0,0.13104818666569104,0.0,0.0,0.0,0.030084882346620826,0.0009546979196495488,0.3105434346605277,0.12187348867201545,0.02195865930326041,0.039842238668588,0.0,0.002960478438995693,0.0016133304082370135,0.024391868556856964,0.1617925455429464,0.06812226400480613,0.02317912534169356,0.017590861763405137,0.0,0.016609803037755864,0.002196522923743312,0.0,0.07372945475207059,0.009522039576046477,0.001435166656849001,0.09197016083455184,0.023188185253479827,0.0,0.0,0.0,0.0,0.16030534351145034,0.31421446384039897,0.08064516129032258,0.0,0.0,0.14985308521057789,0.2578234469873891,0.0,0.0,0.3513513513513513,0.2727272727272727,0.0,0.0,0.0,0.0,0.5454545454545454,0.3442622950819672,0.5,0.0,0.0,0.0,1.0,0.0,0.0,0.0,0.0,0.0,0.0,0.0,0.0,0.0,0.0,0.0,0.6666666666666666,0.0,0.4545454545454545,0.0,0.0,0.0,0.0,0.0,0.0,0.0,0.0,0.0,0.2268540959767329,0.0,0.0,0.0,0.0,0.0,0.0,1.0,0.0,0.0,0.0,0.0,0.0,0.032786885245901634,0.0,0.0,0.0,0.0,0.0,0.0,0.0,0.0,0.0,0.005870816181262112,0.0,0.0,0.0,0.0,0.518748840256761,0.3890489913544669,0.0,0.0,0.0012369153975698055,0.0,0.0,0.0,0.0,0.0,0.0,0.07737978547623715,0.044460201047233854,0.0,0.0,0.0,0.0,0.012690355329949237,0.0,0.0,0.0,0.0,0.0,0.0,0.0,0.0,0.0,0.0,0.0,0.0,0.0,0.0,0.2452830188679245,0.0,0.0,0.0,0.0,0.0,0.0,0.023029546336969842,0.0,0.0,0.0,0.0,0.0,0.0,0.0,0.0,0.0,0.0,0.0,0.0,0.0,0.0,0.0,0.0,0.0,0.0,0.0,0.0,0.0005465784402169575,0.372093023255814,0.0,0.0,0.0,0.0,0.0,0.0,0.0,0.0,0.0,0.0,0.0,0.0,0.0,0.01677594333675966,0.0,0.0,0.0,0.0,0.0,0.0,0.0,0.0,0.0,0.0,0.0,0.0,0.0,0.0,0.0,0.0,0.0,0.0,0.0,0.0,0.0,1.0,0.0,0.0,0.0,0.0,0.0,0.0,0.0,0.0,0.1682626538987688,0.0,0.0,0.0,0.4444444444444444,0.2444444444444445,0.5384615384615384,0.0,0.13990221887927795,0.08189817252011733,0.1724137931034483,0.1875,0.19370534967433395,0.0,0.0010751158190238867,0.4217687074829932,0.17786561264822134,0.0,0.4279346210995543,0.20504731861198744,0.24830699774266365,0.06043282972641895,0.1307506053268765,0.559322033898305,0.30612244897959184,0.0,0.4166666666666667,0.0,0.0,0.0,0.0,0.0,0.0,0.0,0.0,0.0,0.0,0.0,0.0,0.0,0.0,0.0,0.0,0.0,0.0,0.0,0.0,0.0,0.0,0.0,0.0,0.0,0.0,0.0,0.0,0.0,0.0,0.0,0.0,0.0,0.058263718186222425,0.0,0.0,0.2019265704623583,0.1461413580143601,0.19087136929460585,0.21963394342762066,0.2795031055900621,0.0,0.15151515151515152,0.1076923076923077,0.0,0.0,0.0,0.0,0.0,0.0,0.0,0.0,0.0,0.012668502390461764,0.0,0.0,0.047460449625312234,0.0,0.0,0.0,0.0,0.0,0.03919754829962716,0.5492988929889299,0.0,0.0,0.0,0.0,0.0,0.0,0.0,0.0,0.012159387645264816,0.0,0.0,0.0,0.0,0.0013583335905746306,0.0,0.02461538461538462,0.0,0.0,0.0,0.0,0.0,0.0,0.0,0.0,0.0,0.0,0.0,0.0,0.0,0.0,0.0,0.0,0.0,0.0,0.0,0.008039805200418802,0.0,0.0,0.0,0.0,0.0,0.0,0.0,0.0,0.0,0.003389717908499948,0.0,0.0,0.0,0.0,0.03839390637606181,0.01700984780662489,0.0,0.003902511981224813,0.0,0.0,0.00867887658497776,0.005200215008425451,0.0,0.0,0.0,0.0,0.0,0.007135025636632925,0.0,0.0,0.0,0.2797829238374902,0.0,0.0,0.0,0.0,0.0,0.0,0.015767925831966918,0.0,0.0,0.509090909090909,0.013279321559272087,0.0,0.05243193351775994,0.0063499960226774295,0.0,0.0,0.0,0.0,0.0,0.03144453012496505,0.0,0.0,0.0,0.0,0.0,0.0,0.0,0.0,0.0,0.0,0.0,0.0,0.0,0.0,0.0,0.0,0.4520952877760389,0.0,0.2578616352201258,0.0,0.0,0.0,0.0,0.04402630213874807,0.0,0.08379888268156424,0.0,0.0,0.0,0.0,0.0,0.0,0.0,0.006282354553653962,0.0,0.0,0.0,0.0,0.0,0.0,0.0,0.0,0.0,0.35131744040150564,0.0,0.1875,0.0,0.0,0.0,0.0,0.26410718886884826,0.12294123767496805,0.0,0.0,0.0,0.0,0.0,0.0,0.0,0.0,0.0,0.0,0.0,0.0,0.0,0.0,0.0,0.0,0.0,0.0,0.0,0.0,0.0,0.0,0.0,0.0,0.0,0.0,0.0,0.0,0.0,0.28510473235065936,0.0,0.0,0.0,0.0,0.0,0.0,0.0,0.0,0.0,0.0,0.0,0.0,0.0,0.0,0.0002299216670161019,0.0,0.0,0.0,0.0,0.0,0.0,0.0,0.0,0.0,0.0,0.0,0.0,0.0,0.0,0.0,0.0,0.8571428571428571,0.0,0.0,0.0,0.0,0.0,0.0,0.0,0.0,0.0,0.0,0.0,0.0,0.0,0.0,0.0,0.0,0.0,0.0,0.0
Alphaproteobacteria,,,,,,,,,,,,,,,,,,,,,,,,,,,,,,,,,,,,,,,,,,,,,,,,,,,,,,,,,,,,,,,,,,,,,,,,,,,,,,,,,,,,,,,,,,,,,,,,,,,,,,,,,,,,,,,,,,,,,,,,,,,,,,,,,,,,,,,,,,,,,,,,,,,,,,,,,,,,,,,,,,,,,,,,,,,,,,,,,,,,,,,,,,,,,,,,,,,,,,,,,,,,,,,,,,,,,,,,,,,,,,,,,,,,,,,,,,,,,,,,,,,,,,,,,,,,,,,,,,,,,,,,,,,,,,,,,,,,,,,,,,,,,,,,,,,,,,,,,,,,,,,,,,,,,,,,,,,,,,,,,,,,,,,,,,,,,,,,,,,,,,,,,,,,,,,,,,,,,,,,,,,,,,,,,,,,,,,,,,,,,,,,,,,,,,,,,,,,,,,,,,,,,,,,,,,,,,,,,,,,,,,,,,,,,,,,,,,,,,,,,,,,,,,,,,,,,,,,,,,,,,,,,,,,,,,,,,,,,,,,,,,,,,,,,,,,,,,,,,,,,,,,,,,,,,,,,,,,,,,,,,,,,,,,,,
Betaproteobacteria,0.0,0.0,0.0,0.0,0.0,0.0,0.0,0.0,0.032275782522950804,0.0,0.0006967039145407023,0.003737196774594776,0.0,0.0,0.0,0.0,0.0,0.0,0.0,0.0,0.0,0.0,0.0,0.0,0.0,0.0,0.0,0.0005402192397900677,0.0,0.022143168669570744,0.0011329239409654586,0.0003980832246515856,0.0,0.018911653172612373,0.0003088464925727228,0.0,0.0,0.0,0.0,0.0,0.0,0.0,0.0,0.0,0.0,0.0,0.0,0.0,0.0,0.0,0.0,0.0,0.0,0.1651376146788991,0.0,0.0,0.0,0.0,0.0,0.0,0.0,0.0,0.0,0.0,0.0,0.0,0.0,0.0,0.0,0.0,0.0,0.0,0.0,0.0,0.0,0.018126888217522664,0.0,0.0,0.03891050583657588,0.0,0.0,0.0,0.0,0.0,0.2399418322830829,0.0,0.0,0.0,0.0,0.0,0.0,0.0,0.0,0.0,0.0,0.0,0.0,0.0,0.0,0.0,0.0,0.0,0.0,0.0,0.0,0.0,0.0,0.0,0.0,0.0,0.0,0.0,0.03635641106062521,0.0,0.0,0.0,0.0,0.0,0.0,0.0,0.0,0.0,0.0,0.0,0.0,0.0,0.0,0.0,0.0,0.0,0.0,0.0,0.0,0.0,0.0,0.0,0.0,0.0,0.0,0.0,0.0,0.0,0.0,0.0,0.0,0.0,0.0,0.0,0.0,0.0,0.0,0.0,0.0,0.0,0.0,0.0,0.0,0.0,0.0,0.0,0.0,0.0,0.0,0.0,0.0,0.032432432432432434,0.0,0.0,0.0,0.0,0.0,0.0,0.00013027186959790716,0.02325581395348837,0.0,0.0,0.0,0.0,0.0,0.0,0.0,0.0,0.0,0.0,0.0,0.0,0.0,0.0,0.0,0.0,0.0,0.0,0.0,0.0,0.0,0.0,0.0,0.0,0.0,0.0,0.0,0.0,0.0,0.0,0.0,0.0,0.0,0.0,0.0,0.0,0.0,0.0,0.0,0.0,0.0,0.0,0.0,0.0,0.0,0.0,0.0,0.0,0.0,0.3111111111111112,0.1794871794871795,0.0,0.0,0.0,0.0,0.0,0.005144529634331625,0.0,0.0,0.217687074829932,0.15810276679841898,0.0,0.0,0.0,0.1760722347629797,0.0,0.0,0.0,0.0,0.0,0.0,0.0,0.25,0.17142857142857146,0.0,0.0,0.0,0.05555555555555555,0.0,0.0,0.0,0.0,0.0,0.0,0.03225806451612904,0.0,0.0,0.0,0.0,0.0,0.0,0.0,0.0,0.0,0.0,0.0,0.0,0.0,0.0,0.0,0.0,0.0,0.0,0.0,0.01159691765367417,0.0,0.0,0.1263822770423231,0.1324716731660781,0.09681881051175656,0.044925124792013306,0.3633540372670808,0.0,0.15151515151515152,0.0,0.0,0.0,0.0,0.0,0.0,0.0,0.0,0.0,0.0,0.0,0.0,0.0,0.0,0.0,0.0,0.0,0.0,0.0,0.0,0.0,0.0,0.0,0.0,0.0,0.0,0.0,0.0,0.0,0.013295592720314152,0.0,0.0,0.0,0.0,0.0,0.0,0.0,0.0,0.24210526315789474,0.0,0.0,0.0,0.0,0.0,0.0,0.0,0.0,0.0,0.0,0.0,0.0,0.0,0.0,0.0,0.0,0.0,0.0,0.0,0.0,0.0,0.0,0.0,0.0,0.0,0.0,0.0,0.0011167224406863246,0.0,0.0,0.0,0.0,0.0,0.0,0.0,0.0,0.0,0.0,0.014682310012180419,0.01715577551974215,0.0,0.0,0.0,0.0,0.0,0.0,0.0,0.0,0.0,0.0437125971081292,0.0,0.0,0.0,0.0,0.0,0.0,0.0,0.0,0.0,0.0,0.0,0.0,0.0,0.0,0.0,0.0,0.0,0.0,0.0,0.0017377739119218652,0.0,0.0,0.0,0.0,0.0,0.0,0.3703703703703703,0.0,0.057085738917054825,0.0,0.0,0.0,0.0,0.0,0.0,0.0,0.0,0.0,0.0,0.0,0.0,0.0,0.09706622879676806,0.0147031262087233,0.0,0.0,0.0,0.0,0.0,0.0,0.0,0.0,0.0,0.0,0.0,0.0,0.0,0.0,0.0,0.0,0.0,0.0,0.0,0.0,0.0,0.0,0.0,0.05826140567200986,0.0,0.0,0.0,0.16341569402706455,0.0,0.0,0.0,0.0,0.0,0.0,0.0,0.0,0.0,0.0,0.0,0.0,0.0,0.0,0.0,0.0,0.0,0.0,0.0,0.0,0.0,0.0,0.0,0.0,0.0,0.0,0.0,0.0,0.0,0.0,0.0,0.0,0.0,0.0,0.0,0.0,0.0,0.0,0.0,0.0,0.0,0.0,0.0,0.0,0.0,0.0,0.0,0.0,0.0,0.0,0.0,0.0,0.0,0.0,0.0,0.0,0.0,0.0,0.0,0.0,0.0,0.0,0.0,0.0,0.0,0.0,0.0,0.0,0.0,0.0,0.0,0.0,0.0,0.0,0.0,0.0,0.0,0.0,0.0,0.0,0.0
Deltaproteobacteria,,,,,,,,,,,,,,,,,,,,,,,,,,,,,,,,,,,,,,,,,,,,,,,,,,,,,,,,,,,,,,,,,,,,,,,,,,,,,,,,,,,,,,,,,,,,,,,,,,,,,,,,,,,,,,,,,,,,,,,,,,,,,,,,,,,,,,,,,,,,,,,,,,,,,,,,,,,,,,,,,,,,,,,,,,,,,,,,,,,,,,,,,,,,,,,,,,,,,,,,,,,,,,,,,,,,,,,,,,,,,,,,,,,,,,,,,,,,,,,,,,,,,,,,,,,,,,,,,,,,,,,,,,,,,,,,,,,,,,,,,,,,,,,,,,,,,,,,,,,,,,,,,,,,,,,,,,,,,,,,,,,,,,,,,,,,,,,,,,,,,,,,,,,,,,,,,,,,,,,,,,,,,,,,,,,,,,,,,,,,,,,,,,,,,,,,,,,,,,,,,,,,,,,,,,,,,,,,,,,,,,,,,,,,,,,,,,,,,,,,,,,,,,,,,,,,,,,,,,,,,,,,,,,,,,,,,,,,,,,,,,,,,,,,,,,,,,,,,,,,,,,,,,,,,,,,,,,,,,,,,,,,,,,,,,
Epsilonproteobacteria,0.0,0.0,0.0,0.0,0.0,0.0,0.0,0.0,0.008023358367287205,0.06818181818181818,0.0,0.007867782683357423,0.7929515418502202,0.9978978890356526,0.0,0.0,0.013357048516682176,0.16633144528860425,0.2820983961571026,0.6194781909712521,0.0013548449218671744,0.05553950245744983,0.0,0.00838141320633295,0.00145206910035295,0.002803738297591137,0.018465440996134033,0.6741083134833009,0.03575754637818991,0.6573431350396991,0.4516221680765721,0.7204421736805584,0.0,0.0,0.007096726853131336,0.0,0.4752192826071454,0.9947021255937968,0.07692307692307693,0.816793893129771,0.0,0.5887096774193549,0.0,0.0,0.0,0.0,0.0,0.0,0.0,0.060606060606060615,0.6727272727272727,0.0,0.052631578947368425,0.0,0.0,0.0,0.0,0.2,1.0,0.0,0.0,0.0,1.0,0.0,0.0,0.03636363636363636,0.0,0.0,0.0,0.8,0.0,0.0,0.0,0.0,0.0,0.9508665924630308,0.0,0.0,0.0,0.0,0.0,0.9871794871794872,1.0,1.0,0.06543868153174988,0.0,0.0,1.0,1.0,0.0,0.925824175824176,0.0,0.0,0.0,0.0,0.9753424657534246,0.0,0.0,0.03710150238182485,0.0,0.9278523489932886,0.0,1.0,0.0,0.1,0.0,0.0,0.0,0.0,1.0,0.0,0.0,0.009897023010947976,0.0,0.0,0.0,0.0,0.0,0.0,0.0,0.0,0.0,0.0,0.0,0.0115381144586247,0.0,0.0,0.0,1.0,0.0,0.0,0.0,0.0,0.0,0.0,0.0,0.0,0.0,0.0,0.0,0.0,0.0,0.0,0.0,0.0,0.0,0.0,0.0,0.0,0.0,0.035304501323918804,0.006699504388936681,0.0,0.0,0.0,0.0,0.0,0.0007485993254208561,0.0,0.0,0.0,0.0,0.0,0.024630541871921176,0.0,0.005405405405405407,0.0,0.0,0.0,0.0,0.0,0.0,0.000396587147320211,0.0,0.0,0.0,0.0,0.0,0.0,0.0,0.0,0.0,0.0,0.0,0.0,0.0,0.0,0.0,0.6570723684210527,0.0,0.0,0.0,0.0,0.0,0.0,0.0,0.0,0.0,0.0,0.0,0.0,0.0,0.0,0.0,0.0,0.0,0.0,0.0,0.0,0.0,0.0,0.0,0.0,0.0,0.3333333333333333,0.0,0.0,0.0,0.0,0.0,0.0,0.0,0.0,0.0,0.0,0.1111111111111111,0.03497555471981949,0.0,0.0,0.0,0.004785608962168953,0.11382113821138212,0.012671007867067235,0.0,0.0,0.0,0.062407132243684986,0.0,0.0,0.030216414863209477,0.0,0.03389830508474576,0.0,0.0,0.0,0.0,0.0,0.0,0.0,0.0,0.0,0.9444444444444444,0.0,0.0,0.0,0.6666666666666666,0.021349759331090585,0.0,0.03225806451612904,0.43231441048034935,0.0,0.0,0.0,0.0,0.0,0.0,0.0,0.25,0.0,0.0,0.0,0.0,0.0,1.0,0.0,0.0,0.0,0.0,0.0061284524186083,0.0,0.0,0.0,0.0,0.12448132780082985,0.0,0.027950310559006212,0.0,0.060606060606060615,0.0,0.0,0.0,0.0,0.02146341463414634,0.0,0.0,0.0,0.0,0.0,0.004524078019438699,0.0,0.0,0.8459616985845129,0.0,0.0,0.0,0.0,0.0,0.0,0.15992619926199264,0.0,0.0,0.0,0.0,0.0,0.0,0.0,0.0,0.6127534036318696,0.0,0.0,0.0,0.0,0.0113348603026249,0.0,0.0,0.0,0.0,0.0,0.0,0.0,0.0,0.0,0.0,0.0,0.0,0.0,0.0,0.0,0.0,0.0,0.0,0.0,0.06896551724137931,0.0,0.0138319229254517,0.0,0.0,0.0,0.0,0.0,0.0,0.125,0.0,0.0,0.01635672159131624,0.0,0.0,0.0,0.0,0.0029762718120978147,0.0,0.0,0.0,0.0,0.0,0.37840317167755894,0.0012487247690134901,0.02325581395348837,1.0,0.0,0.0,0.0,0.007861741210734428,0.0,0.0,0.0,0.0,0.0,0.0,0.0,1.0,0.9797297297297296,0.8,0.9649819358076636,0.0,0.0,0.0,0.0,0.0,0.001239376633632947,0.0006836434641391849,0.0,0.6666666666666666,0.0,0.0,0.0,0.002339311035279434,0.0,0.0,0.0,0.8004127358490567,0.0,0.0,0.12592592592592594,0.0,0.6141172360133773,0.0,0.0,0.0,0.0,0.0,0.0,0.0,0.0,0.0,0.0,0.0,0.0,0.0,0.018823591098438664,0.0,0.0,0.02094972067039106,0.0,0.0,0.0,0.0,0.016666666666666666,0.0,0.0,0.07794773242496582,0.0,0.0,0.0,0.0,0.0,0.0,0.3333333333333333,0.0,0.0,0.0,0.0,0.0,0.0,0.056676061299982386,0.12903225806451613,0.0,0.0,0.03243832128627125,0.0,0.0,0.0,0.0,0.0,0.0,0.0,0.0,0.0,0.0,0.0,0.0,0.0,0.0,0.0,0.0,0.0,0.0,0.0,0.0,0.0,0.0,0.0,0.0,0.0,0.0,0.0,0.0,0.0,0.0,0.0,0.0,0.0,0.0,0.0,0.0,0.0,0.0,0.0,0.0,0.0,0.0,0.0,0.0,0.0,0.0,0.0,0.0,0.0,0.0,1.0,0.0,0.0,0.0,0.0,0.0,0.0,0.0,0.0,0.0,0.6,0.0,0.0,0.0,0.0,0.0,0.0,0.0,0.0,0.0,0.007961372599609303,0.0,0.0,0.005424706447847285,0.0,0.0,0.0,0.0,0.0,0.0,0.0
Mollicutes,0.0,0.0,0.0,0.0,0.0,0.0,0.0,0.0,0.0,0.0,0.0,0.0,0.0,0.0,0.0,0.0,0.0,0.0,0.0,0.0,2.087668231489292e-05,0.0,0.0,0.0,0.0,0.0,0.0,0.0,0.0,0.0,0.0,0.0,0.0,0.0,0.0,0.0,0.0,0.0,0.0,0.0,0.0,0.0,0.0,0.0,0.0,0.0,0.0,0.0,0.0,0.0,0.0,0.0,0.0,0.0,0.0,0.0,0.0,0.0,0.0,0.0,0.0,0.0,0.0,0.0,0.0,0.0,0.0,0.0,0.0,0.0,0.0,0.0,0.0,0.0,0.0,0.0,0.0,0.0,0.025291828793774326,0.0,0.0,0.0,0.0,0.0,0.0,0.0,0.0,0.0,0.0,0.0,0.0,0.0,0.0,0.0,0.0,0.0,0.0,0.0,0.0,0.0,0.0,0.0,0.0,0.0,0.0,0.0,0.0,0.0,0.0,0.0,0.0,0.0,0.009897023010947976,0.0,0.0,0.0,0.0,0.0,0.0,0.0,0.0,0.0,0.0,0.0,0.0,0.0,0.0,0.0,0.0,0.0,0.0,0.0,0.0,0.0,0.0,0.0,0.0,0.0,0.0,0.0,0.0,0.0,0.0,0.0,0.0,0.0,0.0,0.0,0.0,0.0,0.0,0.0,0.0,0.0,0.0,0.0,0.0,0.0,0.0,0.0,0.0,0.0,0.0,0.0,0.0,0.0,0.0,0.0,0.0,0.0,0.0,0.0,0.0,0.0,0.0,0.0,0.0,0.0,0.0,0.0,0.0,0.0,0.0,0.0,0.0,0.0,0.0,0.0,0.0,0.0,0.0,0.0,0.0,0.0,0.0,0.0,0.0,0.0,0.0,0.0,0.0,0.0,0.0,0.0,0.0,0.5,0.0,0.0,0.0,0.0,0.0,0.0,0.0,0.0,0.0,0.0,0.0,0.0,0.0,0.0,0.0,0.0,0.0,0.0,0.0,0.0,0.0,0.0,0.0,0.0,0.0,0.0,0.0,0.0,0.0,0.0,0.0,0.0,0.0,0.0,0.0,0.0,0.0,0.0,0.0,0.0,0.0,0.0,0.0,0.0,0.0,0.0,0.0,0.0,0.0,0.0,0.0,0.0,0.0,0.0,0.0,0.0,0.0,0.0,0.0,0.0,0.0,0.0,0.0,0.0,0.0,0.0,0.0,0.0,0.0,0.0,0.0,0.0,0.0,0.0,0.0,0.0,0.0,0.0,0.0,0.0,0.0,0.0,0.0,0.0,0.0,0.0,0.0,0.0,0.0,0.0,0.0,0.0,0.0,0.0,0.0,0.0,0.0,0.0,0.0,0.0,0.0,0.0,0.0,0.0,0.0,0.0,0.0,0.0,0.0,0.0,0.0,0.0,0.0,0.0,0.0,0.0,0.0,0.0,0.0,0.0,0.0,0.0,0.0,0.0,0.0,0.0,0.0,0.0,0.0,0.0,0.0,0.0,0.0,0.0,0.0,0.0,0.0,0.0,0.0,0.0,0.0,0.0,0.0,0.0,0.0,0.0,0.0,0.0,0.0,0.0,0.0,0.0,0.0,0.0,0.0,0.0,0.0,0.0,0.0,0.0,0.0,0.0,0.0,0.0,0.0,0.0,0.0,0.0,0.0,0.0,0.0,0.0,0.0,0.0,0.0,0.0,0.0,0.0,0.0,0.0,0.0,0.0,0.0,0.0,0.0,0.0,0.0,0.0,0.0,0.0,0.0,0.0,0.0,0.0,0.0,0.0,0.0,0.0,0.0,0.0,0.0,0.0,0.0,0.0,0.0,0.0,0.0,0.0,0.0,0.0,0.0,0.0,0.0,0.0,0.0,0.0,0.0,0.0,0.0,0.0,0.0,0.0,0.0,0.0,0.0,0.0,0.0,0.0,0.0,0.0,0.0,0.0,0.0,0.0,0.0,0.0,0.0,0.0,0.0,0.0,0.0,0.0,0.0,0.0,0.0,0.0,0.0,0.0,0.0,0.0,0.0,0.0,0.0,0.0,0.0,0.0,0.0,0.0,0.0,0.0,0.0,0.0,0.0,0.0,0.0,0.0,0.0,0.0,0.0,0.0,0.0,0.0,0.0,0.0,0.0,0.0,0.0,0.0,0.0,0.0,0.0,0.0,0.0,0.0,0.0,0.0,0.0,0.0,0.0,0.0,0.0,0.0,0.0,0.0,0.0,0.0,0.0,0.0,0.0,0.0,0.0,0.0,0.0,0.0,0.0,0.0,0.0,0.0,0.0,0.0,0.0,0.0,0.0,0.0,0.0,0.0,0.0,0.0,0.0,0.0,0.0,0.0,0.0,0.0
Coriobacteriia,0.0,0.0,0.0,0.0,0.06507413509060955,0.0,0.0,0.0,0.0,0.0,0.0,0.0,0.0,0.0,0.0,0.027566622437717788,0.0005021446810782774,0.0020039933167301715,0.0011380255691557574,0.0011995704843722806,0.0005686697167149879,0.0,0.0,0.005587608804221966,0.0,0.0,0.020517156662371142,0.0008956266343887964,0.002228318189225724,0.0,0.0,0.00017692587762292692,0.0,0.0026435644219780733,0.0013502135124012625,0.0,0.0,0.0,0.0,0.015267175572519085,0.10972568578553617,0.0,0.025,0.0,0.007835455435847209,0.0,0.0,0.0,0.040540540540540536,0.0,0.0,0.0,0.0,0.03669724770642202,0.0,0.0,0.0,0.0,0.0,0.0,0.0,0.0,0.0,0.0,0.0,0.0,0.0,0.0,0.0,0.0,0.0,0.0,0.0,0.0,0.0,0.0,0.0,0.0,0.0,0.0,0.0,0.0,0.0,0.0,0.0,0.0,0.0,0.0,0.0,0.0,0.0,0.0,0.0,0.0,0.0,0.0,0.0,0.032786885245901634,0.0,0.0,0.0,0.0,0.0,0.0,0.0,0.0,0.0,0.023589363812661617,0.018867924528301886,0.0,0.0,0.0,0.0,0.0,0.0,0.0,0.00519199055770042,0.0,0.0,0.0,0.0,0.0,0.0,0.0438569468171507,0.0,0.0,0.0,0.0,0.0,0.0,0.0,0.0,0.0,0.0,0.0,0.0,0.0,0.0,0.0,0.0,0.0,0.0,0.0,0.0,0.0,0.0,0.0,0.0,0.0,0.0,0.0,0.0,0.0,0.0,0.0,0.0,0.0,0.00868375217488193,0.0,0.0,0.0,0.0,0.0,0.0,0.0,0.0,0.0,0.0,0.0,0.004777575169294733,0.0,0.0,0.0013432336279650225,0.0,0.0,0.0,0.0,0.0,0.0,0.0,0.0,0.0,0.0,0.0,0.0,0.0,0.0,0.0,0.0,0.0,0.0,0.0,0.0,0.0,0.0,0.0,0.0,0.0,0.0,0.0,0.0,0.0,0.0,0.0,0.0,0.0,0.0,0.0,0.0,0.0,0.0,0.0,0.0,0.0,0.0,0.0,0.0,0.0,0.0,0.0,0.0,0.0,0.0,0.0,0.0,0.0,0.0,0.0,0.0,0.0,0.03254214094274888,0.0,0.0034557294182910644,0.054421768707482984,0.0,0.078125,0.0,0.0,0.0,0.0,0.0,0.0,0.0,0.0,0.0,0.0,0.0,0.0,0.0,0.0,0.0,0.0,0.0,0.0,0.0,0.0,0.0,0.0,0.0,0.0,0.0,0.0,0.0,0.0,0.0,0.0,0.0,0.0,0.0,0.0,0.0,0.0,0.0,0.0,0.0,0.0,0.0,0.0,0.0,0.0,0.0,0.0,0.0,0.0,0.0,0.0,0.0,0.0,0.0,0.0,0.0,0.04347826086956521,0.0,0.0,0.0,0.0,0.0,0.0,0.004570242080861543,0.0,0.0,0.0,0.0,0.0,0.0,0.0,0.0,0.0,0.0,0.0,0.0,0.0,0.0,0.0,0.0,0.0,0.0,0.0,0.0,0.0,0.0,0.0,0.003982518484706046,0.0,0.0,0.0,0.0,0.0,0.0,0.0,0.0,0.0,0.0,0.0,0.0,0.0,0.0,0.0,0.0,0.0,0.0,0.0,0.0,0.0,0.0,0.0,0.0,0.0,0.0,0.0,0.0,0.0,0.0,0.0,0.010778116431436608,0.0,0.0,0.0,0.0,0.0,0.0,0.0,0.0,0.0,0.0,0.003114429396523119,0.0,0.0,0.0,0.0,0.0,0.0,0.0009249107306746387,0.0,0.0,0.0,0.0,0.0,0.0,0.0,0.0,0.0,0.0,0.0,0.0,0.0,0.0,0.009174803986406169,0.0,0.01611189623722831,0.03357259111810182,0.0,0.0,0.0,0.0,0.0,0.013087865529741208,0.0,0.0,0.0,0.001768867924528302,0.0,0.0,0.0,0.0,0.0,0.0,0.0,0.0,0.0,0.0,0.0,0.0,0.0,0.0,0.1349342481417953,0.0,0.0,0.0,0.0,0.007836960428179045,0.0,0.0,0.0,0.0,0.0,0.0,0.016666666666666666,0.0,0.0,0.0,0.0,0.0,0.0,0.0,0.0,0.0,0.0,0.0,0.0,0.0,0.016713091922005575,0.0,0.0,0.0,0.0,0.0,0.0,0.0,0.0,0.0,0.0,0.0,0.0,0.0,0.0,0.0,0.0,0.0,0.0,0.0,0.06477953184540011,0.0,0.0,0.0,0.0,0.0,0.0,0.0,0.0,0.0,0.0,0.0,0.0,0.0,0.0,0.0,0.0,0.0,0.0,0.0,0.0,0.0,0.0,0.0,0.0,0.0,0.0,0.0,0.0,0.0,0.0,0.0,0.0017924207497161024,0.0,0.0,0.0,0.0,0.0,0.0,0.0,0.0,0.0,0.0,0.0,0.0,0.0,0.0,0.0,0.0,0.0,0.0,0.0,0.0,0.0,0.0,0.0,0.0,0.0,0.0,0.0,0.0,0.0,0.0,0.0,0.0,0.0,0.0,0.0,0.0
Bacilli,0.5,0.0,0.11904010104199556,0.2873713751169317,0.0,0.0,0.0,0.0,0.6094338164088368,0.20454545454545456,0.1508961816372587,0.07127285489629666,0.0464166756205007,0.0,0.26167181150700225,0.1822460038938009,0.09861617098798199,0.2582709965404179,0.01151993820013529,0.05445319168292869,0.05745323307231422,0.1873111415592601,0.1117237526767149,0.2788422893631507,0.0539008050051015,0.06665708075708981,0.06997430272219213,0.16560410034425085,0.01790549152924681,0.0870172931106055,0.3100700869449126,0.059170756820969006,0.11415216376785026,0.4250955259733762,0.18307476087087013,1.0,0.2620694573201169,0.0030942855143687932,0.1153846153846154,0.0,0.0,0.06451612903225806,0.275,0.0958904109589041,0.10577864838393733,0.11770200840728635,0.2500000000000001,0.4210526315789474,0.08108108108108107,0.30303030303030304,0.07272727272727272,0.0,0.10526315789473684,0.3211009174311927,0.09090909090909093,0.0,0.0,0.8,0.0,0.0,0.0,0.0,0.0,0.0,0.0,0.0,0.0,0.0,0.0,0.0,0.0,0.0,0.0,0.0,0.0,0.010335506439815552,0.0,0.0,0.0,0.0,0.0,0.0,0.0,0.0,0.05332040717401841,0.0,0.0,0.0,0.0,0.0,0.005494505494505495,0.0,0.0,0.0,0.0,0.024657534246575345,0.0,0.11475409836065575,0.3618541590326127,1.0,0.0,0.4761904761904762,0.0,0.3641768859160163,0.0,0.0,0.0,0.08840883307180136,0.07547169811320754,0.0,0.3723041997729853,0.0,0.1649503835157996,0.17291066282420753,0.0,0.0,0.020377436422218623,0.0,0.0,0.0,0.0,0.0,0.0,0.13319517181505028,0.919443495921656,0.0,0.0,0.0,0.0,0.007614213197969543,0.0,0.0,0.0,0.0,0.0,0.0,0.0,0.0,0.0,0.0,0.0,0.0,0.0,1.0,0.11320754716981132,0.0425531914893617,0.0,0.0,0.0,0.0,0.13062665489849956,0.025793091897406226,0.0,0.0,0.0,1.0,0.0,0.004433263537557278,0.0,0.0,0.0,0.0,0.0,0.1133004926108374,0.0,0.23783783783783785,0.0,0.0,0.0,0.5405715140208687,0.0,0.5789473684210527,0.007344253024759372,0.20930232558139536,0.0,0.0,0.0,0.0,0.0,0.0,0.0,0.0,0.0,0.0,0.0,0.0,0.0,0.14289733795412166,0.2590460526315789,0.0,0.0,0.0,0.0,0.0,0.0,0.0,0.0,0.0,0.0,0.0,0.0,0.0,0.0,0.0,0.0,0.0,1.0,0.0,0.0,0.0,0.0,0.0,0.0,0.0,0.6666666666666666,0.0,0.0,0.6666666666666666,0.0,0.0,0.0,0.0,0.0,0.13333333333333336,0.10256410256410256,0.3333333333333333,0.5453177886423468,0.2547943145070317,0.0,0.0,0.19429572386405952,0.0,0.03815125277793335,0.027210884353741496,0.20553359683794467,0.390625,0.12481426448737,0.03785488958990537,0.2031602708803612,0.0,0.1307506053268765,0.0847457627118644,0.16326530612244894,0.5,0.027777777777777776,0.1724137931034483,0.0,0.3047619047619048,0.0,0.0,0.0,0.0,0.14334470989761094,0.0,0.0,0.0,0.0008372454639643367,0.0,0.09677419354838712,0.026200873362445413,0.0,0.0,0.0,1.0,0.3975903614457832,0.0,0.0,0.0,0.0,0.0,0.5333333333333333,0.0,0.0,0.0,1.0,0.0,0.0,0.0,0.8016561449224272,0.2357894736842105,0.09558823529411764,0.1729441685842316,0.13878684162078028,0.16597510373443985,0.19966722129783693,0.0,0.17102137767220904,0.09090909090909093,0.0,0.0,0.0,0.0,0.184390243902439,0.0,0.0,0.0,0.0,0.0,0.023850438959621526,0.0,0.0,0.10657785179017486,0.0,0.0,0.0,0.0,0.0,0.01378375324822054,0.058154981549815514,0.0,0.0,0.0,0.0,0.0,0.0,0.0,0.0,0.09587976159626846,0.0,0.0,0.0,0.5,0.03703792411690679,0.0,0.8400000000000001,0.8,0.0,0.0,0.0,0.0,0.0,0.0,0.0,0.0,0.0,0.0,0.0,0.0,0.0,0.0,0.0,0.0,0.0,0.0,0.04456079715188133,0.0,0.0,0.0,0.0,0.0,0.0,0.875,0.0,0.0,0.010212604068414871,0.0,0.0,0.0,0.0,0.022194484084500848,0.06803939122649956,0.06666666666666668,0.6543837826627775,0.0,0.0,0.033599901758643635,0.29292279821370937,0.0,0.0,0.0,0.0,0.0,0.018630344717874864,0.0,0.0,0.8571428571428571,0.28413188120283983,1.0,0.0,0.0,0.0,0.0,0.0,0.006050043484687547,0.0,0.0,0.0,0.05113686149665595,0.13761467889908258,0.005577194851348262,0.005859801121193014,0.0,0.3333333333333333,0.0,0.0,1.0,0.02037718244856637,0.0,0.0,0.0,0.018573113207547173,0.0,0.0,0.5037037037037038,0.0,0.13361975957376626,0.0,0.0,0.0,0.0,0.0,0.0,0.0,0.16675360806816206,0.0,0.0,0.0,0.0,0.0,0.4937572741975065,0.15659226555555256,0.0,0.0,0.0,0.0,0.0,0.0,0.03333333333333333,0.0,0.0,0.6914373492411096,0.0,0.0,0.0,0.0,0.0,0.0,0.0,0.005268999594878793,1.0,0.16102049351735673,0.037604456824512536,0.0,0.0,0.08759027655451823,0.1532258064516129,0.0,0.19479515588765786,0.3243832128627125,1.0,0.0,0.0,0.0,0.0,0.0,0.0,0.0,0.0,0.0,0.0,0.0,0.0,0.0,0.0,0.0,0.0,0.0,0.0,0.0,0.0,0.0,0.0,0.0,0.0,0.0,0.0,0.0,0.0,0.5147245927075252,1.0,0.0,0.0,0.0,0.0,0.0,0.0,0.0,0.0,0.0,0.0,0.0,0.0,0.0,0.0017830175755314747,0.375,0.0,0.0,0.0,0.0,0.0,0.0,0.0,0.0,0.0,0.0,1.0,0.0,0.0,0.0,0.4,0.14285714285714285,0.0,0.0,0.0,1.0,0.0,0.0,0.0,0.0,0.002653790866536435,0.0,0.0,0.0,0.0,0.0,0.0,0.0,0.0,0.0,0.0
Flavobacteriia,0.0,0.0,0.0,0.0,0.0,0.0,0.0,0.0,0.0,0.0,0.0,0.0,0.0,0.0,0.0,0.0,0.002475508064120961,0.007306225633912085,0.0,0.0,0.5413556585582385,0.030466443156792342,0.0,0.0,0.01016448370247065,0.002803738297591137,0.0,0.0,0.0,0.0,0.0,0.00035385175524585384,0.0,0.007401980381538608,0.0001636622439274257,0.0,0.0,0.0,0.0,0.0,0.0,0.008064516129032258,0.1,0.0,0.0,0.0,0.0,0.0,0.0,0.0,0.0,0.0,0.0,0.0,0.0,0.0,0.0,0.0,0.0,0.0,0.0,0.0,0.0,0.0,0.0,0.0,0.0,0.0,0.0,0.0,0.0,0.0,0.0,0.0,0.0,0.0,0.0,0.0,0.0,0.0,0.0,0.0,0.0,0.0,0.0,0.0,0.0,0.0,0.0,0.0,0.0,0.0,0.0,0.0,0.0,0.0,0.0,0.0,0.0,0.0,0.0,0.0,0.0,0.0,0.0,0.0,0.0,0.0,0.0,0.0,0.0,0.0,0.0,0.0,0.0,0.0,0.0,0.0,0.0,0.0,0.0,0.5,0.0,0.0,0.0,0.0,0.0,0.0,0.0,0.0,0.0,0.0,0.0,0.0,0.0,0.0,0.0,0.0,0.0,0.0,0.0,0.0,0.0,0.0,0.0,0.0,0.0,0.0,0.0,0.0,0.0,0.0,0.0,0.0,0.0,0.0,0.0,0.00021388552154881605,0.0,0.0,0.0,0.0,0.0,0.0,0.0,0.0,0.0,0.0,0.0,0.0,0.0,0.0,0.00012202681456006492,0.0,0.0,0.0,0.0,0.0,0.0,0.0,0.0,0.0,0.0,0.0,0.0,0.0,0.0,0.007560103054879363,0.0,0.0,0.0,0.0,0.0,0.0,0.0,0.0,0.0,0.0,0.0,0.0,0.0,0.0,0.0,0.0,0.0,0.0,0.0,0.0,0.0,0.0,0.0,0.0,0.0,0.0,0.0,0.0,0.0,0.0,0.06931144550843593,0.0,0.0,0.0,0.0,0.0,0.0,0.0,0.0,0.0,0.09195402298850576,0.0,0.020099557641109603,0.0,0.0,0.0,0.0,0.0,0.0,0.0,0.033860045146726865,0.0,0.0,0.0,0.0,0.0,0.0,0.2413793103448276,0.0,0.0,0.0,0.0,0.0,0.0,0.08191126279863482,0.0,0.0,0.0,0.0010465568299554211,0.0,0.0,0.0,0.0,0.0,0.0,0.0,0.0,0.0,0.0,0.0,0.0,0.0,0.0,0.0,0.0,0.0,0.0,0.0,0.0,0.0,0.003771355334528185,0.04421052631578947,0.0,0.0,0.0,0.0,0.0,0.0,0.0,0.0,0.061538461538461535,0.0,0.0,0.0,0.0,0.0,0.0,0.0,0.0,0.0,0.0,0.0,0.0,0.0,0.0,0.0,0.0,0.0,0.0,0.0,0.0,0.0,0.0,0.0,0.0,1.0,0.0,0.0,0.0,0.0,0.0,0.0,0.0,0.0,0.0,0.0,0.0,0.0,0.0,0.0,0.0,0.0,0.0,0.0,0.0,0.0,0.0,0.0,0.0,0.0,0.0,0.0,0.0,0.0,0.06896551724137931,0.0,0.0,0.0,0.0,0.0,0.0,0.0,0.0,0.0,0.0,0.0,0.007072323572287022,0.0,0.0,0.0,0.0,0.008928815436293445,0.0,0.0,0.0,0.0,0.0,0.0015572146982615596,0.0004459731317905321,0.0,0.0,0.0,0.0,0.0,0.0,0.0,0.0,0.0,0.0,0.0,0.0,0.0,0.0,0.0,0.0,0.0,0.0,0.0,0.03636363636363636,0.0,0.0,0.0,0.0013672869282783699,0.0,0.0,0.0,0.0,0.0,0.0014035866211676606,0.0,0.0,0.0,0.0,0.0,0.0,0.0,0.0,0.034893024773487345,0.0,0.0,0.0,0.0,0.0,0.0,0.0,0.04764388801947488,0.0,0.0,0.0,0.0,0.0,0.018823591098438664,0.0009796200535223806,0.0,0.0,0.0,0.0,0.0,0.0,0.0,0.0,0.0,0.002398391766922025,0.0,0.0,0.0,0.0,0.0,0.0,0.0,0.0,0.0,0.0,0.0,0.0,0.0,0.0,0.0,0.0,0.0,0.0,0.0,0.0,0.0,0.0,0.0,0.0,0.0,0.0,0.0,0.0,0.0,0.0,0.0,0.0,0.0,0.0,0.0,0.0,0.0,0.0,0.0,0.0,0.0,0.0,0.0,0.0,0.0,0.0,0.0,0.0,0.0,0.0,0.0,0.0,0.0,0.0,0.0,0.0,0.0,0.0,0.0,0.0,0.0,0.0,0.00015492048151887082,0.0,0.0,0.0,0.0,0.0,0.0,0.0,0.0,0.0,0.0,0.0,0.0,0.0,0.0,0.0,0.0,0.0,1.0,0.0,0.0,0.0,0.0,0.0,0.0,0.0,0.0,0.0,0.0,0.0,0.0,0.0,0.0,0.0,0.0,0.0,0.0
Clostridia,0.0,0.0,0.03978528575939375,0.18727782974742752,0.05577783007766533,0.0,0.0,0.0,0.0,0.09090909090909093,0.0,0.02360334805007227,0.0,0.0,0.0074338582814489264,0.027566622437717788,0.4176489126315297,0.015530948204658827,0.1710433545526123,0.02051918355751088,0.11742881640413702,0.01720942329667459,0.0,0.006984511005277457,0.17570036114270693,0.20720309857807676,0.0664755875860825,0.00887096856918427,0.08524647980556703,0.011844020451165749,0.001657937474583598,0.010673685445737435,0.06298173674864271,0.07786498842917236,0.09369081139641107,0.0,0.029950795122299083,4.3581486117870345e-05,0.1153846153846154,0.0076335877862595426,0.0,0.03225806451612903,0.025,0.0136986301369863,0.0783545543584721,0.0,0.0,0.052631578947368425,0.040540540540540536,0.060606060606060615,0.0,0.4117647058823529,0.052631578947368425,0.03669724770642202,0.0,0.19672131147540986,0.0,0.0,0.0,0.0,0.0,0.0,0.0,0.0,0.0,0.0,0.0,0.0,0.0,0.0,0.0,0.0,0.0,0.0,0.0,0.0,0.0,0.0,0.0,0.0,0.0,0.0,0.0,0.0,0.10906446921958314,1.0,1.0,0.0,0.0,0.0,0.0,0.0,0.0,0.0,0.0,0.0,0.05555555555555555,0.0,0.12614510809820448,0.0,0.0,0.0,0.0,0.03641768859160163,0.0,0.0,0.0,0.035850414601588936,0.0,0.0,0.0,0.0,0.0,0.030739673390970224,0.0,0.0,0.11762617300272518,0.0,0.0,0.0,0.0,0.0,0.0,0.0877138936343014,0.0,0.0,0.0,0.0,0.0,0.007614213197969543,0.0,0.0,0.0,0.0,0.0,0.0,0.0,0.0,0.0,0.0,0.0,0.0,0.0,0.0,0.0,0.0,0.0,0.0,0.0,0.0,0.0,0.024361834141587928,0.0,0.0,0.0,0.0,0.0,0.026466175253892516,0.0,0.0,0.0,0.0,0.0,0.07881773399014777,0.0,0.016216216216216217,0.029197080291970805,0.0,0.0,0.010150175609674357,0.0,0.0,0.0065266913387554745,0.0,0.0,0.0,0.0,0.0,0.0,0.0,0.0,0.0,0.0,0.0,0.0,0.0,0.0,0.06431588711136456,0.05592105263157895,0.0,0.0,0.0,0.0,0.0,0.0,0.0,0.0,0.0,0.0,0.0,0.0,0.6666666666666666,0.0,0.0,0.0,0.0,0.0,0.0,0.0,0.0,0.0,0.0,0.0,0.0,0.0,0.0,0.0,0.0,0.0,1.0,0.0,0.0,0.0,0.0,0.0,0.0,0.18653629183903725,0.04467173046551853,0.0,0.0625,0.057427307546027435,0.05691056910569106,0.019302717179311518,0.0,0.015810276679841896,0.078125,0.062407132243684986,0.17034700315457416,0.0,0.030216414863209477,0.4794188861985472,0.0,0.040816326530612235,0.0,0.0,0.0,0.0,0.0,0.0,0.0,0.0,0.0,0.04095563139931741,0.0,0.0,0.0,0.0469688394388536,0.0,0.03225806451612904,0.021834061135371174,0.0,0.0,0.0,0.0,0.0,0.0,0.0,0.0,0.0,0.0,0.0,0.0,0.3333333333333333,0.0,0.0,0.0,0.0,0.0,0.0009428388336320463,0.0,0.0,0.0,0.0,0.0,0.0,0.05590062111801243,0.05700712589073635,0.030303030303030307,0.0,0.0,0.0,0.06521739130434781,0.0,0.0,0.0,0.0,0.0,0.0,0.02142653617539717,0.0,0.0,0.0,0.0,0.0,1.0,0.0,0.0,0.051258332391820136,0.014538745387453875,0.0,0.0,0.0,1.0,0.0,0.0,0.0,0.1,0.0,0.0,0.0,0.0,0.5,0.0758588032857771,0.5,0.02461538461538462,0.0,0.31578947368421056,0.0,0.0,0.0,0.0,0.0,0.16666666666666666,0.0,0.0,0.0,0.0,0.0,0.0,0.0,0.0,0.0,0.06896551724137931,0.0,0.02507036030238121,0.0,0.18181818181818185,0.0,0.0,0.0,0.0,0.0,0.0,0.0,0.09313411524849594,0.0,0.0,0.0,0.0625,0.2976271812097815,0.05102954341987466,0.13333333333333333,0.0,0.0,0.0,0.012263065748809782,0.021931833644188988,0.0,0.0,0.0,0.0,0.0,0.017110848517480813,0.0,0.0,0.0,0.0,0.0,0.0,0.0,0.0,0.0,0.0,0.003025021742343773,0.0,0.0,0.0,0.1919465570840238,0.7522935779816514,0.07932010455250861,0.1032852433641182,0.0,0.0,0.0,0.0,0.0,0.057547051467874075,0.0,0.0,0.0,0.0035377358490566047,0.0,0.0,0.0,0.0,0.024425117341441142,0.0,0.0,0.0,0.0,0.0,0.0,0.0,0.02382194400973744,0.0,0.0,0.2328767123287671,0.0,0.0,0.0,0.03762631569210962,0.0,0.06983240223463688,0.0,0.0,0.0,0.0,0.0,0.0,0.0,0.0,0.0,0.0,0.0,0.0,0.0,0.0,0.0,0.07684195084855668,0.0,0.09661229611041404,0.020891364902506968,0.0,0.0,0.040073982737361284,0.0,0.0,0.1082195310486988,0.0,0.0,0.0,0.0,0.0,0.0,0.0,0.0,0.0,0.0,0.0,0.0,0.0,0.009254218835057159,0.0,0.0,0.0,0.0,0.0,0.0,0.047619047619047616,0.0,0.0,0.0,0.0,0.0,0.0,0.0,0.0,1.0,0.0,0.0,0.0,0.0,0.0,0.0,0.0,0.0,0.0,0.0,0.0,0.0,0.0,0.0,0.0,0.06747097945149759,0.0,0.0,0.0,0.0,0.0,0.0,0.0,0.04633204633204633,0.0,0.0,0.0,0.0,0.0,0.0,0.0,0.0,0.0,0.0,0.0,0.0,0.0,0.0,0.0,0.0,0.0,0.08934429250672662,0.0,0.0,0.03254823868708371,0.0,0.0,0.0,0.5,0.0,0.0,0.0
Thermotogae,0.0,0.0,0.0,0.0,0.0,0.0,0.0,0.0,0.0,0.0,0.0,0.0,0.0,0.0,0.0,0.0,0.0,0.0,0.0,9.99642070310234e-05,0.0,0.0,0.0,0.0,0.0,0.0009345794325303793,0.0,0.0,0.0,0.0,0.0,0.0,0.0,0.0,0.0,0.0,0.0,0.0,0.0,0.0,0.0,0.0,0.0,0.0,0.0,0.0,0.0,0.0,0.0,0.0,0.0,0.0,0.0,0.0,0.0,0.0,0.0,0.0,0.0,0.0,0.0,0.0,0.0,0.0,0.0,0.0,0.0,0.0,0.0,0.0,0.0,0.0,0.0,0.0,0.0,0.0,0.0,0.0,0.0,0.0,0.0,0.0,0.0,0.0,0.0,0.0,0.0,0.0,0.0,0.0,0.0,0.0,0.0,0.0,0.0,0.0,0.0,0.0,0.0,0.0,0.0,0.0,0.0,0.0,0.0,0.0,0.0,0.0,0.009433962264150943,0.0,0.2326901248581158,0.0,0.0,0.0,0.0,0.0,0.0,0.0,0.0,0.0,0.0,0.0,0.0,0.0,0.0,0.0,0.0,0.0,0.0,0.0,0.0,0.0,0.0,0.0,0.0,0.0,0.0,0.0,0.0,0.0,0.0,0.0,0.0,0.0,0.0,0.0,0.0,0.0,0.0,0.0,0.0,0.0,0.0,0.0,0.0,0.0,0.0,0.0,0.0,0.0,0.0,0.0,0.0,0.0,0.0,0.0,0.0,0.0,0.0,0.0,0.0,0.0,0.0,0.0,0.0,0.0,0.0,0.0,0.0,0.0,0.0,0.0,0.0,0.0,0.0,0.0,0.0,0.0,0.0,0.0,0.0,0.0,0.0,0.0,0.0,0.0,0.0,0.0,0.0,0.0,0.0,0.0,0.0,0.0,0.0,0.0,0.0,0.0,0.0,0.0,0.0,0.0,0.0,0.0,0.0,0.0,0.0,0.0,0.0,0.0,0.0,0.0,0.0,0.0,0.0,0.0,0.0,0.0,0.0,0.0,0.0,0.0,0.0,0.0,0.0,0.0,0.0,0.0,0.0,0.0,0.0,0.0,0.0,0.0,0.0,0.0,0.0,0.0,0.0,0.0,0.0,0.0,0.0,0.0,0.0,0.0,0.0,0.0,0.0,0.0,0.0,0.0,0.0,0.0,0.0,0.0,0.0,0.0,0.0,0.0,0.0,0.0,0.0,0.0,0.0,0.0,0.0,0.0,0.0,0.0,0.0,0.0,0.0,0.0,0.0,0.0,0.0,0.0,0.0,0.0,0.0,0.0,0.0,0.0,0.0,0.0,0.0,0.0,0.0,0.0,0.0,0.0,0.0,0.0,0.0,0.0,0.0,0.0,0.0,0.0,0.0,0.0,0.0,0.0,0.0,0.0,0.0,0.0,0.0,0.0,0.0,0.0,0.0,0.0,0.0,0.0,0.0,0.0,0.0,0.0,0.0,0.0,0.0,0.0,0.1724137931034483,0.0,0.0,0.0,0.0,0.0,0.0,0.0,0.0,0.0,0.0,0.0,0.0,0.0,0.0,0.0,0.0,0.0,0.0,0.0,0.0,0.0,0.0,0.0,0.0,0.0,0.0,0.0,0.0,0.0,0.0,0.0,0.0,0.0,0.0,0.0,0.0,0.0,0.0,0.0,0.0,0.0,0.0,0.0,0.0,0.0,0.0,0.0,0.0,0.0,0.0,0.0,0.0,0.0,0.0,0.0,0.0,0.0,0.0,0.0,0.0,0.0,0.0,0.0,0.0,0.0,0.0,0.0,0.0,0.0,0.0,0.0,0.0,0.0,0.0,0.0,0.0,0.0,0.0,0.0,0.0,0.0,0.0,0.0,0.0,0.0,0.0,0.0,0.0,0.0,0.0,0.0,0.0,0.0,0.0,0.0,0.0,0.0,0.0,0.0,0.0,0.0,0.0,0.0,0.0,0.0,0.0,0.0,0.0,0.0,0.0,0.0,0.0,0.0,0.0,0.0,0.0,0.0,0.0,0.0,0.0,0.0,0.0,0.0,0.0,0.0,0.0,0.0,0.0,0.0,0.0,0.0,0.0,0.0,0.0,0.0,0.0,0.0,0.0,0.0,0.0,0.0,0.0,0.0,0.0,0.0,0.0,0.0,0.0,0.0,0.0,0.0,0.0,0.0,0.0,0.0,0.0,0.0,0.0,0.0,0.0,0.0,0.0,0.0,0.0,0.0,0.0,0.0,0.0,0.0,0.0,0.0,0.0,0.0,0.0,0.0,0.0,0.0,0.0,0.0,0.0,0.0,0.0,0.0,0.0,0.0,0.0,0.0,0.0,0.0,0.0,0.0,0.0,0.0,0.0,0.0
Bacteroidia,0.0,0.0,0.7672876539311652,0.5058933582787652,0.8698517298187809,0.0,0.0,0.0,0.08023358367287206,0.5,0.00017119010471571537,0.07289269250757613,0.08219619641130332,0.000568537995120586,0.2378834650063657,0.4686325814412024,0.3427258564007763,0.4183975785002266,0.07463921889323236,0.2228976474809786,0.10276431346738382,0.6381468301638538,0.531805062741163,0.3268678014228957,0.1728430638807221,0.31610130152245103,0.6047056612392511,0.08918672139481525,0.4543079756481756,0.1125181942860746,0.017242549735669417,0.009998913936836884,0.006182256367964929,0.15613552367307998,0.3621288689463283,0.0,0.0,0.0004793963472965737,0.6153846153846154,0.0,0.4014962593516209,0.1935483870967742,0.2125,0.7945205479452054,0.4466209598432909,0.4675385333956095,0.6071428571428572,0.4210526315789474,0.4054054054054053,0.30303030303030304,0.18181818181818185,0.4705882352941176,0.4210526315789474,0.44036697247706413,0.3636363636363637,0.29508196721311475,0.5,0.0,0.0,0.7692307692307693,0.0,0.0,0.0,0.0,0.0,0.6181818181818182,0.0,0.0,0.0,0.1875,0.0,1.0,0.3333333333333333,0.0,0.13636363636363638,0.014469709015741771,1.0,0.0,0.6702334630350195,0.0,0.0,0.0,0.0,0.0,0.0,0.0,0.0,0.0,0.0,0.4883720930232559,0.054945054945054944,0.0,0.0,1.0,0.0,0.0,0.7777777777777778,0.819672131147541,0.4118266764382558,0.0,0.0,0.5238095238095238,0.0,0.4526198439241917,0.7,1.0,0.0,0.6715789315013403,0.8867924528301887,0.0,0.0,0.0,0.18804343720801156,0.2151777137367916,0.0,0.0,0.2657077520705509,0.0,0.0,0.0,0.0,0.5,0.0,0.4824264149886578,0.0,0.0,0.0,0.0,0.0,0.9263959390862944,0.0,0.0,1.0,0.0,1.0,0.0,1.0,0.0,0.0,0.0,0.0,0.0,0.0,0.0,0.3962264150943397,0.7021276595744681,0.0,1.0,0.0,0.0,0.7678729037952339,0.7721178808249525,1.0,1.0,0.0,0.0,0.0,0.7732245586446882,0.0,1.0,0.0,1.0,0.0,0.4827586206896551,0.0,0.5027027027027027,0.9416058394160584,0.0,1.0,0.0678415674039852,0.0,0.3157894736842105,0.8336059074651941,0.2558139534883721,0.0,0.0,0.0,0.0,0.0,0.0,0.0,0.0,0.0,0.0,0.0,0.0,0.7647058823529411,0.006051225937897204,0.0,0.6666666666666666,0.5,0.0,1.0,1.0,0.0,0.0,0.0,0.0,0.0,0.0,0.0,0.0,0.0,0.0,0.0,0.5,0.0,0.0,0.0,0.0,0.0,0.0,1.0,0.0,0.0,0.0,0.0,0.3333333333333333,0.6238030095759234,0.0,0.0,0.07692307692307693,0.4444444444444444,0.22222222222222224,0.0,0.5555555555555556,0.09326814591951862,0.19357749868391366,0.6436781609195402,0.5,0.3047229510156751,0.4878048780487805,0.5253448117367143,0.22448979591836732,0.3636363636363637,0.3750000000000001,0.1664190193164933,0.30283911671924296,0.2370203160270881,0.6525112290730911,0.19370460048426152,0.11864406779661014,0.4081632653061225,0.5,0.4722222222222222,0.3448275862068966,0.75,0.22857142857142854,0.7809523809523811,0.0,0.0,0.0,0.6006825938566552,0.0,0.0,0.3333333333333333,0.6574431064130467,0.8333333333333334,0.6129032258064517,0.480349344978166,0.0,0.0,0.0,0.0,0.3012048192771085,0.0,0.0,0.5,0.0,0.0,0.0,0.0,0.0,0.0,0.0,0.0,1.0,0.0,0.07024149310558744,0.4105263157894737,0.6176470588235294,0.3834508715215994,0.3225033054946526,0.338865836791148,0.21963394342762066,0.2732919254658385,0.15201900237529692,0.3636363636363637,0.5230769230769231,1.0,0.25,0.7826086956521737,0.6868292682926829,0.0,0.0,0.0,0.0,0.0,0.8164385775702304,0.0,0.0,0.0,0.0,0.0,0.0,0.0,0.0,0.4374505705569992,0.029077490774907757,1.0,0.0,0.0,0.0,0.0,0.0,0.0,0.5,0.04624553989674488,0.0,0.0,0.0,0.0,0.44567664644672345,0.5,0.0,0.13333333333333333,0.31578947368421056,0.0,0.0,0.0,0.0,0.0,0.8333333333333334,0.0,0.0,0.0,0.0,0.0,0.0,0.0,0.0,0.0,0.6551724137931034,0.0,0.8739173071062377,0.17391304347826084,0.0,0.0,0.0,0.0,0.0,0.0,0.0,0.0,0.5326774136521346,1.0,0.8,0.0,0.9375,0.22393153049960726,0.3706356311548791,0.7333333333333333,0.04122028280168709,1.0,0.0,0.3994255701040901,0.458410509722233,0.8837209302325582,0.0,0.0,1.0,0.0,0.5641668980340309,0.0,0.0,0.14285714285714285,0.20295134371631413,0.0,0.0,0.0,0.0,0.020270270270270268,0.0,0.006050043484687547,0.0,0.0,0.3818181818181817,0.6873812248907682,0.11009174311926606,0.7294377789628413,0.7370035374686527,0.0,0.0,0.0,0.0,0.0,0.3970748081912124,0.0,0.0,0.0,0.15212264150943394,0.0,0.0,0.0,0.0,0.08606946110793544,0.0,0.0,0.0,0.0,0.0,0.0,0.0,0.2382194400973744,0.0,0.4048027444253859,0.547945205479452,0.0,0.0,0.16941231988594802,0.6390388149144329,0.0,0.6354748603351954,0.0,0.0,0.0,0.0,0.7083333333333334,0.0,1.0,0.04552502890916807,0.0,0.0,1.0,0.0,0.0,0.0,0.0,0.14753198865660622,0.0,0.2990380593893768,0.8189415041782729,0.0,0.0,0.736788796899771,0.25806451612903225,0.0,0.3246585931460964,0.25950657029017,0.0,0.0,0.0,0.0,0.0,0.0,0.1,0.0,0.0,0.0,0.0,0.0,0.7316276537833424,0.0,0.0,0.0,0.0,0.0,0.0,0.9047619047619048,0.0,0.0,0.0,0.0,0.0,0.9333333333333332,0.0,0.0,0.0,0.0,0.0,0.0,1.0,0.0,0.0,0.0,0.0,0.0,0.0,0.0,0.0,0.0,0.0,0.0,0.5589852776523409,0.625,0.0,0.0,0.0,0.0,0.0,0.0,0.14671814671814673,0.0,1.0,0.0,0.0,0.0,1.0,1.0,0.0,0.0,0.0,1.0,0.0,0.0,0.0,0.0,0.0,0.0,0.7483690243632746,0.0,0.0,0.5551740712765227,0.0,0.0,0.0,0.5,0.0,0.0,0.0
Fusobacteriia,0.0,0.0,0.0,0.019457436856875586,0.0,0.0,0.0,0.0,0.02407007510186162,0.0,0.0,0.0039338913416787115,0.0,0.0,0.0,0.0,0.05875092768615845,0.04058086466378597,0.4275425406436338,0.02629058644915916,0.10822173483765744,0.00704021862136688,0.0,0.02374733741794336,0.14811104823600088,0.2527933522835505,0.06770661698582478,0.01074751961266556,0.3113357992793435,0.02961005112791437,0.002652699959333757,0.010476270583502244,0.00193195511498904,0.07666336823736414,0.03585741068834415,0.0,0.0,4.3581486117870345e-05,0.0,0.0,0.0,0.0,0.0125,0.0,0.047012732615083264,0.03923400280242878,0.07142857142857144,0.0,0.0,0.0,0.0,0.0,0.0,0.0,0.0,0.0,0.0,0.0,0.0,0.0,0.0,0.0,0.0,0.0,0.0,0.16363636363636366,0.0,0.0,0.0,0.0,0.0,0.0,0.0,0.0,0.0,0.0,0.0,0.0,0.03793774319066148,0.0,0.0,0.0,0.0,0.0,0.0,0.0,0.0,0.0,0.0,0.0,0.0,0.0,0.0,0.0,0.0,0.0,0.1388888888888889,0.0,0.0,0.0,0.0,0.0,0.0,0.05722779635823114,0.0,0.0,0.0,0.01333311867672178,0.0,0.0,0.0,0.0,0.01979404602189595,0.0,0.0,0.0,0.35698368547590736,0.0,0.0,0.0,0.0,0.0,0.0,0.0,0.0,0.0,0.0,0.0,0.0,0.0,0.0,0.0,0.0,0.0,0.0,0.0,0.0,0.0,0.0,0.0,0.0,0.0,0.0,0.0,0.05660377358490566,0.0,0.0,0.0,0.0,0.0,0.0,0.05024628291702511,0.0,0.0,0.0,0.0,0.0,0.01133593264208725,0.0,0.0,0.0,0.0,0.0,0.044334975369458116,0.0,0.0,0.02189781021897811,0.0,0.0,0.0,0.0,0.0,0.06232519553655316,0.0,0.0,0.0,0.0,0.0,0.0,0.0,0.0,0.0,0.0,0.0,0.0,0.0,0.0,0.06845146780949317,0.027960526315789474,0.0,0.0,0.0,0.0,0.0,0.0,0.0,0.0,0.0,0.0,0.0,0.0,0.3333333333333333,0.0,0.0,0.0,0.0,0.0,0.0,0.0,0.0,0.0,0.0,0.0,0.0,0.0,0.0,0.0,0.0,0.13862289101687186,0.0,0.0,0.0,0.1111111111111111,0.0,0.10256410256410256,0.0,0.0,0.0,0.09195402298850576,0.0,0.031585019150315086,0.11382113821138212,0.0645069491414332,0.0,0.0,0.0,0.031203566121842493,0.15141955835962148,0.033860045146726865,0.0,0.043583535108958835,0.03389830508474576,0.0,0.0,0.0,0.0,0.0,0.1523809523809524,0.09523809523809523,0.0,0.0,0.0,0.04095563139931741,0.0,0.0,0.0,0.17070605854097018,0.16666666666666666,0.03225806451612904,0.0,0.0,0.0,0.0,0.0,0.0,0.0,0.0,0.0,0.0,0.0,0.0,1.0,0.0,0.0,0.0,0.0,0.0,0.0,0.009899807753136486,0.0,0.0,0.0,0.022617114930793818,0.0,0.0,0.0,0.0,0.0,0.030769230769230767,0.0,0.0,0.08695652173913042,0.0,0.0,0.0,0.0,0.0,0.0,0.008294143035637613,0.0,0.0,0.0,0.0,0.0,0.0,0.0,0.0,0.0,0.014538745387453875,0.0,0.0,0.0,0.0,0.0,0.0,0.0,0.0,0.005780692487093109,0.0,0.0,1.0,0.0,0.34862354119965233,0.0,0.1107692307692308,0.0,0.1263157894736842,0.0,0.0,0.0,0.0,0.0,0.0,0.0,0.0,0.0,0.0,0.0,0.0,0.0,0.0,0.0,0.13793103448275862,0.0,0.008644951828407313,0.0,0.6818181818181819,0.0,0.0,0.0,0.0,0.0,0.0,0.0,0.0683172401877995,0.0,0.2,0.0,0.0,0.028274582214929237,0.2381378692927485,0.0,0.003902511981224813,0.0,0.0,0.03429411460489662,0.006332818471425556,0.0,0.0,0.0,0.0,0.0,0.28487250504778866,0.0,0.0,0.0,0.0,0.0,0.0,0.0,0.0,0.0,0.0,0.0,0.0,0.0,0.0,0.0,0.0,0.009295324752247106,0.010938295426226959,0.0,0.0,0.0,0.0,0.0,0.01697671437031361,0.0,0.0,0.0,0.008844339622641511,0.0,0.0,0.0,0.0,0.0034893024773487344,0.0,0.0,0.0,0.0,0.0,0.0,0.0,0.0,0.0,0.0,0.1643835616438356,0.0,0.0,0.056470773295316,0.06262411301056314,0.0,0.13407821229050282,0.0,0.0,0.0,0.0,0.10833333333333334,0.0,0.0,0.0035975876503830384,0.0,0.0,0.0,0.0,0.0,0.0,0.0,0.003161399756927276,0.0,0.0,0.02506963788300836,0.0,0.0,0.0,0.0,0.0,0.03607317701623294,0.0,0.0,0.0,0.0,0.0,0.0,0.0,0.9,0.0,0.0,0.0,0.0,0.0,0.07403375068045727,0.0,0.0,0.0,0.0,0.0,0.0,0.0,0.0,0.0,0.0,0.0,0.0,0.0,0.0,0.0,0.0,0.028595810705973626,0.0,0.0,0.0,0.0,0.0,0.0,0.0,0.0,0.0,0.0,0.0,0.0,0.0,0.0,0.0012375645434225245,0.0,0.0,0.0,0.0,0.0,0.0,0.0,0.04633204633204633,0.0,0.0,0.0,0.0,0.0,0.0,0.0,0.0,0.0,0.0,0.0,0.0,0.0,0.0,0.0,0.0,0.0,0.00707677564409716,0.0,0.0,0.059671770926320124,0.0,0.0,0.0,0.0,0.0,0.0,0.0
Verrucomicrobiae,,,,,,,,,,,,,,,,,,,,,,,,,,,,,,,,,,,,,,,,,,,,,,,,,,,,,,,,,,,,,,,,,,,,,,,,,,,,,,,,,,,,,,,,,,,,,,,,,,,,,,,,,,,,,,,,,,,,,,,,,,,,,,,,,,,,,,,,,,,,,,,,,,,,,,,,,,,,,,,,,,,,,,,,,,,,,,,,,,,,,,,,,,,,,,,,,,,,,,,,,,,,,,,,,,,,,,,,,,,,,,,,,,,,,,,,,,,,,,,,,,,,,,,,,,,,,,,,,,,,,,,,,,,,,,,,,,,,,,,,,,,,,,,,,,,,,,,,,,,,,,,,,,,,,,,,,,,,,,,,,,,,,,,,,,,,,,,,,,,,,,,,,,,,,,,,,,,,,,,,,,,,,,,,,,,,,,,,,,,,,,,,,,,,,,,,,,,,,,,,,,,,,,,,,,,,,,,,,,,,,,,,,,,,,,,,,,,,,,,,,,,,,,,,,,,,,,,,,,,,,,,,,,,,,,,,,,,,,,,,,,,,,,,,,,,,,,,,,,,,,,,,,,,,,,,,,,,,,,,,,,,,,,,,,,
Spirochaetia,0.0,0.0,0.0,0.0,0.009296305012944222,0.0,0.0,0.0,0.0,0.0,0.0,0.0,0.0,0.0,0.0,0.0,0.00043519205693450696,0.0,0.014046810699595498,0.022391982374949243,0.00248293239628556,0.004693479080911253,0.037986075910083066,0.0,0.0,0.0,0.02462058799484537,0.0011941688458517287,0.005954988264310125,0.0,0.0,0.00035385175524585384,0.0,0.0,0.0,0.0,0.0,0.0,0.0,0.0,0.0,0.0,0.1875,0.0547945205479452,0.0,0.0,0.0,0.0,0.0,0.0,0.0,0.0,0.0,0.0,0.0,0.0,0.0,0.0,0.0,0.0,0.0,0.0,0.0,0.0,0.0,0.09090909090909093,0.0,0.0,0.0,0.0,0.0,0.0,0.0,0.0,0.0,0.0,0.0,0.0,0.0,0.0,0.0,0.0,0.0,0.0,0.0,0.0,0.0,0.0,0.0,0.04651162790697675,0.0,0.0,0.0,0.0,0.0,0.0,0.0,0.0,0.0,0.0,0.0,0.0,0.0,0.005202526941657376,0.0,0.0,0.0,0.0,0.0,0.0,0.0,0.0,0.0,0.0,0.0,0.0,0.0,0.0,0.0,0.0,0.0,0.0,0.0,0.0,0.0,0.0,0.0,0.0,0.0,0.015228426395939087,0.0,0.0,0.0,0.0,0.0,0.0,0.0,0.0,0.0,0.0,0.0,0.0,0.0,0.0,0.018867924528301886,0.0,0.0,0.0,0.0,0.0,0.0,0.038522150236385916,0.0,0.0,0.0,0.0,0.0,0.05847810907472701,0.0,0.0,0.0,0.0,1.0,0.1970443349753694,0.0,0.0,0.0,0.0,0.0,0.0,0.0,0.0,0.0001830402218400974,0.0,0.0,0.0,0.0,0.0,0.0,0.0,0.0,0.0,0.0,0.0,0.0,0.0,0.0,0.0,0.0,0.0,0.04166666666666666,0.0,0.0,0.0,0.0,0.0,0.0,0.0,0.0,0.0,0.0,0.0,0.0,0.0,0.0,0.0,0.0,0.0,0.0,0.0,0.0,1.0,0.0,0.0,0.0,0.0,0.0,0.0,0.0,0.0,0.0,0.0,0.0,0.0,0.0,0.0,0.0,0.0,0.0,0.0,0.004785608962168953,0.0,0.008639323545727662,0.0,0.0,0.0,0.0,0.0,0.0,0.0,0.0,0.0,0.0,0.0,0.0,0.0,0.0,0.0,0.0,0.0,0.0,0.0,0.0,0.0,0.0,0.0,0.08351523503044259,0.0,0.0,0.0,0.0,0.0,0.0,0.0,0.0,0.0,0.0,0.0,0.0,0.0,0.0,0.0,0.0,0.0,0.0,0.0,0.0,0.0,0.0,0.0,0.0,0.0,0.0,0.0,0.0,0.0,0.0,0.0,0.0,0.0,0.0,0.021739130434782605,0.0,0.0,0.0,0.0,0.0,0.0,0.0007899183843464394,0.0,0.0,0.0,0.3333333333333333,0.0,0.0,0.0,1.0,0.0,0.0,0.0,0.0,0.0,0.0,0.0,0.0,0.0,0.0,0.01156138497418622,0.0,0.0,0.0,0.0,0.0,0.0,0.0,0.0,0.0,0.0,0.0,0.0,0.0,0.0,0.0,0.0,0.0,0.0,0.0,0.0,0.0,0.0,0.0,0.0,0.0,0.0,0.0017289903656814627,0.0,0.0,0.0,0.0,0.0,0.0,0.0,0.0,0.0,0.0,0.0,0.0,0.0,0.0,0.0,0.0,0.0,0.0,0.0,0.0,0.0,0.0,0.0,0.0,0.0,0.0,0.0,0.0,0.0,0.0,0.0,0.0,0.0,0.0,0.0,0.0,0.0,0.0,0.0,0.0,0.0,0.0,0.004828844203371668,0.0,0.027885974256741303,0.03736076292166825,0.0,0.0,0.0,0.0,0.0,0.0,0.0,0.0,0.0,0.0,0.0,0.0,0.0,0.0,0.0034893024773487344,0.0,0.0,0.0,0.0,0.0,0.0,0.0,0.0,0.0,0.0,0.0,0.0,0.0,0.0,0.0,0.0,0.0,0.0,0.0,0.0,0.0,0.06666666666666668,0.0,0.0,0.0,0.0,0.0,0.0,0.0,0.0,0.0,0.0,0.7408506631686371,0.0,0.0,0.008356545961002788,0.0,0.0,0.0,0.0,0.0,0.07214635403246587,0.0,0.0,0.0,0.0,0.0,0.0,0.0,0.0,0.0,0.0,0.0,0.0,0.0,0.0,0.0,0.0,0.0,0.0,0.0,0.0,0.0,0.0,0.0,0.0,0.0,0.0,0.0,0.0,0.0,0.0,0.0,0.0,0.0,0.0,0.0,0.0,0.0,0.0,0.0,0.0,0.0,0.0,0.0,0.0,0.0,0.0050639173508798705,0.0,0.0,0.0,0.0,0.0,0.0,0.0,0.0,0.0,0.0,0.0,0.0,0.0,0.0,0.0,0.0,0.0,0.0,0.0,0.0,0.0,0.0,0.0,0.0,0.0,0.03184549039843721,0.0,0.0,0.08679530316555656,0.0,1.0,0.0,0.0,0.0,0.0,0.0
Anaerolineae,,,,,,,,,,,,,,,,,,,,,,,,,,,,,,,,,,,,,,,,,,,,,,,,,,,,,,,,,,,,,,,,,,,,,,,,,,,,,,,,,,,,,,,,,,,,,,,,,,,,,,,,,,,,,,,,,,,,,,,,,,,,,,,,,,,,,,,,,,,,,,,,,,,,,,,,,,,,,,,,,,,,,,,,,,,,,,,,,,,,,,,,,,,,,,,,,,,,,,,,,,,,,,,,,,,,,,,,,,,,,,,,,,,,,,,,,,,,,,,,,,,,,,,,,,,,,,,,,,,,,,,,,,,,,,,,,,,,,,,,,,,,,,,,,,,,,,,,,,,,,,,,,,,,,,,,,,,,,,,,,,,,,,,,,,,,,,,,,,,,,,,,,,,,,,,,,,,,,,,,,,,,,,,,,,,,,,,,,,,,,,,,,,,,,,,,,,,,,,,,,,,,,,,,,,,,,,,,,,,,,,,,,,,,,,,,,,,,,,,,,,,,,,,,,,,,,,,,,,,,,,,,,,,,,,,,,,,,,,,,,,,,,,,,,,,,,,,,,,,,,,,,,,,,,,,,,,,,,,,,,,,,,,,,,,
Erysipelotrichia,0.0,0.0,0.01136722450268393,0.0,0.0,0.0,0.0,0.0,0.0,0.0,0.0,0.0,0.009670140754270978,0.0,0.0,0.0,0.00030128680864696634,0.0010019966583650858,0.0009236149546771367,0.0005997852421861403,0.00611117427763229,0.004693479080911253,0.037986075910083066,0.002793804402110983,0.0,0.0037383177301215154,0.012310293997422686,0.0017912532687775929,0.0054171183565659845,0.0,0.0006631749898334393,0.00035385175524585384,0.00019319551149890403,0.0,0.00024549336589113857,0.0,0.0,0.0,0.0,0.0,0.017456359102244384,0.0,0.0,0.0,0.0,0.0,0.0,0.0,0.0,0.0,0.0,0.0,0.0,0.0,0.0,0.0,0.0,0.0,0.0,0.0,0.0,0.0,0.0,0.0,0.0,0.0,0.0,0.0,0.0,0.0,0.0,0.0,0.0,0.0,0.0,0.0,0.0,0.0,0.0,0.0,0.0,0.0,0.0,0.0,0.0,0.0,0.0,0.0,0.0,0.0,0.0,0.0,0.0,0.0,0.0,0.0,0.027777777777777776,0.0,0.0,0.0,0.0,0.0,0.0,0.01300631735414344,0.0,0.0,0.0,0.015179242801190953,0.009433962264150943,0.0,0.0,0.0,0.0,0.0,0.0,0.0,0.0022905840695737144,0.0,0.0,0.0,0.0,0.0,0.0,0.0,0.0,0.0,0.0,0.0,0.0,0.01015228426395939,0.0,0.0,0.0,0.0,0.0,0.0,0.0,0.0,0.0,0.0,0.0,0.0,0.0,0.0,0.0,0.0,0.0,0.0,0.0,0.0,0.0,0.0033497521944683404,0.0,0.0,0.0,0.0,0.0,0.0017110841723905286,0.0,0.0,0.0,0.0,0.0,0.004926108374384236,0.0,0.0,0.0,0.0,0.0,0.001911030067717893,0.0,0.0,0.0013728016638007304,0.0,0.0,0.0,0.0,0.0,0.0,0.0,0.0,0.0,0.0,0.0,0.0,0.0,0.0,0.0,0.0,0.0,0.0,0.0,0.0,0.0,0.0,0.0,0.0,0.0,0.0,0.0,0.0,0.0,0.0,0.0,0.0,0.0,0.0,0.0,0.0,0.0,0.0,0.0,0.0,0.0,0.0,0.0,0.0,0.0,0.0,0.0,0.0,0.0,0.0,0.0,0.0,0.0,0.0,0.014890576821839512,0.0,0.0,0.0019142435848675812,0.0,0.0017278647091455322,0.0,0.0,0.0,0.0,0.0,0.0,0.0,0.0,0.0,0.0,0.0,0.0,0.0,0.0,0.0,0.0,0.0,0.0,0.0,0.0,0.0,0.0,0.0,0.007325897809687946,0.0,0.0,0.0,0.0,0.0,0.0,0.0,0.0,0.0,0.0,0.0,0.0,0.0,0.0,0.0,0.0,0.0,0.0,0.0,0.0,0.0,0.0,0.0,0.0,0.0,0.0,0.0,0.0,0.0,0.0,0.0,0.0,0.0,0.0,0.0,0.02146341463414634,0.0,0.0,0.0,0.0,0.0,0.005529428690425075,0.0,0.0,0.0,0.0,0.0,0.0,0.0,0.0,0.0,0.0,0.0,0.0,0.0,0.0,0.0,0.0,0.0,0.0,0.005780692487093109,0.0,0.0,0.0,0.0,0.01347929333285123,0.0,0.0,0.0,0.0,0.0,0.0,0.0,0.0,0.0,0.0,0.0,0.0,0.0,0.0,0.0,0.0,0.0,0.0,0.0,0.0,0.0,0.006051466279885119,0.0,0.0,0.0,0.0,0.0,0.0,0.0,0.0,0.0,0.006004127997502569,0.0,0.0,0.0,0.0,0.0,0.0,0.0,0.0,0.0,0.0,0.002335822047392339,0.0003567785054324257,0.0,0.0,0.0,0.0,0.0,0.018035759248155453,0.0,0.0,0.0,0.0,0.0,0.0,0.0,0.0,0.0,0.0,0.0,0.0,0.0,0.0,0.013882927084693544,0.0,0.0,0.0013672869282783699,0.0,0.0,0.0,0.0,0.0,0.0010693993304134557,0.0,0.0,0.0,0.0,0.0,0.0,0.0,0.0,0.0,0.0,0.0,0.0,0.0,0.0,0.0,0.0,0.0,0.0,0.0,0.0,0.0,0.0,0.0,0.004898100267611903,0.0,0.0,0.0,0.0,0.0,0.0,0.0,0.0,0.0,0.0,0.0,0.0,0.0,0.0,0.0,0.0,0.0,0.0,0.0,0.046005855290673366,0.0,0.0,0.0,0.0,0.0,0.0,0.0,0.0,0.0,0.0,0.0,0.0,0.0,0.0,0.0,0.0,0.0,0.0,0.0,0.0,0.0,0.0,0.0,0.0,0.0,0.0,0.0,0.0,0.0,0.0,0.0,0.0,0.0,0.06666666666666668,0.0,0.0,0.0,0.0,0.0,0.0,0.0,0.0,0.0,0.0,0.0,0.0,0.0,0.0,0.0,0.0,0.0,0.0,0.00015492048151887082,0.0,0.0,0.0,0.0,0.0,0.0,0.0,0.0,0.0,0.0,0.0,0.0,0.0,0.0,0.0,0.0,0.0,0.0,0.0,0.0,0.0,0.0,0.0,0.0,0.0,0.0,0.0,0.0,0.0,0.0,0.0,0.0,0.0,0.0,0.0,0.0
Synergistia,,,,,,,,,,,,,,,,,,,,,,,,,,,,,,,,,,,,,,,,,,,,,,,,,,,,,,,,,,,,,,,,,,,,,,,,,,,,,,,,,,,,,,,,,,,,,,,,,,,,,,,,,,,,,,,,,,,,,,,,,,,,,,,,,,,,,,,,,,,,,,,,,,,,,,,,,,,,,,,,,,,,,,,,,,,,,,,,,,,,,,,,,,,,,,,,,,,,,,,,,,,,,,,,,,,,,,,,,,,,,,,,,,,,,,,,,,,,,,,,,,,,,,,,,,,,,,,,,,,,,,,,,,,,,,,,,,,,,,,,,,,,,,,,,,,,,,,,,,,,,,,,,,,,,,,,,,,,,,,,,,,,,,,,,,,,,,,,,,,,,,,,,,,,,,,,,,,,,,,,,,,,,,,,,,,,,,,,,,,,,,,,,,,,,,,,,,,,,,,,,,,,,,,,,,,,,,,,,,,,,,,,,,,,,,,,,,,,,,,,,,,,,,,,,,,,,,,,,,,,,,,,,,,,,,,,,,,,,,,,,,,,,,,,,,,,,,,,,,,,,,,,,,,,,,,,,,,,,,,,,,,,,,,,,,
Negativicutes,0.1153846153846154,0.0,0.06251973476476161,0.0,0.0,0.0,0.0,0.0,0.01203503755093081,0.13636363636363635,0.8458503074003497,0.02360334805007227,0.03868056301708391,0.0003411227970723516,0.14867716562897856,0.13783311218858893,0.04244796370715037,0.0385768713470558,0.009861750809175828,0.020092805613235704,0.053749827291661535,0.01720942329667459,0.018993037955041536,0.08406064421645693,0.03630172750882375,0.041121495031336684,0.02462058799484537,0.007762097498036237,0.07896627898683346,0.03553206135349725,0.02188477466450349,0.00813859037065464,0.001159173068993424,0.050227724017583415,0.2894949372590505,0.0,0.0,0.00010895371529467584,0.07692307692307693,0.0,0.1047381546134663,0.016129032258064516,0.1375,0.0410958904109589,0.12536728697355534,0.0,0.0,0.10526315789473684,0.0,0.0,0.07272727272727272,0.1176470588235294,0.10526315789473684,0.0,0.0,0.04918032786885247,0.0,0.0,0.0,0.2307692307692308,0.0,0.0,0.0,0.0,0.0,0.09090909090909093,0.0,0.0,0.0,0.0125,0.0,0.0,0.0,0.0,0.4090909090909091,0.006201303863889332,0.0,0.0,0.2276264591439689,0.0,0.0,0.01282051282051282,0.0,0.0,0.08725157537566651,0.0,0.0,0.0,0.0,0.4186046511627908,0.01098901098901099,0.0,0.0,0.0,0.0,0.0,0.0,0.0,0.055652253572737266,0.0,0.0,0.0,0.0,0.05314009661835749,0.2,0.0,0.0,0.10338295097027353,0.0,0.0,0.0,0.0,0.029691069032843926,0.0,0.0,0.0,0.2218812435393738,0.0,0.0,0.0,0.0,0.0,0.0,0.1754277872686028,0.0,0.0,0.0,0.0,0.0,0.02030456852791878,0.0,0.0,0.0,0.0,0.0,0.0,0.0,0.0,0.0,0.0,0.0,0.0,0.0,0.0,0.07547169811320754,0.10638297872340426,0.0,0.0,0.0,0.0,0.008826125330979701,0.03014776975021506,0.0,0.0,0.0,0.0,0.0,0.10935750161408536,0.0,0.0,0.0,0.0,0.0,0.04926108374384235,0.0,0.15675675675675674,0.007299270072992701,0.0,0.0,0.35784038018017544,0.0,0.10526315789473684,0.027028939425054386,0.0,0.0,0.0,0.0,0.0,1.0,0.0,0.0,0.0,0.0,0.0,0.0,0.0,0.0,0.5850671021098325,0.0,0.3333333333333333,0.2916666666666667,0.0,0.0,0.0,0.0,0.0,0.0,0.0,0.0,0.0,0.0,0.0,0.0,0.0,0.0,0.0,0.0,0.0,0.0,0.0,0.0,0.0,0.0,0.0,0.0,0.0,0.0,0.0,0.0,0.0,1.0,0.0,0.0,0.0,0.0,0.0,0.0,0.04467173046551853,0.0,0.25,0.13112568556342932,0.22764227642276424,0.3203256036132813,0.054421768707482984,0.07905138339920949,0.078125,0.12481426448737,0.13249211356466878,0.033860045146726865,0.06043282972641895,0.021791767554479417,0.03389830508474576,0.08163265306122447,0.0,0.027777777777777776,0.2413793103448276,0.0,0.0,0.1238095238095238,0.0,0.0,0.0,0.09215017064846416,0.0,0.0,0.0,0.010807301141988634,0.0,0.16129032258064518,0.034934497816593885,0.0,0.0,0.0,0.0,0.18072289156626506,0.0,0.0,0.25,0.0,0.0,0.13333333333333333,0.0,0.0,0.0,0.0,0.0,0.0,0.0,0.011785485420400577,0.3094736842105263,0.2867647058823529,0.02660679516680486,0.05654278732698456,0.08298755186721991,0.0,0.0,0.17102137767220904,0.09090909090909093,0.2153846153846154,0.0,0.75,0.0,0.04292682926829268,0.0,0.0,0.0,1.0,0.0,0.0884708590468012,0.0,0.0,0.0,0.6666666666666666,0.0,0.0,0.0,0.0,0.44323381538809176,0.17446494464944656,0.0,0.0,0.0,0.0,0.0,0.0,0.0,0.4,0.15607869715151396,0.0,0.0,0.0,0.0,0.05253860924054514,0.0,0.0,0.06666666666666668,0.0,0.0,0.0,0.0,0.0,0.0,0.0,1.0,0.0,0.0,0.0,0.0,0.0,0.0,0.0,0.0,0.0,0.0,0.015560913291133162,0.0,0.13636363636363638,0.0,0.0,0.0,0.0,0.0,1.0,0.0,0.24903608378830475,0.0,0.0,0.0,0.0,0.2812576862432435,0.008504923903312445,0.06666666666666668,0.04683014377469776,0.0,0.0,0.02647264987044651,0.15332556270958494,0.04651162790697674,0.0,0.0,0.0,0.0,0.016791913782765424,0.0,0.0,0.0,0.0,0.0,0.0,0.0,0.0,0.0,0.2,0.0,0.0,0.0,0.0,0.01629734918637938,0.0,0.07684135128524272,0.05264054673871724,0.0,0.0,0.0,0.0,0.0,0.4329471294923929,0.0,0.0,0.0,0.004422169811320756,0.0,0.0,0.0,0.0,0.03663767601216171,0.0,0.0,0.0,0.0,0.0,0.0,0.0,0.07146583202921232,0.0,0.20240137221269294,0.0547945205479452,0.0,0.0,0.112941546590632,0.0075104204103382515,0.0,0.05586592178770949,0.0,0.0,0.0,0.0,0.05,0.0,0.0,0.0191871341353762,0.0,1.0,0.0,0.0,0.0,0.0,0.3333333333333333,0.026344997974393963,0.0,0.046005855290673366,0.0584958217270195,0.0,0.0,0.0,0.12903225806451613,0.0,0.0,0.09731496385881376,0.0,0.0,0.0,0.0,0.0,0.0,0.0,0.0,0.0,0.0,0.0,0.0,0.10179640718562874,0.0,0.0,0.0,0.0,0.0,0.0,0.047619047619047616,0.0,1.0,0.0,0.0,0.0,0.0,0.0,0.0,0.0,0.17157486423584173,0.0,0.0,0.0,0.0,1.0,0.0,0.0,0.0,0.0,0.0,0.0,0.0,0.0,0.0,0.3629594929951189,0.0,0.0,0.0,0.0,0.0,0.0,0.0,0.7606177606177607,0.0,0.0,0.0,0.0,0.0,0.0,0.0,0.0,0.0,0.0,0.0,0.0,0.0,0.0,0.0,0.0,0.0,0.1127492536213188,0.0,0.0,0.2603859094966697,0.0,0.0,0.0,0.0,0.0,0.0,0.0
Tissierellia,0.0,0.0,0.0,0.0,0.0,0.0,0.0,0.0,0.01604671673457441,0.0,0.0,0.005900837012518067,0.0,0.0,0.0,0.0,0.0004532177634347528,0.009797300659569729,0.006112378643147881,0.0081463368714834,0.006801519577453361,0.01329819072924855,0.0,0.0,0.0174248292042354,0.05046728935664047,0.0,0.0,0.00016831303235530915,0.0,0.0,8.846293881146346e-05,0.0,0.0,0.000515536068371391,0.0,0.0,4.3581486117870345e-05,0.0,0.0,0.0,0.0,0.0,0.0,0.03917727717923605,0.0,0.0,0.0,0.0,0.0,0.0,0.0,0.0,0.0,0.0,0.0,0.0,0.0,0.0,0.0,0.0,0.0,0.0,0.0,0.0,0.0,0.0,0.0,0.0,0.0,0.0,0.0,0.0,0.0,0.0,0.0,0.0,0.0,0.0,0.0,0.0,0.0,0.0,0.0,0.0,0.0,0.0,0.0,0.0,0.04651162790697675,0.0027472527472527475,0.0,0.0,0.0,0.0,0.0,0.0,0.0,0.00742030047636497,0.0,0.0,0.0,0.0,0.018208844295800816,0.0,0.0,0.0,0.040409605835602935,0.0,0.0,0.0,0.0,0.0,0.030739673390970224,0.0,0.0,0.008704219464380115,0.0,0.0,0.0,0.0,0.0,0.0,0.0,0.0,0.0,0.0,0.0,0.0,0.0,0.0,0.0,0.0,0.0,0.0,0.0,0.0,0.0,0.0,0.0,0.0,0.0,0.0,0.0,0.0,0.0,0.0,0.0,0.0,0.0,0.0,0.0033497521944683404,0.0,0.0,0.0,0.0,0.0,0.0053471380387204006,0.0,0.0,0.0,0.0,0.0,0.004926108374384236,0.0,0.0,0.0,0.0,0.0,0.0,0.0,0.0,0.0010575657261872296,0.0,0.0,0.0,0.0,0.0,0.0,0.0,0.0,0.0,0.0,0.0,0.0,0.0,0.0,0.00034578433930841163,0.0,0.0,0.0,0.0,0.0,0.0,0.0,0.0,0.0,0.0,0.0,0.0,0.0,0.0,0.0,0.0,0.0,0.0,0.0,0.0,0.0,0.0,0.0,0.0,0.0,0.0,0.0,0.0,0.0,0.0,0.0,0.0,0.0,0.0,0.0,0.0,0.0,0.0,0.0,0.0,0.0,0.0,0.0,0.0,0.004031684321339575,0.0,0.0,0.0,0.0,0.0,0.0,0.0,0.0,0.0,0.0,0.0,0.0,0.0,0.0,0.0,0.0,0.0,0.0,0.0,0.0,0.0,0.0,0.0,0.0,0.0,0.0,0.004366812227074236,0.0,0.0,0.0,0.0,0.0,0.0,0.0,0.0,0.0,0.0,0.0,0.0,0.0,0.0,0.0,0.0,0.0,0.0,0.0,0.0,0.0,0.0,0.0,0.0,0.0,0.0,0.0,0.0,0.0,0.0,0.0,0.0,0.0,0.0,0.0,0.0,0.0,0.0,0.00845677329123835,0.0,0.0,0.0,0.0,0.0,0.0,0.0,0.0,0.015075980115241215,0.0,0.0,0.0,0.0,0.0,0.0,0.0,0.0,0.0,0.0,0.0,0.0,0.0,0.0,0.010109469999638424,0.0,0.0,0.0,0.0,0.0,0.0,0.0,0.0,0.0,0.0,0.0,0.0,0.0,0.0,0.0,0.0,0.0,0.0,0.0,0.0,0.0,0.0025934855485221942,0.0,0.0,0.0,0.0,0.0,0.0,0.0,0.0,0.0,0.0016307508141365,0.0,0.0,0.0,0.0,0.0059525436241956295,0.008504923903312445,0.0,0.0,0.0,0.0,0.0,0.001070335516297277,0.0,0.0,0.0,0.0,0.0,0.01248629486410762,0.0,0.0,0.0,0.0,0.0,0.0,0.0,0.0,0.0,0.0,0.0,0.0,0.0,0.0,0.012072110508429169,0.0,0.0018590649504494202,0.009571008497948591,0.0,0.0,0.0,0.0,0.0,0.02118747423381659,0.0,0.0,0.0,0.002653301886792453,0.0,0.0,0.0,0.0,0.0,0.0,0.0,0.0,0.0,0.0,0.0,0.0,0.0,0.0,0.0,0.0,0.0,0.0,0.0,0.011428900624427774,0.0,0.0,0.0,0.0,0.0,0.0,0.0,0.0,0.0,0.0,0.0,0.0,0.0,0.0,0.0,0.0,0.0,0.0,0.0,0.0,0.0,0.0,0.0,0.0,0.0,0.0,0.0,0.0,0.0,0.0,0.0,0.0,0.0,0.0,0.0,0.0,0.0,0.0,0.0,0.0,0.018508437670114317,0.0,0.0,0.0,0.0,0.0,0.0,0.0,0.0,0.0,0.0,0.0,0.0,0.0,0.0,0.0,0.0,0.0,0.0,0.0,0.0,0.0,0.0,0.0,0.0,0.0,0.0,0.0,0.0,0.0,0.0,0.0,0.0,0.0,0.0,0.0,0.0,0.0,0.0,0.0,0.0,0.0,0.0,0.0,0.0,0.0,0.0,0.0,0.0,0.0,0.0,0.0,0.0,0.0,0.0,0.0,0.0,0.0,0.0,0.0,0.0,0.0,0.0,0.0,0.0,0.0,0.0,0.0,0.0
