"Term","Overlap","P.value","Adjusted.P.value","Old.P.value","Old.Adjusted.P.value","Odds.Ratio","Combined.Score","Genes"
"Electrocorundum CTD 00005364","5/61",9.41551399215039e-05,0.072876078299244,0,0,12.1884236453202,112.993594511375,"IBSP;COL11A1;MMP3;COL10A1;MMP8"
"BROMOCRIPTINE MESYLATE BOSS","3/34",0.00208660457957588,0.618259395913797,0,0,13.0473996050033,80.5313834376077,"NPSR1;IGFBP1;HTR2C"
"3,7,12-Trihydroxycholan-24-oic acid CTD 00007320","2/12",0.00351036654922718,0.618259395913797,0,0,26.8108108108108,151.5356361741,"FGF19;SLCO1B3"
"Ilomastat TTD 00008545","2/12",0.00351036654922718,0.618259395913797,0,0,26.8108108108108,151.5356361741,"MMP3;MMP8"
"CGS-27023A TTD 00002801","2/13",0.00412826972233185,0.618259395913797,0,0,24.3722358722359,133.801062483385,"MMP3;MMP8"
"CHEMBL475540 TTD 00006054","2/14",0.00479270849545579,0.618259395913797,0,0,22.3400900900901,119.310816145676,"MMP3;MMP8"
"doxycycline CTD 00005875","2/19",0.00878790264945169,0.785849644101707,0,0,15.7655007949126,74.6398590755337,"MMP3;MMP8"
"cabergoline BOSS","2/22",0.0116983856038825,0.785849644101707,0,0,13.3986486486486,59.6012681300571,"IGFBP1;HTR2C"
"pravastatin CTD 00007142","2/23",0.0127500520169001,0.785849644101707,0,0,12.7599742599743,55.6618139928948,"MMP3;SLCO1B3"
"ritonavir","2/24",0.0138413762787296,0.785849644101707,0,0,12.1793611793612,52.1287972084015,"NPSR1;SLCO1B3"
"Rifampicin CTD 00006701","4/133",0.0179760565725435,0.785849644101707,0,0,4.18838271211639,16.8319147429578,"IGFBP1;LEFTY1;FGF19;SLCO1B3"
"Idocyklin BOSS","3/85",0.026121583823491,0.785849644101707,0,0,4.9198606271777,17.9328592197149,"IGFBP1;MMP3;MMP8"
"palmatine PC3 DOWN","2/38",0.032935419116809,0.785849644101707,0,0,7.43768768768769,25.3863649378647,"GAGE2E;SSX1"
"clindamycin HL60 UP","6/332",0.0393561182713456,0.785849644101707,0,0,2.49539877300613,8.07287413495726,"IBSP;GAGE2E;CGB5;CTAG2;WNT2;HOXC10"
"cimetidine PC3 UP","7/422",0.0401340397288243,0.785849644101707,0,0,2.29244249726177,7.37141861748427,"IBSP;ALPP;GAGE2E;CGB5;CTAG2;WNT2;HOXC10"
"mevalolactone HL60 UP","2/44",0.0430533939162003,0.785849644101707,0,0,6.37323037323037,20.0458120858585,"GAGE2E;SSX1"
"Toluidine Blue O BOSS","2/45",0.0448391567781264,0.785849644101707,0,0,6.22470144563168,19.325665537026,"IGFBP1;MMP3"
"tetracycline CTD 00006851","2/46",0.0466519598362282,0.785849644101707,0,0,6.08292383292383,18.6444069396074,"MMP3;MMP8"
"clopamide HL60 UP","4/180",0.046796951412649,0.785849644101707,0,0,3.06257783312578,9.37742105313512,"IBSP;GAGE2E;CGB5;CTAG2"
"5-azacytidine CTD 00005455","6/352",0.0497672438201366,0.785849644101707,0,0,2.34874759152216,7.0471782008342,"IGFBP1;CLDN6;SALL4;MAGEA1;MAGEA3;CST4"
"chlorpromazine CTD 00005648","3/113",0.0533210905740328,0.785849644101707,0,0,3.66233766233766,10.7358620675613,"IGFBP1;ALPP;HTR2C"
"chenodeoxycholic acid CTD 00005623","2/56",0.0661600669645183,0.785849644101707,0,0,4.95395395395395,13.45334483635,"FGF19;SLCO1B3"
"chlorhexidine PC3 UP","5/293",0.0700562009840545,0.785849644101707,0,0,2.34219348659004,6.22662181244379,"IBSP;ALPP;GAGE2E;CGB5;CTAG2"
"ajmaline HL60 UP","5/294",0.0708586890881371,0.785849644101707,0,0,2.33396969335401,6.17817574077529,"IBSP;ALPP;CGB5;CTAG2;WNT2"
"DEOXYCHOLIC ACID CTD 00005765","2/61",0.0767624769077167,0.785849644101707,0,0,4.53298213467705,11.6363434679327,"FGF19;SLCO1B3"
"flunixin HL60 UP","3/133",0.0785297050401001,0.785849644101707,0,0,3.09576138147567,7.8764785594075,"CST1;GAGE2E;SSX1"
"Agarose BOSS","3/133",0.0785297050401001,0.785849644101707,0,0,3.09576138147567,7.8764785594075,"IGFBP1;MMP3;FEZF1"
"Iniprol BOSS","2/62",0.078943788467923,0.785849644101707,0,0,4.45720720720721,11.3169347584178,"IGFBP1;MUC16"
"trazodone CTD 00006916","1/11",0.0794936710039838,0.785849644101707,0,0,13.3154362416107,33.7157214434852,"HTR2C"
"XANOMELINE CTD 00002842","1/11",0.0794936710039838,0.785849644101707,0,0,13.3154362416107,33.7157214434852,"HTR2C"
"mirtazapine CTD 00001675","1/11",0.0794936710039838,0.785849644101707,0,0,13.3154362416107,33.7157214434852,"HTR2C"
"Mevastatin TTD 00009287","1/11",0.0794936710039838,0.785849644101707,0,0,13.3154362416107,33.7157214434852,"NPSR1"
"amcinonide TTD 00001949","1/11",0.0794936710039838,0.785849644101707,0,0,13.3154362416107,33.7157214434852,"NPSR1"
"Kinichron TTD 00008790","1/11",0.0794936710039838,0.785849644101707,0,0,13.3154362416107,33.7157214434852,"NPSR1"
"Medroxyprogesterone acetate TTD 00009170","1/11",0.0794936710039838,0.785849644101707,0,0,13.3154362416107,33.7157214434852,"NPSR1"
"ursodiol CTD 00006973","3/138",0.0855164184931507,0.785849644101707,0,0,2.98034769463341,7.32881473650647,"FGF19;SLCO1B3;C4BPA"
"methylergonovine CTD 00006315","1/12",0.0864012549894364,0.785849644101707,0,0,12.104331909701,29.6405200202505,"HTR2C"
"LISURIDE CTD 00006219","1/12",0.0864012549894364,0.785849644101707,0,0,12.104331909701,29.6405200202505,"HTR2C"
"Aminolevulinic acid CTD 00005375","1/12",0.0864012549894364,0.785849644101707,0,0,12.104331909701,29.6405200202505,"MMP3"
"Sulfobromophthalein CTD 00006810","1/12",0.0864012549894364,0.785849644101707,0,0,12.104331909701,29.6405200202505,"SLCO1B3"
"180083-23-2 TTD 00000398","1/12",0.0864012549894364,0.785849644101707,0,0,12.104331909701,29.6405200202505,"HTR2C"
"L-162,313 TTD 00008844","1/12",0.0864012549894364,0.785849644101707,0,0,12.104331909701,29.6405200202505,"NPSR1"
"methylergonovine TTD 00009260","1/12",0.0864012549894364,0.785849644101707,0,0,12.104331909701,29.6405200202505,"HTR2C"
"RU-24969 TTD 00010707","1/12",0.0864012549894364,0.785849644101707,0,0,12.104331909701,29.6405200202505,"HTR2C"
"luteolin PC3 DOWN","2/66",0.0878580031056413,0.785849644101707,0,0,4.17778716216216,10.1605177862586,"GAGE2E;SSX1"
"Etilamide CTD 00005541","1/13",0.0932573471587156,0.785849644101707,0,0,11.0950782997763,26.3218798092121,"MUC16"
"SERTINDOLE CTD 00002659","1/13",0.0932573471587156,0.785849644101707,0,0,11.0950782997763,26.3218798092121,"HTR2C"
"2,2'-BIPYRIDINE CTD 00007027","1/13",0.0932573471587156,0.785849644101707,0,0,11.0950782997763,26.3218798092121,"IGFBP1"
"SERTINDOLE TTD 00010935","1/13",0.0932573471587156,0.785849644101707,0,0,11.0950782997763,26.3218798092121,"HTR2C"
"PD 169316 TTD 00010067","1/13",0.0932573471587156,0.785849644101707,0,0,11.0950782997763,26.3218798092121,"NPSR1"
"clotrimazole CTD 00005691","2/70",0.0970555320894668,0.785849644101707,0,0,3.931240063593,9.16950724987013,"IGFBP1;NPSR1"
"cinnarizine CTD 00005673","1/14",0.100062328683337,0.785849644101707,0,0,10.2410944759938,23.574610325458,"NPSR1"
"Perfluoroundecanoic acid CTD 00003373","1/14",0.100062328683337,0.785849644101707,0,0,10.2410944759938,23.574610325458,"APOA2"
"oxymetazoline CTD 00006455","1/14",0.100062328683337,0.785849644101707,0,0,10.2410944759938,23.574610325458,"HTR2C"
"cinnarizine TTD 00007193","1/14",0.100062328683337,0.785849644101707,0,0,10.2410944759938,23.574610325458,"NPSR1"
"risperidone TTD 00010641","1/14",0.100062328683337,0.785849644101707,0,0,10.2410944759938,23.574610325458,"HTR2C"
"SB 206553 TTD 00010834","1/14",0.100062328683337,0.785849644101707,0,0,10.2410944759938,23.574610325458,"HTR2C"
"QUINACRINE DIHYDROCHLORIDE TTD 00010450","1/14",0.100062328683337,0.785849644101707,0,0,10.2410944759938,23.574610325458,"NPSR1"
"37686-84-3 CTD 00000277","1/14",0.100062328683337,0.785849644101707,0,0,10.2410944759938,23.574610325458,"HTR2C"
"cefalotin HL60 UP","2/73",0.104124888813831,0.785849644101707,0,0,3.76456033498287,8.51605379287522,"GAGE2E;SSX1"
"CHEMBL55802 CTD 00003118","1/15",0.106816578003789,0.785849644101707,0,0,9.50910834132311,21.2684724276285,"MMP3"
"5-METHOXYTRYPTAMINE CTD 00006305","1/15",0.106816578003789,0.785849644101707,0,0,9.50910834132311,21.2684724276285,"HTR2C"
"oxymetholone CTD 00006456","1/15",0.106816578003789,0.785849644101707,0,0,9.50910834132311,21.2684724276285,"NPSR1"
"7614-21-3 CTD 00000893","1/15",0.106816578003789,0.785849644101707,0,0,9.50910834132311,21.2684724276285,"IBSP"
"1-(3-Chlorophenyl)piperazine CTD 00000782","1/15",0.106816578003789,0.785849644101707,0,0,9.50910834132311,21.2684724276285,"HTR2C"
"quinacrine CTD 00006680","1/15",0.106816578003789,0.785849644101707,0,0,9.50910834132311,21.2684724276285,"NPSR1"
"XANOMELINE TTD 00011862","1/15",0.106816578003789,0.785849644101707,0,0,9.50910834132311,21.2684724276285,"HTR2C"
"49843-98-3 CTD 00005030","1/15",0.106816578003789,0.785849644101707,0,0,9.50910834132311,21.2684724276285,"MMP3"
"Mevastatin CTD 00000642","1/16",0.113520470751663,0.785849644101707,0,0,8.87472035794183,19.3093689437036,"NPSR1"
"mianserin CTD 00006332","1/16",0.113520470751663,0.785849644101707,0,0,8.87472035794183,19.3093689437036,"HTR2C"
"nefazodone CTD 00002219","1/16",0.113520470751663,0.785849644101707,0,0,8.87472035794183,19.3093689437036,"HTR2C"
"B-Octylglucoside TTD 00002290","1/16",0.113520470751663,0.785849644101707,0,0,8.87472035794183,19.3093689437036,"APOA2"
"tryptamine TTD 00011590","1/16",0.113520470751663,0.785849644101707,0,0,8.87472035794183,19.3093689437036,"HTR2C"
"chlorpromazine TTD 00007146","1/16",0.113520470751663,0.785849644101707,0,0,8.87472035794183,19.3093689437036,"HTR2C"
"5-METHOXYTRYPTAMINE TTD 00001154","1/16",0.113520470751663,0.785849644101707,0,0,8.87472035794183,19.3093689437036,"HTR2C"
"Ziprasidone TTD 00011922","1/16",0.113520470751663,0.785849644101707,0,0,8.87472035794183,19.3093689437036,"HTR2C"
"mifepristone BOSS","2/78",0.116204166176604,0.785849644101707,0,0,3.51600284495021,7.56786766477445,"IGFBP1;NPSR1"
"EDTA CTD 00005888","1/17",0.120174379825,0.785849644101707,0,0,8.31963087248322,17.627728951177,"MMP8"
"8-OH-Dpat CTD 00007178","1/17",0.120174379825,0.785849644101707,0,0,8.31963087248322,17.627728951177,"HTR2C"
"pergolide CTD 00006492","1/17",0.120174379825,0.785849644101707,0,0,8.31963087248322,17.627728951177,"HTR2C"
"bromocriptine TTD 00002572","1/17",0.120174379825,0.785849644101707,0,0,8.31963087248322,17.627728951177,"HTR2C"
"Ziprasidone CTD 00003186","1/18",0.126778675360575,0.785849644101707,0,0,7.82984603237268,16.1710783083339,"HTR2C"
"methysergide TTD 00009274","1/18",0.126778675360575,0.785849644101707,0,0,7.82984603237268,16.1710783083339,"HTR2C"
"loratadine TTD 00009025","1/18",0.126778675360575,0.785849644101707,0,0,7.82984603237268,16.1710783083339,"NPSR1"
"Aripiprazole TTD 00002132","1/18",0.126778675360575,0.785849644101707,0,0,7.82984603237268,16.1710783083339,"HTR2C"
"apomorphine TTD 00002109","1/18",0.126778675360575,0.785849644101707,0,0,7.82984603237268,16.1710783083339,"HTR2C"
"olanzapine TTD 00009902","1/18",0.126778675360575,0.785849644101707,0,0,7.82984603237268,16.1710783083339,"HTR2C"
"Dibenzo[def,p]chrysene CTD 00001899","2/84",0.131136421689663,0.785849644101707,0,0,3.25774555042848,6.61816582801596,"IGFBP1;MMP3"
"tryptamine CTD 00001466","1/19",0.133333724835071,0.785849644101707,0,0,7.3944817300522,14.8991418611153,"HTR2C"
"dirithromycin HL60 UP","3/171",0.137544082121934,0.785849644101707,0,0,2.39091350826045,4.74312007782048,"IBSP;GAGE2E;CTAG2"
"clotrimazole","2/87",0.138760841191523,0.785849644101707,0,0,3.1422893481717,6.20603212975077,"NPSR1;HTR2C"
"Medroxyprogesterone acetate","1/20",0.139839892947361,0.785849644101707,0,0,7.00494524902861,13.7805285047067,"NPSR1"
"doxorubicin","1/20",0.139839892947361,0.785849644101707,0,0,7.00494524902861,13.7805285047067,"SLCO1B3"
"2,2',4,6,6'-pentachlorobiphenyl CTD 00003860","1/20",0.139839892947361,0.785849644101707,0,0,7.00494524902861,13.7805285047067,"MMP3"
"serotonin TTD 00010933","1/20",0.139839892947361,0.785849644101707,0,0,7.00494524902861,13.7805285047067,"HTR2C"
"picrotoxinin PC3 UP","4/266",0.140065181698026,0.785849644101707,0,0,2.04831119941441,4.02625754494171,"SAGE1;GAGE2E;CTAG2;SSX1"
"glibenclamide HL60 UP","5/366",0.141357575014887,0.785849644101707,0,0,1.86159136498233,3.64213389285813,"IBSP;ALPP;CGB5;CTAG2;WNT2"
"fluoxetine","1/21",0.14629754177092,0.785849644101707,0,0,6.65436241610738,12.7904350012064,"HTR2C"
"propafenone","1/21",0.14629754177092,0.785849644101707,0,0,6.65436241610738,12.7904350012064,"HTR2C"
"Ezetimibe CTD 00003509","1/21",0.14629754177092,0.785849644101707,0,0,6.65436241610738,12.7904350012064,"NPSR1"
"apomorphine","1/21",0.14629754177092,0.785849644101707,0,0,6.65436241610738,12.7904350012064,"HTR2C"
"Anandamide CTD 00002912","1/21",0.14629754177092,0.785849644101707,0,0,6.65436241610738,12.7904350012064,"MMP3"
"Ketanserin CTD 00006189","1/21",0.14629754177092,0.785849644101707,0,0,6.65436241610738,12.7904350012064,"HTR2C"
"REMIFENTANIL BOSS","1/21",0.14629754177092,0.785849644101707,0,0,6.65436241610738,12.7904350012064,"FEZF1"
"azacyclonol HL60 UP","4/275",0.152444162110797,0.785849644101707,0,0,1.97937623211849,3.72312138165191,"IBSP;GAGE2E;CGB5;CTAG2"
"ERGOTAMINE","1/22",0.152707030711896,0.785849644101707,0,0,6.33716842441675,11.9090225264124,"HTR2C"
"methysergide","1/22",0.152707030711896,0.785849644101707,0,0,6.33716842441675,11.9090225264124,"HTR2C"
"dihydroergotamine","1/22",0.152707030711896,0.785849644101707,0,0,6.33716842441675,11.9090225264124,"HTR2C"
"sodium azide CTD 00007311","1/22",0.152707030711896,0.785849644101707,0,0,6.33716842441675,11.9090225264124,"MMP3"
"cinchocaine PC3 UP","1/22",0.152707030711896,0.785849644101707,0,0,6.33716842441675,11.9090225264124,"ACTL8"
"POTASSIUM PERSULFATE CTD 00000451","1/22",0.152707030711896,0.785849644101707,0,0,6.33716842441675,11.9090225264124,"CST4"
"1-METHYLPHENANTHRENE CTD 00001894","1/22",0.152707030711896,0.785849644101707,0,0,6.33716842441675,11.9090225264124,"IGFBP1"
"Aripiprazole CTD 00003220","1/22",0.152707030711896,0.785849644101707,0,0,6.33716842441675,11.9090225264124,"HTR2C"
"Oltipraz CTD 00001231","1/22",0.152707030711896,0.785849644101707,0,0,6.33716842441675,11.9090225264124,"SLCO1B3"
"glyburide CTD 00006024","1/22",0.152707030711896,0.785849644101707,0,0,6.33716842441675,11.9090225264124,"SLCO1B3"
"chloramphenicol CTD 00005627","1/22",0.152707030711896,0.785849644101707,0,0,6.33716842441675,11.9090225264124,"MMP3"
"mifepristone TTD 00009307","1/22",0.152707030711896,0.785849644101707,0,0,6.33716842441675,11.9090225264124,"NPSR1"
"chenodeoxycholic acid BOSS","1/22",0.152707030711896,0.785849644101707,0,0,6.33716842441675,11.9090225264124,"FGF19"
"benzene BOSS","2/93",0.154284988441156,0.785849644101707,0,0,2.93421443421443,5.48391125345397,"MMP8;FEZF1"
"methotrexate BOSS","3/182",0.156833974575292,0.785849644101707,0,0,2.24273172956333,4.15481195814821,"IGFBP1;MMP3;CGB5"
"indomethacin","1/23",0.159068716522922,0.785849644101707,0,0,6.04881025015253,11.1202476352334,"SLCO1B3"
"loratadine","1/23",0.159068716522922,0.785849644101707,0,0,6.04881025015253,11.1202476352334,"NPSR1"
"bromocriptine","1/23",0.159068716522922,0.785849644101707,0,0,6.04881025015253,11.1202476352334,"HTR2C"
"Aripiprazole","1/23",0.159068716522922,0.785849644101707,0,0,6.04881025015253,11.1202476352334,"HTR2C"
"FLUPHENAZINE CTD 00005991","1/23",0.159068716522922,0.785849644101707,0,0,6.04881025015253,11.1202476352334,"HTR2C"
"citrinin CTD 00005677","1/23",0.159068716522922,0.785849644101707,0,0,6.04881025015253,11.1202476352334,"MMP3"
"pivampicillin PC3 DOWN","1/23",0.159068716522922,0.785849644101707,0,0,6.04881025015253,11.1202476352334,"SSX1"
"Chonsurid CTD 00005665","1/23",0.159068716522922,0.785849644101707,0,0,6.04881025015253,11.1202476352334,"MMP3"
"methiothepin CTD 00006295","1/23",0.159068716522922,0.785849644101707,0,0,6.04881025015253,11.1202476352334,"HTR2C"
"nortriptyline CTD 00006426","1/23",0.159068716522922,0.785849644101707,0,0,6.04881025015253,11.1202476352334,"HTR2C"
"Ketanserin BOSS","1/23",0.159068716522922,0.785849644101707,0,0,6.04881025015253,11.1202476352334,"HTR2C"
"apomorphine CTD 00005433","1/23",0.159068716522922,0.785849644101707,0,0,6.04881025015253,11.1202476352334,"HTR2C"
"GR-127935 TTD 00008296","1/23",0.159068716522922,0.785849644101707,0,0,6.04881025015253,11.1202476352334,"HTR2C"
"Alloxan BOSS","1/23",0.159068716522922,0.785849644101707,0,0,6.04881025015253,11.1202476352334,"IGFBP1"
"DEOXYCHOLIC ACID BOSS","1/23",0.159068716522922,0.785849644101707,0,0,6.04881025015253,11.1202476352334,"FGF19"
"quinacrine TTD 00010448","1/23",0.159068716522922,0.785849644101707,0,0,6.04881025015253,11.1202476352334,"NPSR1"
"Chlorhexidine diacetate BOSS","1/23",0.159068716522922,0.785849644101707,0,0,6.04881025015253,11.1202476352334,"MMP8"
"methiothepin TTD 00009235","1/23",0.159068716522922,0.785849644101707,0,0,6.04881025015253,11.1202476352334,"HTR2C"
"Cornstarch BOSS","2/95",0.159532788236245,0.785849644101707,0,0,2.87082243533856,5.26941125668394,"IGFBP1;FEZF1"
"CYPROHEPTADINE","1/24",0.165382953337185,0.785849644101707,0,0,5.78552669973738,10.4110064950374,"HTR2C"
"haloprogin","1/24",0.165382953337185,0.785849644101707,0,0,5.78552669973738,10.4110064950374,"HTR2C"
"propofol","1/24",0.165382953337185,0.785849644101707,0,0,5.78552669973738,10.4110064950374,"HTR2C"
"trifluoperazine","1/24",0.165382953337185,0.785849644101707,0,0,5.78552669973738,10.4110064950374,"HTR2C"
"Ziprasidone","1/24",0.165382953337185,0.785849644101707,0,0,5.78552669973738,10.4110064950374,"HTR2C"
"81103-11-9 CTD 00007157","1/24",0.165382953337185,0.785849644101707,0,0,5.78552669973738,10.4110064950374,"SLCO1B3"
"CLOMIPHENE CITRATE","1/24",0.165382953337185,0.785849644101707,0,0,5.78552669973738,10.4110064950374,"NPSR1"
"Perfluoroheptanoic acid CTD 00003374","1/24",0.165382953337185,0.785849644101707,0,0,5.78552669973738,10.4110064950374,"APOA2"
"methiothepin BOSS","1/24",0.165382953337185,0.785849644101707,0,0,5.78552669973738,10.4110064950374,"HTR2C"
"HEXACHLOROETHANE BOSS","3/190",0.171360256404707,0.785849644101707,0,0,2.14591291061879,3.78536285512545,"IGFBP1;MUC16;FEZF1"
"quetiapine","1/25",0.171650092688749,0.785849644101707,0,0,5.54418344519016,9.77049906759283,"HTR2C"
"NITAZOXANIDE","1/25",0.171650092688749,0.785849644101707,0,0,5.54418344519016,9.77049906759283,"NPSR1"
"TAUROCHOLIC ACID CTD 00006831","1/25",0.171650092688749,0.785849644101707,0,0,5.54418344519016,9.77049906759283,"SLCO1B3"
"Desloratadine","1/25",0.171650092688749,0.785849644101707,0,0,5.54418344519016,9.77049906759283,"HTR2C"
"FEXOFENADINE HYDROCHLORIDE CTD 00003191","1/25",0.171650092688749,0.785849644101707,0,0,5.54418344519016,9.77049906759283,"SLCO1B3"
"clonidine CTD 00005689","1/25",0.171650092688749,0.785849644101707,0,0,5.54418344519016,9.77049906759283,"APOA2"
"MAGNESIUM CTD 00006230","1/25",0.171650092688749,0.785849644101707,0,0,5.54418344519016,9.77049906759283,"IBSP"
"trifluoperazine TTD 00011549","1/25",0.171650092688749,0.785849644101707,0,0,5.54418344519016,9.77049906759283,"HTR2C"
"TITANIUM BOSS","2/100",0.172791328093857,0.785849644101707,0,0,2.72366243794815,4.7818540898178,"IGFBP1;MMP8"
"GONADORELIN BOSS","3/192",0.175051203220041,0.785849644101707,0,0,2.12298887809092,3.69968337539647,"IGFBP1;MUC16;CGB5"
"nortriptyline","1/26",0.177870483509336,0.785849644101707,0,0,5.32214765100671,9.18975029607362,"HTR2C"
"promethazine","1/26",0.177870483509336,0.785849644101707,0,0,5.32214765100671,9.18975029607362,"HTR2C"
"Mitoxantrone dihydrochloride","1/26",0.177870483509336,0.785849644101707,0,0,5.32214765100671,9.18975029607362,"NPSR1"
"terconazole","1/26",0.177870483509336,0.785849644101707,0,0,5.32214765100671,9.18975029607362,"HTR2C"
"desipramine CTD 00005772","1/26",0.177870483509336,0.785849644101707,0,0,5.32214765100671,9.18975029607362,"ALPP"
"danazol HL60 UP","5/398",0.179847063416583,0.785849644101707,0,0,1.70720365008336,2.92896127379141,"IBSP;ALPP;CGB5;CTAG2;CST4"
"Dinoprostone BOSS","3/196",0.182499554096603,0.785849644101707,0,0,2.0785661414825,3.53565669831638,"IGFBP1;MMP3;MMP8"
"promazine","1/27",0.184044472173259,0.785849644101707,0,0,5.11719153329892,8.66124506385244,"HTR2C"
"risperidone","1/27",0.184044472173259,0.785849644101707,0,0,5.11719153329892,8.66124506385244,"HTR2C"
"2,6,9,9-tetramethylcycloundeca-2,6,10-trien-1-one CTD 00003763","1/27",0.184044472173259,0.785849644101707,0,0,5.11719153329892,8.66124506385244,"MMP3"
"Ici 118551 CTD 00001255","1/27",0.184044472173259,0.785849644101707,0,0,5.11719153329892,8.66124506385244,"ALPP"
"Perfluorohexanesulfonic acid CTD 00004138","1/27",0.184044472173259,0.785849644101707,0,0,5.11719153329892,8.66124506385244,"APOA2"
"Methysergide maleate","1/28",0.190172402540718,0.785849644101707,0,0,4.92741735023614,8.17864674102816,"HTR2C"
"STREPTOZOTOCIN CTD 00006786","1/28",0.190172402540718,0.785849644101707,0,0,4.92741735023614,8.17864674102816,"MMP3"
"Ezetimibe BOSS","1/28",0.190172402540718,0.785849644101707,0,0,4.92741735023614,8.17864674102816,"NPSR1"
"NITAZOXANIDE CTD 00001911","1/28",0.190172402540718,0.785849644101707,0,0,4.92741735023614,8.17864674102816,"NPSR1"
"carvedilol","1/29",0.196254615900485,0.785849644101707,0,0,4.75119846596357,7.73657792284586,"HTR2C"
"olanzapine","1/29",0.196254615900485,0.785849644101707,0,0,4.75119846596357,7.73657792284586,"HTR2C"
"clemastine","1/29",0.196254615900485,0.785849644101707,0,0,4.75119846596357,7.73657792284586,"HTR2C"
"CARBON TETRACHLORIDE CTD 00005587","1/29",0.196254615900485,0.785849644101707,0,0,4.75119846596357,7.73657792284586,"APOA2"
"Perfluorononanoic acid CTD 00003375","1/29",0.196254615900485,0.785849644101707,0,0,4.75119846596357,7.73657792284586,"APOA2"
"THYMOLPHTHALEIN CTD 00006891","1/29",0.196254615900485,0.785849644101707,0,0,4.75119846596357,7.73657792284586,"NPSR1"
"perphenazine TTD 00010127","1/29",0.196254615900485,0.785849644101707,0,0,4.75119846596357,7.73657792284586,"HTR2C"
"clozapine TTD 00007243","1/29",0.196254615900485,0.785849644101707,0,0,4.75119846596357,7.73657792284586,"HTR2C"
"phenytoin CTD 00006527","2/109",0.197071388838911,0.785849644101707,0,0,2.49343268502147,4.04980652768982,"COL11A1;MMP3"
"perphenazine","1/30",0.202291451032449,0.785849644101707,0,0,4.58713260819255,7.33044797362135,"HTR2C"
"bromocriptine CTD 00005530","1/30",0.202291451032449,0.785849644101707,0,0,4.58713260819255,7.33044797362135,"HTR2C"
"Chloranil CTD 00005628","1/30",0.202291451032449,0.785849644101707,0,0,4.58713260819255,7.33044797362135,"ESM1"
"Perfluorodecanoic acid CTD 00001721","1/30",0.202291451032449,0.785849644101707,0,0,4.58713260819255,7.33044797362135,"APOA2"
"oxolamine PC3 DOWN","1/30",0.202291451032449,0.785849644101707,0,0,4.58713260819255,7.33044797362135,"SSX1"
"CYPROTERONE ACETATE CTD 00007179","1/30",0.202291451032449,0.785849644101707,0,0,4.58713260819255,7.33044797362135,"APOA2"
"chlorophyllin CTD 00000324","1/30",0.202291451032449,0.785849644101707,0,0,4.58713260819255,7.33044797362135,"C6ORF15"
"Aripiprazole BOSS","1/30",0.202291451032449,0.785849644101707,0,0,4.58713260819255,7.33044797362135,"HTR2C"
"Escitalopram oxalate BOSS","1/30",0.202291451032449,0.785849644101707,0,0,4.58713260819255,7.33044797362135,"HTR2C"
"mephenesin BOSS","1/30",0.202291451032449,0.785849644101707,0,0,4.58713260819255,7.33044797362135,"FEZF1"
"perphenazine BOSS","1/30",0.202291451032449,0.785849644101707,0,0,4.58713260819255,7.33044797362135,"HTR2C"
"mifepristone","1/31",0.208283244243338,0.785849644101707,0,0,4.43400447427293,6.956316183817,"NPSR1"
"citalopram CTD 00007060","1/31",0.208283244243338,0.785849644101707,0,0,4.43400447427293,6.956316183817,"HTR2C"
"risperidone CTD 00007248","1/31",0.208283244243338,0.785849644101707,0,0,4.43400447427293,6.956316183817,"HTR2C"
"AMPHETAMINE CTD 00005391","1/31",0.208283244243338,0.785849644101707,0,0,4.43400447427293,6.956316183817,"ALPP"
"Microcystin LR CTD 00002422","1/31",0.208283244243338,0.785849644101707,0,0,4.43400447427293,6.956316183817,"SLCO1B3"
"ritanserin TTD 00010642","1/31",0.208283244243338,0.785849644101707,0,0,4.43400447427293,6.956316183817,"HTR2C"
"Diacetylmorphine BOSS","1/31",0.208283244243338,0.785849644101707,0,0,4.43400447427293,6.956316183817,"IGFBP1"
"AC-42 TTD 00001459","1/31",0.208283244243338,0.785849644101707,0,0,4.43400447427293,6.956316183817,"HTR2C"
"ritanserin CTD 00007138","1/31",0.208283244243338,0.785849644101707,0,0,4.43400447427293,6.956316183817,"HTR2C"
"Healon BOSS","2/115",0.213483064540227,0.785849644101707,0,0,2.36032049748864,3.64480165450487,"IGFBP1;MMP3"
"caffeine CTD 00005556","2/115",0.213483064540227,0.785849644101707,0,0,2.36032049748864,3.64480165450487,"IGFBP1;APOA2"
"LITHOCHOLIC ACID CTD 00006221","2/115",0.213483064540227,0.785849644101707,0,0,2.36032049748864,3.64480165450487,"FGF19;SLCO1B3"
"amitriptyline","1/32",0.21423032933522,0.785849644101707,0,0,4.29075557479974,6.61078229245645,"HTR2C"
"metergoline CTD 00006290","1/32",0.21423032933522,0.785849644101707,0,0,4.29075557479974,6.61078229245645,"HTR2C"
"chlorpromazine BOSS","1/32",0.21423032933522,0.785849644101707,0,0,4.29075557479974,6.61078229245645,"HTR2C"
"Fulvestrant BOSS","1/32",0.21423032933522,0.785849644101707,0,0,4.29075557479974,6.61078229245645,"IGFBP1"
"sertraline","1/33",0.220133037717058,0.790538407973482,0,0,4.15645973154362,6.29089822732918,"HTR2C"
"5-Aminosalicylic acid CTD 00007308","1/33",0.220133037717058,0.790538407973482,0,0,4.15645973154362,6.29089822732918,"SLCO1B3"
"doxazosin HL60 DOWN","1/33",0.220133037717058,0.790538407973482,0,0,4.15645973154362,6.29089822732918,"SSX1"
"fentanyl BOSS","1/33",0.220133037717058,0.790538407973482,0,0,4.15645973154362,6.29089822732918,"FEZF1"
"perphenazine CTD 00006495","1/34",0.225991698256732,0.790538407973482,0,0,4.03030303030303,5.99409644940375,"HTR2C"
"Inositol 1,4,5-triphosphate BOSS","1/34",0.225991698256732,0.790538407973482,0,0,4.03030303030303,5.99409644940375,"IGFBP1"
"progesterone BOSS","3/221",0.230746488178713,0.790538407973482,0,0,1.83785807901142,2.69510056052759,"IGFBP1;MUC16;CGB5"
"amoxapine","1/35",0.231806637513869,0.790538407973482,0,0,3.91156731148835,5.71813137805214,"HTR2C"
"haloperidol","1/35",0.231806637513869,0.790538407973482,0,0,3.91156731148835,5.71813137805214,"HTR2C"
"clonidine PC3 UP","1/35",0.231806637513869,0.790538407973482,0,0,3.91156731148835,5.71813137805214,"SSX1"
"diflorasone PC3 DOWN","1/35",0.231806637513869,0.790538407973482,0,0,3.91156731148835,5.71813137805214,"SSX1"
"Vandetanib CTD 00004046","1/35",0.231806637513869,0.790538407973482,0,0,3.91156731148835,5.71813137805214,"IGFBP1"
"Stannic fluoride BOSS","1/35",0.231806637513869,0.790538407973482,0,0,3.91156731148835,5.71813137805214,"IGFBP1"
"estrone BOSS","1/35",0.231806637513869,0.790538407973482,0,0,3.91156731148835,5.71813137805214,"IGFBP1"
"ciprofloxacin CTD 00005674","1/36",0.237578179527373,0.790538407973482,0,0,3.79961649089166,5.461031222586,"MMP3"
"trifluoperazine CTD 00006935","1/36",0.237578179527373,0.790538407973482,0,0,3.79961649089166,5.461031222586,"HTR2C"
"AZOXYMETHANE BOSS","1/36",0.237578179527373,0.790538407973482,0,0,3.79961649089166,5.461031222586,"IGFBP1"
"clozapine CTD 00005693","2/125",0.241092837133119,0.790538407973482,0,0,2.16732586244781,3.08317969484188,"ALPP;HTR2C"
"amitriptyline CTD 00005382","1/37",0.24330664606541,0.790538407973482,0,0,3.69388516032811,5.22105812450858,"HTR2C"
"FLUOXETINE HYDROCHLORIDE BOSS","2/126",0.243865379555537,0.790538407973482,0,0,2.14973844812554,3.03357961148395,"IGFBP1;HTR2C"
"ofloxacin BOSS","1/38",0.248992356403969,0.790538407973482,0,0,3.59386903682206,4.99667500766153,"MMP3"
"spiperone BOSS","1/38",0.248992356403969,0.790538407973482,0,0,3.59386903682206,4.99667500766153,"HTR2C"
"levonorgestrel HL60 UP","3/231",0.250679856160902,0.790538407973482,0,0,1.75635517364841,2.4300554804211,"CST1;GAGE2E;SSX1"
"lorazepam BOSS","2/129",0.252190518340662,0.790538407973482,0,0,2.09863800808683,2.89102170928469,"IGFBP1;PIWIL1"
"spiperone CTD 00006773","1/39",0.254635627656387,0.790538407973482,0,0,3.49911691981632,4.78651784943098,"HTR2C"
"Fluspirilene TTD 00008080","1/39",0.254635627656387,0.790538407973482,0,0,3.49911691981632,4.78651784943098,"NPSR1"
"4-Hydroxytamoxifen TTD 00000995","1/39",0.254635627656387,0.790538407973482,0,0,3.49911691981632,4.78651784943098,"NPSR1"
"ethinyl estradiol BOSS","1/39",0.254635627656387,0.790538407973482,0,0,3.49911691981632,4.78651784943098,"IGFBP1"
"pregnenolone PC3 UP","5/456",0.257848190620816,0.790538407973482,0,0,1.48321737135867,2.01032950256557,"IBSP;RDH8;ALPP;SAGE1;SSX1"
"gemcitabine CTD 00002382","3/235",0.258726623598156,0.790538407973482,0,0,1.72572132301196,2.33314637821664,"MMP3;MAGEC1;MAGEA10"
"thioridazine","1/40",0.260236774371258,0.790538407973482,0,0,3.40922388573395,4.58937238914179,"HTR2C"
"Glycitein CTD 00003084","1/40",0.260236774371258,0.790538407973482,0,0,3.40922388573395,4.58937238914179,"MMP3"
"propylthiouracil PC3 DOWN","1/40",0.260236774371258,0.790538407973482,0,0,3.40922388573395,4.58937238914179,"SSX1"
"2,6-Di-tert-butyl-4-methylphenol CTD 00005548","1/40",0.260236774371258,0.790538407973482,0,0,3.40922388573395,4.58937238914179,"APOA2"
"DMA-4 herbicide BOSS","1/40",0.260236774371258,0.790538407973482,0,0,3.40922388573395,4.58937238914179,"MMP3"
"THIOACETAMIDE CTD 00006870","1/40",0.260236774371258,0.790538407973482,0,0,3.40922388573395,4.58937238914179,"IGFBP1"
"CHLOROGENIC ACID BOSS","1/40",0.260236774371258,0.790538407973482,0,0,3.40922388573395,4.58937238914179,"CGB5"
"pimozide TTD 00010235","1/40",0.260236774371258,0.790538407973482,0,0,3.40922388573395,4.58937238914179,"NPSR1"
"spiperone TTD 00011044","1/40",0.260236774371258,0.790538407973482,0,0,3.40922388573395,4.58937238914179,"HTR2C"
"sulfaguanidine PC3 UP","8/809",0.262117404513887,0.790538407973482,0,0,1.33980411809182,1.79394782887692,"IBSP;MUC16;ALPP;SAGE1;GAGE2E;CSAG2;CSAG3;SSX1"
"etoposide CTD 00005948","5/461",0.264946748116199,0.790538407973482,0,0,1.46657592256503,1.94794489270441,"CST1;MAGEA12;ALPP;MAGEC1;MAGEA6"
"1-butanol CTD 00007334","1/41",0.265796108940209,0.790538407973482,0,0,3.3238255033557,4.40415445311609,"IGFBP1"
"TETRACHLOROETHYLENE CTD 00006849","1/41",0.265796108940209,0.790538407973482,0,0,3.3238255033557,4.40415445311609,"MMP3"
"furazolidone HL60 UP","1/41",0.265796108940209,0.790538407973482,0,0,3.3238255033557,4.40415445311609,"ALPP"
"CHEMBL35349 CTD 00001274","1/41",0.265796108940209,0.790538407973482,0,0,3.3238255033557,4.40415445311609,"IGFBP1"
"clomipramine CTD 00005687","1/42",0.271313941434771,0.790538407973482,0,0,3.24259289572761,4.22989327807202,"HTR2C"
"Telmisartan CTD 00003021","1/42",0.271313941434771,0.790538407973482,0,0,3.24259289572761,4.22989327807202,"NPSR1"
"resveratrol PC3 DOWN","1/42",0.271313941434771,0.790538407973482,0,0,3.24259289572761,4.22989327807202,"SSX1"
"ritonavir BOSS","1/42",0.271313941434771,0.790538407973482,0,0,3.24259289572761,4.22989327807202,"NPSR1"
"N-Formyl-Met-Leu-Phe BOSS","1/42",0.271313941434771,0.790538407973482,0,0,3.24259289572761,4.22989327807202,"MMP8"
"dinoprost BOSS","1/42",0.271313941434771,0.790538407973482,0,0,3.24259289572761,4.22989327807202,"IGFBP1"
"FLUPHENAZINE","1/43",0.276790579535935,0.790538407973482,0,0,3.16522850751039,4.06571730913733,"HTR2C"
"olanzapine CTD 00002854","1/43",0.276790579535935,0.790538407973482,0,0,3.16522850751039,4.06571730913733,"HTR2C"
"atenolol CTD 00005448","1/43",0.276790579535935,0.790538407973482,0,0,3.16522850751039,4.06571730913733,"APOA2"
"octopamine PC3 DOWN","1/43",0.276790579535935,0.790538407973482,0,0,3.16522850751039,4.06571730913733,"SSX1"
"loratadine CTD 00007174","1/43",0.276790579535935,0.790538407973482,0,0,3.16522850751039,4.06571730913733,"NPSR1"
"pimozide CTD 00006561","1/43",0.276790579535935,0.790538407973482,0,0,3.16522850751039,4.06571730913733,"NPSR1"
"Thioridazine hydrochloride BOSS","1/43",0.276790579535935,0.790538407973482,0,0,3.16522850751039,4.06571730913733,"NPSR1"
"efavirenz BOSS","1/43",0.276790579535935,0.790538407973482,0,0,3.16522850751039,4.06571730913733,"NPSR1"
"sevoflurane BOSS","1/43",0.276790579535935,0.790538407973482,0,0,3.16522850751039,4.06571730913733,"FEZF1"
"Lysergide BOSS","1/44",0.282226328825222,0.800158163042937,0,0,3.09146246293117,3.91084205426089,"HTR2C"
"trifluoperazine BOSS","1/44",0.282226328825222,0.800158163042937,0,0,3.09146246293117,3.91084205426089,"HTR2C"
"serotonin CTD 00006734","1/45",0.287621492467045,0.802673759685638,0,0,3.02104942037828,3.76455966820017,"HTR2C"
"LITHIUM CHLORIDE BOSS","1/45",0.287621492467045,0.802673759685638,0,0,3.02104942037828,3.76455966820017,"IGFBP1"
"okadaic acid BOSS","1/45",0.287621492467045,0.802673759685638,0,0,3.02104942037828,3.76455966820017,"IGFBP1"
"clotrimazole TTD 00007242","1/45",0.287621492467045,0.802673759685638,0,0,3.02104942037828,3.76455966820017,"NPSR1"
"docetaxel BOSS","2/142",0.288298843918097,0.802673759685638,0,0,1.90250965250965,2.36626099984374,"IGFBP1;MUC16"
"Deacetylchitin BOSS","2/143",0.291072469870385,0.80366036416017,0,0,1.88892083572935,2.3312739941165,"IGFBP1;MMP3"
"amiodarone","1/46",0.292976371536462,0.80366036416017,0,0,2.9537658463833,3.62622997494978,"HTR2C"
"benzocaine PC3 UP","1/46",0.292976371536462,0.80366036416017,0,0,2.9537658463833,3.62622997494978,"ALPP"
"2-deoxy-D-glucose BOSS","1/46",0.292976371536462,0.80366036416017,0,0,2.9537658463833,3.62622997494978,"IGFBP1"
"Decitabine BOSS","2/144",0.293844810151587,0.80366036416017,0,0,1.87552341073468,2.29696009978032,"CTAG2;MAGEA3"
"clozapine","1/47",0.298291264769951,0.807263772489308,0,0,2.8894076451707,3.4952727152741,"HTR2C"
"pimozide","1/47",0.298291264769951,0.807263772489308,0,0,2.8894076451707,3.4952727152741,"NPSR1"
"prednisolone CTD 00006605","1/47",0.298291264769951,0.807263772489308,0,0,2.8894076451707,3.4952727152741,"MUC16"
"raloxifene HL60 UP","4/371",0.303508510158559,0.810208437269861,0,0,1.45444365645179,1.73419953612735,"SAGE1;GAGE2E;HOXC13;SSX1"
"apigenin TTD 00002101","1/48",0.303566468744522,0.810208437269861,0,0,2.82778809081822,3.37116082084206,"NPSR1"
"androstenedione BOSS","1/48",0.303566468744522,0.810208437269861,0,0,2.82778809081822,3.37116082084206,"IGFBP1"
"risperidone BOSS","1/48",0.303566468744522,0.810208437269861,0,0,2.82778809081822,3.37116082084206,"HTR2C"
"ibuprofen CTD 00006137","2/149",0.30768254075419,0.818372118707022,0,0,1.8112704541276,2.13492046573695,"COL11A1;MMP3"
"thioridazine CTD 00006879","1/49",0.308802277962803,0.818537545010993,0,0,2.76873601789709,3.25341456544803,"HTR2C"
"chlorpromazine","1/50",0.31399898455863,0.828951087615091,0,0,2.71209423366662,3.14159646617035,"HTR2C"
"ampyrone HL60 UP","4/380",0.318729466200027,0.828951087615091,0,0,1.4189740600408,1.62247282549516,"IBSP;ALPP;CGB5;CTAG2"
"budesonide CTD 00007317","1/51",0.319156878694182,0.828951087615091,0,0,2.65771812080537,3.03530681664157,"SLCO1B3"
"choline CTD 00005662","1/51",0.319156878694182,0.828951087615091,0,0,2.65771812080537,3.03530681664157,"PRAME"
"5H-quinolino[8,7-c][1,2]benzothiazine 6,6-dioxide TTD 00001179","1/51",0.319156878694182,0.828951087615091,0,0,2.65771812080537,3.03530681664157,"NPSR1"
"raloxifene BOSS","1/51",0.319156878694182,0.828951087615091,0,0,2.65771812080537,3.03530681664157,"IGFBP1"
"Melitten CTD 00006261","1/53",0.32935737909333,0.846918974811419,0,0,2.55524006195147,2.8378799157183,"MMP3"
"prochlorperazine","1/53",0.32935737909333,0.846918974811419,0,0,2.55524006195147,2.8378799157183,"HTR2C"
"clotrimazole BOSS","1/53",0.32935737909333,0.846918974811419,0,0,2.55524006195147,2.8378799157183,"NPSR1"
"meclofenoxate HL60 UP","4/387",0.330612735549837,0.847331977866139,0,0,1.39253907507422,1.54127279232354,"CST1;GAGE2E;APOA2;SSX1"
"PHOSPHINE BOSS","2/158",0.332450136405754,0.848609932773223,0,0,1.70599445599446,1.87875265986313,"IGFBP1;FEZF1"
"PRASTERONE BOSS","1/54",0.334400554904177,0.848609932773223,0,0,2.50690135494492,2.74609919874905,"IGFBP1"
"olanzapine BOSS","1/54",0.334400554904177,0.848609932773223,0,0,2.50690135494492,2.74609919874905,"HTR2C"
"H-7 PC3 UP","1/55",0.339406057335053,0.85570126507274,0,0,2.46035297042008,2.65855427976019,"SSX1"
"N-NITROSODIETHYLAMINE BOSS","1/55",0.339406057335053,0.85570126507274,0,0,2.46035297042008,2.65855427976019,"IGFBP1"
"Methyl viologen BOSS","1/56",0.344374165928712,0.865407806587087,0,0,2.41549725442343,2.5749841347714,"IGFBP1"
"Adehl CTD 00006002","2/163",0.346106186623166,0.866945593677446,0,0,1.6525935873762,1.75341774911028,"IGFBP1;ALPP"
"miconazole","1/57",0.349305158197287,0.872136104660323,0,0,2.3722435282838,2.49514794733697,"HTR2C"
"estrone CTD 00005927","1/58",0.354199309581815,0.872592786122636,0,0,2.33050747674556,2.41882322951423,"ALPP"
"methylene blue TTD 00009259","1/58",0.354199309581815,0.872592786122636,0,0,2.33050747674556,2.41882322951423,"NPSR1"
"acetaminophen BOSS","2/167",0.356966255081202,0.872592786122636,0,0,1.61220311220311,1.66075303743568,"IGFBP1;FEZF1"
"DL-METHIONINE BOSS","2/167",0.356966255081202,0.872592786122636,0,0,1.61220311220311,1.66075303743568,"IGFBP1;FEZF1"
"GLYCOGEN BOSS","2/167",0.356966255081202,0.872592786122636,0,0,1.61220311220311,1.66075303743568,"IGFBP1;FGF19"
"Nitroprusside CTD 00006411","1/59",0.359056893436899,0.872592786122636,0,0,2.29021059939829,2.34580414599556,"IBSP"
"Everolimus BOSS","1/59",0.359056893436899,0.872592786122636,0,0,2.29021059939829,2.34580414599556,"IGFBP1"
"diclofenac BOSS","1/59",0.359056893436899,0.872592786122636,0,0,2.29021059939829,2.34580414599556,"MMP3"
"nifedipine","1/61",0.368663442419863,0.872592786122636,0,0,2.21364653243848,2.20893396962887,"HTR2C"
"methylene blue CTD 00006312","1/61",0.368663442419863,0.872592786122636,0,0,2.21364653243848,2.20893396962887,"NPSR1"
"1h-pyrazolo[3,4-d]pyrimidine CTD 00000742","1/61",0.368663442419863,0.872592786122636,0,0,2.21364653243848,2.20893396962887,"MMP3"
"MPTP BOSS","1/61",0.368663442419863,0.872592786122636,0,0,2.21364653243848,2.20893396962887,"MMP3"
"Propranolol hydrochloride BOSS","1/61",0.368663442419863,0.872592786122636,0,0,2.21364653243848,2.20893396962887,"IGFBP1"
"taurine BOSS","1/61",0.368663442419863,0.872592786122636,0,0,2.21364653243848,2.20893396962887,"FGF19"
"Chromium(III) oxide CTD 00001091","1/62",0.373412944246545,0.872592786122636,0,0,2.1772472219166,2.14474175385754,"WNT2"
"Ademetionine BOSS","1/62",0.373412944246545,0.872592786122636,0,0,2.1772472219166,2.14474175385754,"FEZF1"
"Telmisartan BOSS","1/63",0.378126952283597,0.872592786122636,0,0,2.14202208270188,2.08317064105337,"NPSR1"
"beta-carotene BOSS","1/63",0.378126952283597,0.872592786122636,0,0,2.14202208270188,2.08317064105337,"IGFBP1"
"Androstanolone BOSS","1/63",0.378126952283597,0.872592786122636,0,0,2.14202208270188,2.08317064105337,"IGFBP1"
"Belinostat CTD 00004313","1/64",0.382805729897109,0.872592786122636,0,0,2.10791520187493,2.02407846308204,"MAGEA1"
"enoxaparin CTD 00006081","1/64",0.382805729897109,0.872592786122636,0,0,2.10791520187493,2.02407846308204,"FGF19"
"Orphenadrine hydrochloride BOSS","1/64",0.382805729897109,0.872592786122636,0,0,2.10791520187493,2.02407846308204,"IGFBP1"
"arsenite CTD 00000779","11/1300",0.384446866708026,0.872592786122636,0,0,1.13953150900536,1.08933479004497,"LIN28B;LHX1;COL11A1;HTR2C;HOXC13;HOXC9;HOXC12;WNT2;HOXC11;FEZF1;HOXC10"
"GEMCITABINE HYDROCHLORIDE BOSS","2/179",0.389138361059802,0.872592786122636,0,0,1.50198503588334,1.41760398916081,"IGFBP1;MUC16"
"4-aminobutyric acid BOSS","2/180",0.391788620380433,0.872592786122636,0,0,1.49347099908898,1.39943133940608,"IGFBP1;HTR2C"
"1,9-Pyrazoloanthrone CTD 00003948","2/181",0.394433784966302,0.872592786122636,0,0,1.48505209119734,1.38154989804023,"FGF19;MMP3"
"Chromium(II) chloride CTD 00000877","1/67",0.396633286602528,0.872592786122636,0,0,2.01179581045353,1.86039436777205,"WNT2"
"creatine BOSS","1/67",0.396633286602528,0.872592786122636,0,0,2.01179581045353,1.86039436777205,"IGFBP1"
"clomipramine PC3 UP","2/182",0.397073782190838,0.872592786122636,0,0,1.47672672672673,1.3639537822418,"GAGE2E;SSX1"
"maltotriose BOSS","2/182",0.397073782190838,0.872592786122636,0,0,1.47672672672673,1.3639537822418,"MUC16;FEZF1"
"glycerol BOSS","2/183",0.399708540720626,0.872592786122636,0,0,1.46849335523369,1.34663725627885,"IGFBP1;FEZF1"
"Mehp CTD 00000849","1/68",0.401173739052162,0.872592786122636,0,0,1.98166883702294,1.80997839857562,"CLDN6"
"Calcifediol BOSS","1/68",0.401173739052162,0.872592786122636,0,0,1.98166883702294,1.80997839857562,"IGFBP1"
"Melatonin BOSS","2/184",0.402337990582398,0.872592786122636,0,0,1.46035046035046,1.32959472679302,"IGFBP1;HTR2C"
"L-proline BOSS","2/184",0.402337990582398,0.872592786122636,0,0,1.46035046035046,1.32959472679302,"IGFBP1;FEZF1"
"sucrose BOSS","2/185",0.404962063103567,0.872592786122636,0,0,1.45229655885394,1.31282073871438,"IGFBP1;FEZF1"
"IRON BOSS","2/185",0.404962063103567,0.872592786122636,0,0,1.45229655885394,1.31282073871438,"IGFBP1;WNT2"
"tamoxifen","1/69",0.40568024971905,0.872592786122636,0,0,1.95242795104619,1.76146095741553,"HTR2C"
"spiperone PC3 DOWN","1/69",0.40568024971905,0.872592786122636,0,0,1.95242795104619,1.76146095741553,"PRAME"
"OXYTOCIN BOSS","1/69",0.40568024971905,0.872592786122636,0,0,1.95242795104619,1.76146095741553,"IGFBP1"
"mitomycin C CTD 00007136","3/308",0.407540648541356,0.872592786122636,0,0,1.30779524924724,1.17389610986752,"MAGEA12;MAGEA6;MAGEA3"
"lactic acid BOSS","2/186",0.407580690923659,0.872592786122636,0,0,1.44433019976498,1.29630997106213,"IGFBP1;MAGEC2"
"formic acid BOSS","2/186",0.407580690923659,0.872592786122636,0,0,1.44433019976498,1.29630997106213,"IGFBP1;FEZF1"
"latamoxef HL60 UP","10/1196",0.408425408721299,0.872592786122636,0,0,1.12406649000241,1.00654081898865,"IGFBP1;CST1;MUC16;ALPP;SAGE1;GAGE2E;COL11A1;APOA2;SSX1;CPN1"
"digoxigenin PC3 DOWN","1/70",0.410153070652153,0.872592786122636,0,0,1.92403462698181,1.71474746394761,"HOXA11"
"ritonavir CTD 00007290","1/70",0.410153070652153,0.872592786122636,0,0,1.92403462698181,1.71474746394761,"NPSR1"
"D-Arginine BOSS","2/187",0.410193808022236,0.872592786122636,0,0,1.43644996347699,1.28005723283729,"IGFBP1;CGB5"
"acetic acid BOSS","2/187",0.410193808022236,0.872592786122636,0,0,1.43644996347699,1.28005723283729,"IGFBP1;FEZF1"
"Hydrogen BOSS","2/187",0.410193808022236,0.872592786122636,0,0,1.43644996347699,1.28005723283729,"MMP8;FEZF1"
"Perfluorooctanesulfonic acid CTD 00002876","1/71",0.414592451973056,0.872592786122636,0,0,1.89645254074784,1.66974924751415,"APOA2"
"fluoxetine CTD 00005988","1/71",0.414592451973056,0.872592786122636,0,0,1.89645254074784,1.66974924751415,"HTR2C"
"PHOSPHINE CTD 00006547","1/71",0.414592451973056,0.872592786122636,0,0,1.89645254074784,1.66974924751415,"CST1"
"clozapine BOSS","1/71",0.414592451973056,0.872592786122636,0,0,1.89645254074784,1.66974924751415,"HTR2C"
"GLYCOPROTEIN BOSS","2/189",0.415403252129953,0.872592786122636,0,0,1.42094233270704,1.24830570939816,"MUC16;FEZF1"
"D-Norepinephrine d-bitartrate BOSS","2/190",0.417999453463735,0.872592786122636,0,0,1.41331224841863,1.2327971590847,"IGFBP1;HTR2C"
"cholesterol BOSS","2/190",0.417999453463735,0.872592786122636,0,0,1.41331224841863,1.2327971590847,"IGFBP1;APOA2"
"harmine PC3 UP","1/72",0.418998642142041,0.872592786122636,0,0,1.86964741468948,1.62638310199233,"HOXA11"
"nitric oxide BOSS","2/191",0.420589892517788,0.872592786122636,0,0,1.40576290576291,1.21752710161237,"IGFBP1;MMP3"
"formaldehyde BOSS","2/191",0.420589892517788,0.872592786122636,0,0,1.40576290576291,1.21752710161237,"IGFBP1;FEZF1"
"Benzo[b]fluoranthene CTD 00000306","1/73",0.423371887512257,0.872592786122636,0,0,1.84358687546607,1.58457088280137,"IGFBP1"
"methazolamide HL60 UP","3/316",0.423557246826941,0.872592786122636,0,0,1.27384755819261,1.09431988884833,"SAGE1;GAGE2E;SSX1"
"iopromide HL60 UP","2/193",0.425753245868512,0.872592786122636,0,0,1.39090137257677,1.18768419430157,"GAGE2E;SSX1"
"cerivastatin BOSS","2/193",0.425753245868512,0.872592786122636,0,0,1.39090137257677,1.18768419430157,"IGFBP1;MMP3"
"Simvastatin and niacin BOSS","2/193",0.425753245868512,0.872592786122636,0,0,1.39090137257677,1.18768419430157,"IGFBP1;MMP3"
"imidurea PC3 DOWN","1/74",0.427712432849239,0.872592786122636,0,0,1.81824032361864,1.54423913451851,"SSX1"
"17-Hydroxy-17-methylandrost-4-en-3-one BOSS","2/194",0.428326044162586,0.872592786122636,0,0,1.38358671171171,1.17310247878722,"IGFBP1;CGB5"
"UNII-CXY7B3Q98Z BOSS","2/195",0.43089284828167,0.872592786122636,0,0,1.37634785044111,1.15874151820459,"IGFBP1;CGB5"
"TOSYLPHENYLALANYL CHLOROMETHYL KETONE CTD 00006910","1/75",0.432020520984081,0.872592786122636,0,0,1.79357881371304,1.50531875397219,"NPSR1"
"propofol BOSS","1/75",0.432020520984081,0.872592786122636,0,0,1.79357881371304,1.50531875397219,"FEZF1"
"2-Butanone BOSS","2/196",0.433453603039762,0.872592786122636,0,0,1.3691836166063,1.14459713616113,"IGFBP1;MMP3"
"water BOSS","2/196",0.433453603039762,0.872592786122636,0,0,1.3691836166063,1.14459713616113,"IGFBP1;MMP3"
"LAMININ BOSS","2/197",0.436008254611057,0.872592786122636,0,0,1.36209286209286,1.13066525285882,"IGFBP1;MMP3"
"tamoxifen BOSS","2/197",0.436008254611057,0.872592786122636,0,0,1.36209286209286,1.13066525285882,"IGFBP1;MUC16"
"AC1L1FUW CTD 00002630","1/76",0.436296393061318,0.872592786122636,0,0,1.76957494407159,1.46774467919657,"SLCO1B3"
"canavanine MCF7 DOWN","1/76",0.436296393061318,0.872592786122636,0,0,1.76957494407159,1.46774467919657,"SSX1"
"iodine BOSS","1/76",0.436296393061318,0.872592786122636,0,0,1.76957494407159,1.46774467919657,"IGFBP1"
"kainic acid BOSS","1/76",0.436296393061318,0.872592786122636,0,0,1.76957494407159,1.46774467919657,"IGFBP1"
"Acid red 87 BOSS","2/198",0.438556750220459,0.874852898635657,0,0,1.35507446221732,1.11694188332922,"IGFBP1;MMP3"
"doxorubicin BOSS","2/200",0.443635068103426,0.875620766504139,0,0,1.34125034125034,1.0901052026517,"IGFBP1;MUC16"
"dopamine BOSS","2/200",0.443635068103426,0.875620766504139,0,0,1.34125034125034,1.0901052026517,"IGFBP1;HTR2C"
"scopolamine PC3 UP","4/454",0.444065300484429,0.875620766504139,0,0,1.18112633181126,0.958819049710748,"PIWIL1;ALPP;MAGEA11;SSX1"
"Dibenz[a,h]anthracene CTD 00001246","1/78",0.444752444465265,0.875620766504139,0,0,1.72343763618931,1.3963937262363,"IGFBP1"
"quercetin PC3 UP","1/78",0.444752444465265,0.875620766504139,0,0,1.72343763618931,1.3963937262363,"SSX1"
"chlorzoxazone HL60 UP","4/455",0.445729434111926,0.875620766504139,0,0,1.17844667861374,0.952235779282781,"IBSP;ALPP;CGB5;CTAG2"
"isoproterenol CTD 00006175","1/79",0.448933097070312,0.879679503373819,0,0,1.70125623816899,1.36250448907964,"ALPP"
"Pentadecafluorooctanoic acid CTD 00001078","2/203",0.451205119947553,0.879679503373819,0,0,1.32102998520909,1.05131956198606,"ALPP;APOA2"
"Vitamin D3 BOSS","2/203",0.451205119947553,0.879679503373819,0,0,1.32102998520909,1.05131956198606,"IGFBP1;FGF19"
"alimemazine HL60 UP","1/81",0.457200826493695,0.881573322000468,0,0,1.65855704697987,1.29804071330836,"SSX1"
"mifepristone CTD 00007083","3/334",0.45903163175333,0.881573322000468,0,0,1.20346507182934,0.93706141837321,"NPSR1;ESM1;MMP3"
"cyclopenthiazide PC3 UP","3/335",0.460976537908103,0.881573322000468,0,0,1.19977870666339,0.929118386067907,"ALPP;SAGE1;SSX1"
"Apocarotenal CTD 00000185","1/82",0.461288366163036,0.881573322000468,0,0,1.63799817714807,1.26737145558229,"HOXC10"
"clioquinol CTD 00006162","1/82",0.461288366163036,0.881573322000468,0,0,1.63799817714807,1.26737145558229,"MMP3"
"yohimbic acid PC3 DOWN","1/82",0.461288366163036,0.881573322000468,0,0,1.63799817714807,1.26737145558229,"SSX1"
"nicotinamide adenine dinucleotide BOSS","1/82",0.461288366163036,0.881573322000468,0,0,1.63799817714807,1.26737145558229,"IGFBP1"
"MANGANESE BOSS","1/82",0.461288366163036,0.881573322000468,0,0,1.63799817714807,1.26737145558229,"IGFBP1"
"metformin CTD 00006282","1/83",0.465345328307189,0.88713616775804,0,0,1.61794074316582,1.23768504110126,"IGFBP1"
"NSC94017 CTD 00005320","1/84",0.469371940098774,0.888249099355626,0,0,1.5983666208458,1.20894021864091,"ALPP"
"Lead(II) acetate CTD 00000394","1/84",0.469371940098774,0.888249099355626,0,0,1.5983666208458,1.20894021864091,"WNT2"
"172889-27-9 BOSS","1/84",0.469371940098774,0.888249099355626,0,0,1.5983666208458,1.20894021864091,"IGFBP1"
"lobeline HL60 UP","3/340",0.470656283560211,0.888507227989277,0,0,1.1816750439048,0.890542466777599,"GAGE2E;CGB5;CTAG2"
"Isoflavone BOSS","1/85",0.473368427065613,0.88961669562607,0,0,1.57925854905721,1.18109790214355,"IGFBP1"
"(-)-Epigallocatechin gallate BOSS","2/212",0.473562352528781,0.88961669562607,0,0,1.26383526383526,0.944681081423629,"IGFBP1;FEZF1"
"chitosamine CTD 00006030","1/86",0.477335013154614,0.88961669562607,0,0,1.56060007895776,1.15412103390595,"MMP3"
"nifedipine CTD 00006395","1/86",0.477335013154614,0.88961669562607,0,0,1.56060007895776,1.15412103390595,"APOA2"
"Edetate sodium BOSS","1/86",0.477335013154614,0.88961669562607,0,0,1.56060007895776,1.15412103390595,"FEZF1"
"alsterpaullone PC3 UP","1/87",0.481271920504091,0.88961669562607,0,0,1.5423755267676,1.12797445878462,"HOXA11"
"calcitriol BOSS","1/87",0.481271920504091,0.88961669562607,0,0,1.5423755267676,1.12797445878462,"IGFBP1"
"Pioglitazone BOSS","1/87",0.481271920504091,0.88961669562607,0,0,1.5423755267676,1.12797445878462,"IGFBP1"
"oxyphenbutazone BOSS","2/217",0.485746215831479,0.88961669562607,0,0,1.23412947831552,0.891126614974119,"IGFBP1;FEZF1"
"etretinate BOSS","1/89",0.48905757982953,0.88961669562607,0,0,1.50716900549115,1.07804038014939,"IGFBP1"
"Chlorophenothane CTD 00005755","1/90",0.492906768065308,0.88961669562607,0,0,1.49015911318905,1.05419106131264,"MMP3"
"helveticoside PC3 DOWN","1/91",0.496727150156281,0.88961669562607,0,0,1.47352721849366,1.03104820957433,"HOXA11"
"ampicillin CTD 00005394","1/91",0.496727150156281,0.88961669562607,0,0,1.47352721849366,1.03104820957433,"ESM1"
"sulpiride PC3 UP","1/91",0.496727150156281,0.88961669562607,0,0,1.47352721849366,1.03104820957433,"SSX1"
"Eicosapentaenoic acid BOSS","1/91",0.496727150156281,0.88961669562607,0,0,1.47352721849366,1.03104820957433,"IGFBP1"
"9,10-Phenanthrenequinone TTD 00001360","1/91",0.496727150156281,0.88961669562607,0,0,1.47352721849366,1.03104820957433,"NPSR1"
"L-carnitine BOSS","1/91",0.496727150156281,0.88961669562607,0,0,1.47352721849366,1.03104820957433,"IGFBP1"
"LITHIUM BOSS","1/91",0.496727150156281,0.88961669562607,0,0,1.47352721849366,1.03104820957433,"IGFBP1"
"methotrexate CTD 00006299","5/619",0.497031257303993,0.88961669562607,0,0,1.08031000786252,0.755247279164856,"CST1;ALPP;FGF19;MMP3;MAGEA6"
"camptothecin MCF7 UP","2/222",0.497755298293933,0.88961669562607,0,0,1.20577395577396,0.841204211070888,"LEFTY1;HOXC13"
"bezafibrate CTD 00005506","1/92",0.500518940311764,0.88961669562607,0,0,1.45726085994542,1.00858457793684,"APOA2"
"tolazoline PC3 UP","2/224",0.502509129220051,0.88961669562607,0,0,1.19478938397857,0.822184124957223,"ALPP;SSX1"
"Deguelin CTD 00003487","1/93",0.504282351060336,0.88961669562607,0,0,1.44134811788737,0.986774231330676,"WNT2"
"resveratrol BOSS","2/225",0.504875260398214,0.88961669562607,0,0,1.18937098533511,0.812868332074871,"IGFBP1;MMP3"
"levodopa BOSS","1/94",0.508017593408656,0.88961669562607,0,0,1.42577758533593,0.965592470285837,"IGFBP1"
"meprobamate BOSS","1/94",0.508017593408656,0.88961669562607,0,0,1.42577758533593,0.965592470285837,"IGFBP1"
"clidinium bromide HL60 UP","2/227",0.509585823668654,0.88961669562607,0,0,1.17867867867868,0.794614474506476,"CST1;SSX1"
"UNII-768N7QO4KH BOSS","1/95",0.51172487679455,0.88961669562607,0,0,1.41053834071112,0.945015760341747,"IGFBP1"
"methylene blue BOSS","1/95",0.51172487679455,0.88961669562607,0,0,1.41053834071112,0.945015760341747,"NPSR1"
"tretinoin MCF7 UP","1/96",0.515404409102495,0.88961669562607,0,0,1.39561992228894,0.925021665999784,"HOXC13"
"hydroxyurea CTD 00006132","1/96",0.515404409102495,0.88961669562607,0,0,1.39561992228894,0.925021665999784,"MAGEA1"
"DL-PHENYLALANINE BOSS","1/96",0.515404409102495,0.88961669562607,0,0,1.39561992228894,0.925021665999784,"IGFBP1"
"tetracycline BOSS","1/96",0.515404409102495,0.88961669562607,0,0,1.39561992228894,0.925021665999784,"IGFBP1"
"luteolin BOSS","1/96",0.515404409102495,0.88961669562607,0,0,1.39561992228894,0.925021665999784,"IGFBP1"
"zalcitabine PC3 UP","7/902",0.517858646279897,0.88961669562607,0,0,1.03672305348283,0.682218671547884,"PIWIL1;ALPP;SAGE1;APOA2;MAGEA11;SSX1;CPN1"
"hydrocortisone CTD 00006117","1/97",0.519056396573218,0.88961669562607,0,0,1.38101230425056,0.905588789327754,"IGFBP1"
"apigenin BOSS","1/97",0.519056396573218,0.88961669562607,0,0,1.38101230425056,0.905588789327754,"NPSR1"
"Gefitinib BOSS","1/97",0.519056396573218,0.88961669562607,0,0,1.38101230425056,0.905588789327754,"IGFBP1"
"Erlotinib BOSS","1/98",0.522681044170309,0.88961669562607,0,0,1.36670587421297,0.88669671138027,"IGFBP1"
"Omega-3 Fatty Acids BOSS","1/98",0.522681044170309,0.88961669562607,0,0,1.36670587421297,0.88669671138027,"IGFBP1"
"prednisolone BOSS","1/98",0.522681044170309,0.88961669562607,0,0,1.36670587421297,0.88669671138027,"IGFBP1"
"1-NITROPYRENE CTD 00001569","2/234",0.5258424609148,0.88961669562607,0,0,1.14270736253495,0.73447928823525,"ESM1;WNT2"
"rofecoxib CTD 00003631","1/99",0.526278555122192,0.88961669562607,0,0,1.35269141213532,0.86832593957253,"MMP3"
"33258 Hoechst BOSS","1/99",0.526278555122192,0.88961669562607,0,0,1.35269141213532,0.86832593957253,"IGFBP1"
"Toxoflavin TTD 00011503","1/99",0.526278555122192,0.88961669562607,0,0,1.35269141213532,0.86832593957253,"NPSR1"
"Calcimycin CTD 00005287","1/99",0.526278555122192,0.88961669562607,0,0,1.35269141213532,0.86832593957253,"NPSR1"
"N-acetyl-L-aspartic acid PC3 DOWN","1/100",0.529849131261317,0.88961669562607,0,0,1.33896007050369,0.850457856372934,"SSX1"
"ACMC-20mvek CTD 00002629","1/100",0.529849131261317,0.88961669562607,0,0,1.33896007050369,0.850457856372934,"SLCO1B3"
"Hydroxyzine dihydrochloride BOSS","1/100",0.529849131261317,0.88961669562607,0,0,1.33896007050369,0.850457856372934,"IGFBP1"
"D-Sorbitol BOSS","1/100",0.529849131261317,0.88961669562607,0,0,1.33896007050369,0.850457856372934,"IGFBP1"
"metronidazole PC3 UP","10/1316",0.529862140418112,0.88961669562607,0,0,1.01422008313279,0.644170139804328,"MAGEA12;IBSP;ALPP;GAGE2E;MAGEA1;APOA2;HTR2C;CTAG2;WNT2;MAGEA3"
"myo-inositol BOSS","1/101",0.533392972965815,0.891676373813263,0,0,1.3255033557047,0.833074672276915,"IGFBP1"
"NSC 95397 TTD 00009745","1/101",0.533392972965815,0.891676373813263,0,0,1.3255033557047,0.833074672276915,"NPSR1"
"losartan BOSS","1/102",0.536910279015415,0.892312445951992,0,0,1.31231311050568,0.816159381944901,"IGFBP1"
"lactose BOSS","1/102",0.536910279015415,0.892312445951992,0,0,1.31231311050568,0.816159381944901,"IGFBP1"
"8-HYDROXYQUINOLINE CTD 00007045","2/239",0.537232041102879,0.892312445951992,0,0,1.11831451704869,0.694836959059872,"IGFBP1;ESM1"
"Decabromodiphenyl oxide CTD 00000574","1/104",0.543866072137421,0.899470811611889,0,0,1.28670098390565,0.783668133648281,"SPDYC"
"beta-carotene CTD 00007253","1/104",0.543866072137421,0.899470811611889,0,0,1.28670098390565,0.783668133648281,"HOXC10"
"MAGNESIUM BOSS","1/105",0.547304949580397,0.901306448883462,0,0,1.27426432627775,0.768061723279694,"IGFBP1"
"L-arginine BOSS","1/105",0.547304949580397,0.901306448883462,0,0,1.27426432627775,0.768061723279694,"IGFBP1"
"Dasatinib BOSS","1/106",0.550718072249174,0.905001672868069,0,0,1.26206455736657,0.752862230729084,"IGFBP1"
"1,10-phenanthroline CTD 00001181","1/107",0.554105631596663,0.906718306249084,0,0,1.25009497277447,0.738055996492957,"MMP8"
"9,10-Phenanthrenequinone CTD 00000222","1/107",0.554105631596663,0.906718306249084,0,0,1.25009497277447,0.738055996492957,"NPSR1"
"clomipramine PC3 DOWN","1/108",0.557467817832854,0.910295550638458,0,0,1.2383491187355,0.723629930638681,"PRAME"
"celecoxib BOSS","1/109",0.560804819708212,0.912107027807508,0,0,1.22682078051206,0.709571484778776,"MMP3"
"Medroxyprogesterone acetate CTD 00006623","3/389",0.560934037773093,0.912107027807508,0,0,1.0290789891086,0.594964034650436,"IGFBP1;NPSR1;HOXA11"
"HEMATOXYLIN BOSS","2/251",0.563797738393327,0.912594913450447,0,0,1.06376858786497,0.60960292024928,"IGFBP1;MMP3"
"butyric acid BOSS","1/110",0.56411682476824,0.912594913450447,0,0,1.21550397143033,0.695868624652279,"IGFBP1"
"hexachlorophene","1/111",0.567404018851771,0.912594913450447,0,0,1.20439292251373,0.682509805917088,"HTR2C"
"Pioglitazone CTD 00002515","1/111",0.567404018851771,0.912594913450447,0,0,1.20439292251373,0.682509805917088,"SLCO1B3"
"thymidine BOSS","1/111",0.567404018851771,0.912594913450447,0,0,1.20439292251373,0.682509805917088,"IGFBP1"
"apigenin CTD 00007429","1/112",0.570666586705447,0.912594913450447,0,0,1.1934820726767,0.669483948964383,"NPSR1"
"buflomedil PC3 UP","1/112",0.570666586705447,0.912594913450447,0,0,1.1934820726767,0.669483948964383,"SSX1"
"beta-Levulose BOSS","1/112",0.570666586705447,0.912594913450447,0,0,1.1934820726767,0.669483948964383,"IGFBP1"
"mitoxantrone CTD 00006345","2/255",0.572408925124986,0.913493831024205,0,0,1.04673645977994,0.58397598647027,"COL11A1;MAGEA6"
"ETHYLENE GLYCOL BOSS","1/116",0.583474239881795,0.92923675240434,0,0,1.1517362124307,0.620503615278083,"IGFBP1"
"Ethylene dimethacrylate BOSS","1/118",0.589735009661575,0.937279050262956,0,0,1.13193368898067,0.597753782733344,"IGFBP1"
"Nandrolone phenpropionate BOSS","1/119",0.592830249536587,0.939244140763142,0,0,1.12228415424866,0.586783103040521,"IGFBP1"
"Premarin CTD 00005926","2/265",0.593398430017024,0.939244140763142,0,0,1.00642277258247,0.525241192623566,"MMP3;HOXC13"
"staurosporine TTD 00011086","1/121",0.598951309210783,0.946098598630911,0,0,1.10346756152125,0.565609853306459,"NPSR1"
"cycloheximide BOSS","1/122",0.601977473130805,0.948942085953652,0,0,1.09429252870376,0.55539203696771,"IGFBP1"
"ARSENIC BOSS","1/123",0.604980953737634,0.951738329660425,0,0,1.08526790626031,0.545410397131897,"IGFBP1"
"SELENIUM BOSS","1/124",0.60796191996169,0.954487882455067,0,0,1.07639002564522,0.53565799449055,"IGFBP1"
"oxiglutatione BOSS","1/125",0.610920539401407,0.957191290479127,0,0,1.06765533665296,0.526128141983069,"FEZF1"
"citric acid BOSS","1/126",0.613856978413518,0.959239833094357,0,0,1.05906040268456,0.516814393671165,"IGFBP1"
"daidzein CTD 00000166","1/127",0.616771402248865,0.959239833094357,0,0,1.05060189623948,0.50771053410457,"IBSP"
"solanine HL60 UP","1/127",0.616771402248865,0.959239833094357,0,0,1.05060189623948,0.50771053410457,"APOA2"
"Oxotremorine BOSS","1/128",0.619663974867156,0.959239833094357,0,0,1.0422765946203,0.498810568768154,"IGFBP1"
"alpha-GalNAc BOSS","1/128",0.619663974867156,0.959239833094357,0,0,1.0422765946203,0.498810568768154,"FEZF1"
"L-histidine BOSS","1/128",0.619663974867156,0.959239833094357,0,0,1.0422765946203,0.498810568768154,"FEZF1"
"rosiglitazone BOSS","1/129",0.62253485903861,0.959844583457936,0,0,1.03408137583893,0.490108714522158,"IGFBP1"
"trichostatin A BOSS","1/129",0.62253485903861,0.959844583457936,0,0,1.03408137583893,0.490108714522158,"MMP3"
"Docosahexaenoic acid BOSS","1/131",0.628212206787294,0.966672461338698,0,0,1.018069179143,0.473277211198341,"IGFBP1"
"1-Methyl-3-nitro-1-nitrosoguanidine CTD 00006318","1/132",0.631018989802208,0.967583542222822,0,0,1.01024642655874,0.465136974890384,"WNT2"
"lanatoside C PC3 DOWN","1/133",0.633804723394019,0.967583542222822,0,0,1.00254220052878,0.457173659249914,"HOXA11"
"isoproterenol BOSS","1/133",0.633804723394019,0.967583542222822,0,0,1.00254220052878,0.457173659249914,"IGFBP1"
"ACRYLAMIDE BOSS","1/133",0.633804723394019,0.967583542222822,0,0,1.00254220052878,0.457173659249914,"FEZF1"
"primaquine PC3 UP","3/434",0.635227815746701,0.967847105094383,0,0,0.919503764382783,0.417244675496971,"ALPP;SAGE1;SSX1"
"3,4-DICHLOROANILINE CTD 00000754","1/135",0.639313668266785,0.968353775417792,0,0,0.987478713813483,0.44175854790447,"MUC16"
"9001-31-4 BOSS","1/135",0.639313668266785,0.968353775417792,0,0,0.987478713813483,0.44175854790447,"IGFBP1"
"retinol BOSS","1/135",0.639313668266785,0.968353775417792,0,0,0.987478713813483,0.44175854790447,"IGFBP1"
"chlortetracycline HL60 UP","2/289",0.640627250812133,0.968448226813654,0,0,0.921131933327055,0.410186961346458,"CGB5;CTAG2"
"Ethene BOSS","1/136",0.642037189650912,0.968687689648745,0,0,0.98011434253045,0.434297534391419,"FEZF1"
"4-Hydroxytamoxifen CTD 00000850","4/586",0.644212470704037,0.970078701021254,0,0,0.90702819752389,0.398844501443909,"IGFBP1;NPSR1;HOXC13;WNT2"
"3-methylcholanthrene CTD 00006310","2/297",0.655389152764969,0.972416215124923,0,0,0.895785616124599,0.3784927969152,"HOXC11;HOXC10"
"diuron CTD 00005864","1/143",0.660538268075225,0.972416215124923,0,0,0.931468002646753,0.386279984370907,"MUC16"
"CADMIUM BOSS","1/143",0.660538268075225,0.972416215124923,0,0,0.931468002646753,0.386279984370907,"FEZF1"
"genistein BOSS","1/143",0.660538268075225,0.972416215124923,0,0,0.931468002646753,0.386279984370907,"IGFBP1"
"atorvastatin BOSS","1/143",0.660538268075225,0.972416215124923,0,0,0.931468002646753,0.386279984370907,"IGFBP1"
"zuclopenthixol PC3 UP","2/301",0.662588292101607,0.972416215124923,0,0,0.883621079273253,0.363699725347903,"SAGE1;SSX1"
"ouabain PC3 DOWN","1/144",0.663102555572851,0.972416215124923,0,0,0.924907307457643,0.37997561491806,"HOXA11"
"Cadmium sulfate CTD 00001745","1/144",0.663102555572851,0.972416215124923,0,0,0.924907307457643,0.37997561491806,"EPYC"
"lycorine PC3 DOWN","2/302",0.66436924910047,0.972416215124923,0,0,0.880630630630631,0.36010499940758,"PRAME;HOXA11"
"TITANIUM DIOXIDE CTD 00000489","1/145",0.665647600597259,0.972416215124923,0,0,0.918437733035048,0.373799451924097,"IBSP"
"kojic acid CTD 00000624","2/313",0.683466869578659,0.972416215124923,0,0,0.849004953506561,0.323111839452309,"MAGEC2;SSX1"
"5-Fluorouracil CTD 00005987","8/1202",0.686048146603479,0.972416215124923,0,0,0.880269894071295,0.331692270967937,"MAGEA12;EPYC;MMP3;MAGEA2;MAGEA6;HOXC11;ACTL8;MAGEA4"
"N-NITROSODIETHYLAMINE CTD 00005817","1/157",0.694738387449643,0.972416215124923,0,0,0.847272414386508,0.308593495406497,"IGFBP1"
"Pyruvic acid BOSS","1/158",0.697045953489592,0.972416215124923,0,0,0.841833026973881,0.303820856251772,"IGFBP1"
"oleic acid BOSS","1/159",0.699336191216753,0.972416215124923,0,0,0.836462492566477,0.29913880491133,"IGFBP1"
"Sorafenib tosylate BOSS","1/160",0.701609229939575,0.972416215124923,0,0,0.83115951205099,0.294545212788559,"IGFBP1"
"pregnenolone PC3 DOWN","2/325",0.703284796531673,0.972416215124923,0,0,0.816960923772069,0.287564815018059,"MAGEA6;MAGEA3"
"eugenol CTD 00005949","1/161",0.703865197889487,0.972416215124923,0,0,0.825922818791946,0.290038012497686,"IBSP"
"Phorbol 12-myristate 13-acetate CTD 00006852","3/483",0.705753377162021,0.972416215124923,0,0,0.823554421768708,0.287000008257165,"IBSP;MMP3;MMP8"
"Decitabine CTD 00000750","12/1800",0.707474916527159,0.972416215124923,0,0,0.878416496449762,0.303978754994906,"LEFTY1;MAGEA12;ALPP;COL11A1;MAGEA1;MAGEA9B;CTAG2;MAGEA6;MAGEA10;MAGEA3;MAGEA4;SSX1"
"sulfamonomethoxine HL60 UP","2/328",0.708076531526164,0.972416215124923,0,0,0.809318520974963,0.279379258891899,"SAGE1;SSX1"
"ammonia BOSS","1/163",0.708326430127143,0.972416215124923,0,0,0.815643383876046,0.281274810193238,"FEZF1"
"strophanthidin PC3 DOWN","1/164",0.710531946219516,0.972416215124923,0,0,0.810598262444929,0.277014960277267,"HOXA11"
"Clorgiline CTD 00005690","1/167",0.717049586251073,0.972416215124923,0,0,0.795827605724913,0.264700445018141,"MAGEA3"
"Estrone sulfate BOSS","1/167",0.717049586251073,0.972416215124923,0,0,0.795827605724913,0.264700445018141,"IGFBP1"
"forskolin BOSS","1/168",0.719189572526271,0.972416215124923,0,0,0.791021982879878,0.260744809284926,"IGFBP1"
"diphenylpyraline BOSS","1/168",0.719189572526271,0.972416215124923,0,0,0.791021982879878,0.260744809284926,"FEZF1"
"tobramycin PC3 DOWN","1/169",0.721313480799398,0.972416215124923,0,0,0.786273569830617,0.256860989935921,"SSX1"
"bicalutamide CTD 00002279","1/170",0.723421431111701,0.972416215124923,0,0,0.781581351018625,0.253047384285955,"IGFBP1"
"staurosporine CTD 00007273","1/170",0.723421431111701,0.972416215124923,0,0,0.781581351018625,0.253047384285955,"NPSR1"
"cefoxitin HL60 UP","1/171",0.72551354249767,0.972416215124923,0,0,0.776944334780892,0.24930243328228,"SSX1"
"hydroquinone CTD 00001535","1/172",0.727589933247922,0.972416215124923,0,0,0.772361552651203,0.245624619820807,"MMP3"
"medrysone HL60 UP","2/341",0.728104455657461,0.972416215124923,0,0,0.777764490153871,0.246793039941249,"GAGE2E;SSX1"
"L-aspartic acid BOSS","1/173",0.729650720649831,0.972416215124923,0,0,0.767832058685812,0.242012467679181,"IGFBP1"
"parthenolide PC3 DOWN","1/174",0.731696021218693,0.972416215124923,0,0,0.763354928812507,0.238464539973938,"HOXA11"
"ALDOSTERONE BOSS","1/176",0.735740623360017,0.972416215124923,0,0,0.754554170661553,0.23155580033682,"IGFBP1"
"dimethyl sulfoxide BOSS","1/177",0.737740153647112,0.972416215124923,0,0,0.75022879804759,0.228192300823678,"IGFBP1"
"palmitic acid BOSS","1/177",0.737740153647112,0.972416215124923,0,0,0.75022879804759,0.228192300823678,"IGFBP1"
"CALCIUM CTD 00005559","1/178",0.739724654251903,0.972416215124923,0,0,0.745952299700451,0.224887648597527,"ALPP"
"O,P'-DDT CTD 00000838","1/178",0.739724654251903,0.972416215124923,0,0,0.745952299700451,0.224887648597527,"MAGEA3"
"dUTP BOSS","1/179",0.741694237626006,0.972416215124923,0,0,0.741723851896539,0.221640585885884,"IGFBP1"
"digoxin PC3 DOWN","1/180",0.74364901514145,0.972416215124923,0,0,0.737542649319486,0.218449887746253,"HOXA11"
"histamine BOSS","1/180",0.74364901514145,0.972416215124923,0,0,0.737542649319486,0.218449887746253,"HTR2C"
"CORTICOSTERONE BOSS","1/180",0.74364901514145,0.972416215124923,0,0,0.737542649319486,0.218449887746253,"IGFBP1"
"folic acid BOSS","1/181",0.745589097168085,0.972416215124923,0,0,0.733407904548844,0.215314360982411,"IGFBP1"
"hemin BOSS","1/181",0.745589097168085,0.972416215124923,0,0,0.733407904548844,0.215314360982411,"WNT2"
"hydrogen sulfide BOSS","1/181",0.745589097168085,0.972416215124923,0,0,0.733407904548844,0.215314360982411,"FEZF1"
"L-leucine BOSS","1/182",0.747514593610893,0.972416215124923,0,0,0.729318847565724,0.212232842651785,"IGFBP1"
"bilirubin BOSS","1/182",0.747514593610893,0.972416215124923,0,0,0.729318847565724,0.212232842651785,"IGFBP1"
"PROPIDIUM BOSS","1/182",0.747514593610893,0.972416215124923,0,0,0.729318847565724,0.212232842651785,"IGFBP1"
"5,6-BENZOFLAVONE CTD 00007276","1/182",0.747514593610893,0.972416215124923,0,0,0.729318847565724,0.212232842651785,"IGFBP1"
"Velcade(Bortezomib) BOSS","1/183",0.74942561330498,0.972416215124923,0,0,0.725274725274725,0.209204199738222,"IGFBP1"
"CROTONALDEHYDE CTD 00000669","1/184",0.75132226443448,0.972416215124923,0,0,0.721274801041552,0.206227327845709,"MMP3"
"Copper(II) chloride CTD 00001408","1/184",0.75132226443448,0.972416215124923,0,0,0.721274801041552,0.206227327845709,"MAGEA2"
"COPPER BOSS","1/184",0.75132226443448,0.972416215124923,0,0,0.721274801041552,0.206227327845709,"IGFBP1"
"methane BOSS","1/186",0.755072889322826,0.972416215124923,0,0,0.713404679847633,0.200424618627599,"IGFBP1"
"L-alanine BOSS","1/186",0.755072889322826,0.972416215124923,0,0,0.713404679847633,0.200424618627599,"IGFBP1"
"methanol BOSS","1/186",0.755072889322826,0.972416215124923,0,0,0.713404679847633,0.200424618627599,"FEZF1"
"L-cysteine BOSS","1/186",0.755072889322826,0.972416215124923,0,0,0.713404679847633,0.200424618627599,"FEZF1"
"Ethylparaben BOSS","1/186",0.755072889322826,0.972416215124923,0,0,0.713404679847633,0.200424618627599,"IGFBP1"
"liothyronine BOSS","1/187",0.756927075363919,0.972416215124923,0,0,0.709533087969979,0.197596708814691,"IGFBP1"
"ZINC BOSS","1/187",0.756927075363919,0.972416215124923,0,0,0.709533087969979,0.197596708814691,"IGFBP1"
"ethanol BOSS","1/187",0.756927075363919,0.972416215124923,0,0,0.709533087969979,0.197596708814691,"IGFBP1"
"Imatinib mesylate BOSS","1/187",0.756927075363919,0.972416215124923,0,0,0.709533087969979,0.197596708814691,"IGFBP1"
"Quercetin dihydrate BOSS","1/187",0.756927075363919,0.972416215124923,0,0,0.709533087969979,0.197596708814691,"IGFBP1"
"Erythorbic acid BOSS","1/187",0.756927075363919,0.972416215124923,0,0,0.709533087969979,0.197596708814691,"IGFBP1"
"sodium chloride BOSS","1/187",0.756927075363919,0.972416215124923,0,0,0.709533087969979,0.197596708814691,"IGFBP1"
"D-glucose BOSS","1/188",0.758767317249714,0.972416215124923,0,0,0.705702903492086,0.194816423618026,"IGFBP1"
"NICKEL CTD 00006389","1/189",0.760593719271888,0.972416215124923,0,0,0.701913465657575,0.19208279002852,"IBSP"
"hydrogen peroxide BOSS","1/189",0.760593719271888,0.972416215124923,0,0,0.701913465657575,0.19208279002852,"IGFBP1"
"metformin BOSS","1/189",0.760593719271888,0.972416215124923,0,0,0.701913465657575,0.19208279002852,"IGFBP1"
"Coke BOSS","1/189",0.760593719271888,0.972416215124923,0,0,0.701913465657575,0.19208279002852,"FEZF1"
"Superoxide BOSS","1/189",0.760593719271888,0.972416215124923,0,0,0.701913465657575,0.19208279002852,"IGFBP1"
"L-glutamic acid BOSS","1/190",0.762406384791171,0.972416215124923,0,0,0.698164127694329,0.189394859184327,"IGFBP1"
"glutathione BOSS","1/190",0.762406384791171,0.972416215124923,0,0,0.698164127694329,0.189394859184327,"IGFBP1"
"L-glutamine BOSS","1/190",0.762406384791171,0.972416215124923,0,0,0.698164127694329,0.189394859184327,"IGFBP1"
"AGN-PC-0JHFVD BOSS","1/191",0.764205416363395,0.972416215124923,0,0,0.694454256446485,0.186751705553301,"IGFBP1"
"streptozocin BOSS","1/191",0.764205416363395,0.972416215124923,0,0,0.694454256446485,0.186751705553301,"IGFBP1"
"N-Acetyl-L-cysteine BOSS","1/191",0.764205416363395,0.972416215124923,0,0,0.694454256446485,0.186751705553301,"IGFBP1"
"Insulin BOSS","1/191",0.764205416363395,0.972416215124923,0,0,0.694454256446485,0.186751705553301,"IGFBP1"
"serine BOSS","1/191",0.764205416363395,0.972416215124923,0,0,0.694454256446485,0.186751705553301,"IGFBP1"
"1-Phosphatidyl-myo-inositol BOSS","1/192",0.765990915866687,0.972416215124923,0,0,0.690783232017991,0.184152426143518,"IGFBP1"
"Phetharbital BOSS","1/192",0.765990915866687,0.972416215124923,0,0,0.690783232017991,0.184152426143518,"IGFBP1"
"cyclosporin A BOSS","1/192",0.765990915866687,0.972416215124923,0,0,0.690783232017991,0.184152426143518,"MMP3"
"Isoguanine BOSS","1/192",0.765990915866687,0.972416215124923,0,0,0.690783232017991,0.184152426143518,"IGFBP1"
"ethisterone BOSS","1/193",0.767762984515712,0.972416215124923,0,0,0.687150447427293,0.181596139842854,"IGFBP1"
"DICHLOROMETHANE BOSS","1/193",0.767762984515712,0.972416215124923,0,0,0.687150447427293,0.181596139842854,"IGFBP1"
"diazepam BOSS","1/193",0.767762984515712,0.972416215124923,0,0,0.687150447427293,0.181596139842854,"IGFBP1"
"Angiotensin II, human BOSS","1/193",0.767762984515712,0.972416215124923,0,0,0.687150447427293,0.181596139842854,"IGFBP1"
"folic acid CTD 00005997","1/194",0.769521722515126,0.972416215124923,0,0,0.683555308272768,0.179081987101333,"MMP3"
"furosemide BOSS","1/194",0.769521722515126,0.972416215124923,0,0,0.683555308272768,0.179081987101333,"IGFBP1"
"PIPERONYL BUTOXIDE BOSS","1/194",0.769521722515126,0.972416215124923,0,0,0.683555308272768,0.179081987101333,"IGFBP1"
"PLATINUM BOSS","1/194",0.769521722515126,0.972416215124923,0,0,0.683555308272768,0.179081987101333,"MUC16"
"Aizen uranine BOSS","1/194",0.769521722515126,0.972416215124923,0,0,0.683555308272768,0.179081987101333,"IGFBP1"
"minoxidil PC3 UP","2/371",0.769938292174929,0.972416215124923,0,0,0.713432945140262,0.18652341026286,"SAGE1;SSX1"
"R-atenolol PC3 UP","1/196",0.772999604567813,0.972416215124923,0,0,0.676475649630012,0.174176746275291,"SSX1"
"sanguinarine MCF7 UP","1/196",0.772999604567813,0.972416215124923,0,0,0.676475649630012,0.174176746275291,"SSX1"
"11-cis-Retinal BOSS","1/197",0.774718945567786,0.972416215124923,0,0,0.672990001369675,0.171784040108278,"IGFBP1"
"5-Fluorouracil BOSS","1/197",0.774718945567786,0.972416215124923,0,0,0.672990001369675,0.171784040108278,"IGFBP1"
"cyclophosphamide BOSS","1/198",0.776425350060985,0.972416215124923,0,0,0.669539740401322,0.16943022999867,"IGFBP1"
"Acetylcholine bromide BOSS","1/198",0.776425350060985,0.972416215124923,0,0,0.669539740401322,0.16943022999867,"IGFBP1"
"rapamycin BOSS","1/198",0.776425350060985,0.972416215124923,0,0,0.669539740401322,0.16943022999867,"IGFBP1"
"hydrocortisone BOSS","1/198",0.776425350060985,0.972416215124923,0,0,0.669539740401322,0.16943022999867,"IGFBP1"
"Bisulfite BOSS","1/198",0.776425350060985,0.972416215124923,0,0,0.669539740401322,0.16943022999867,"IGFBP1"
"alprazolam BOSS","1/199",0.778118914685229,0.97296290786166,0,0,0.666124330553861,0.167114554158495,"FEZF1"
"L-thyroxine BOSS","1/201",0.781467907484982,0.974497763306798,0,0,0.659395973154362,0.162594647198258,"IGFBP1"
"Capsaicin BOSS","1/202",0.783123525551458,0.974497763306798,0,0,0.656082006076998,0.16038898008971,"IGFBP1"
"dexamethasone BOSS","1/202",0.783123525551458,0.974497763306798,0,0,0.656082006076998,0.16038898008971,"IGFBP1"
"N-methyl-D-aspartic acid BOSS","1/203",0.784766683370011,0.974974980623416,0,0,0.652800850554854,0.158218574464887,"IGFBP1"
"8-azaguanine PC3 DOWN","1/207",0.791216564958565,0.978277350284232,0,0,0.639994787254838,0.14987625919235,"HOXA11"
"dimethyl sulfoxide CTD 00005842","1/207",0.791216564958565,0.978277350284232,0,0,0.639994787254838,0.14987625919235,"CLDN6"
"epinephrine BOSS","1/207",0.791216564958565,0.978277350284232,0,0,0.639994787254838,0.14987625919235,"IGFBP1"
"doxycycline HL60 UP","2/390",0.793459800250127,0.97948626059585,0,0,0.677835051546392,0.15681876707035,"GAGE2E;SSX1"
"Alitretinoin CTD 00003402","1/212",0.799009537271928,0.984766531605848,0,0,0.624669995865008,0.14016495086659,"PRAME"
"LUCANTHONE CTD 00006227","1/213",0.800533103654285,0.98507571101497,0,0,0.621691781689249,0.138312367261648,"CST1"
"piperlongumine MCF7 UP","1/216",0.805035308654947,0.989043379204649,0,0,0.612923365069455,0.132924163584787,"BAAT"
"bisacodyl MCF7 UP","1/218",0.807980550505544,0.991088662585248,0,0,0.607212445489129,0.129468193239578,"HOXC13"
"[6-[6-(butanoylamino)purin-9-yl]-2-hydroxy-2-oxo-4a,6,7,7a-tetrahydro-4H-furo[3,2-d][1,3,2]dioxaphosphinin-7-yl] butanoate CTD 00005796","1/224",0.816553697854832,0.9999961426043,0,0,0.590694314864417,0.119711647331549,"IGFBP1"
"pyrithyldione HL60 UP","2/414",0.820138946456099,0.9999961426043,0,0,0.637562319601155,0.126416817014552,"GAGE2E;SSX1"
"celastrol MCF7 UP","1/229",0.823406733818484,0.9999961426043,0,0,0.577593312139409,0.112229263672163,"HOXC13"
"LITHIUM CHLORIDE CTD 00007226","1/231",0.826076191569207,0.9999961426043,0,0,0.572512401517362,0.109388953027098,"ALPP"
"dexamethasone CTD 00005779","2/421",0.827321482153933,0.9999961426043,0,0,0.626685157711411,0.118795645830016,"IGFBP1;MMP3"
"daunorubicin MCF7 UP","1/232",0.827395849741136,0.9999961426043,0,0,0.570004939132456,0.107999999193026,"SSX1"
"Retinoic acid BOSS","1/232",0.827395849741136,0.9999961426043,0,0,0.570004939132456,0.107999999193026,"IGFBP1"
"bucladesine HL60 UP","1/233",0.828705561189517,0.9999961426043,0,0,0.567519092802592,0.106631366886534,"SSX1"
"diethylstilbestrol CTD 00005818","1/233",0.828705561189517,0.9999961426043,0,0,0.567519092802592,0.106631366886534,"HOTAIR"
"1-chloro-2,4-dinitrobenzene CTD 00005848","1/242",0.84005746186891,0.9999961426043,0,0,0.546074800189368,0.0951726369934017,"MMP3"
"carbamazepine CTD 00005574","2/436",0.841855850736405,0.9999961426043,0,0,0.604558475526217,0.104072612334892,"IGFBP1;SLCO1B3"
"ouabain MCF7 UP","1/246",0.844859786140491,0.9999961426043,0,0,0.537049719216546,0.0905383115330214,"HOXC13"
"cicloheximide PC3 DOWN","1/247",0.846037814688462,0.9999961426043,0,0,0.534839308124625,0.0894204375853869,"PRAME"
"amiodarone CTD 00005381","3/625",0.851735511990403,0.9999961426043,0,0,0.630881291423322,0.101243345309282,"NPSR1;RDH8;COL11A1"
"digoxigenin MCF7 UP","1/255",0.855147675350725,0.9999961426043,0,0,0.517782592612165,0.0810231923718134,"HOXC13"
"minoxidil PC3 DOWN","1/255",0.855147675350725,0.9999961426043,0,0,0.517782592612165,0.0810231923718134,"MAGEA3"
"tamoxifen CTD 00006827","4/802",0.856536952735101,0.9999961426043,0,0,0.654101005939506,0.101292654705673,"IGFBP1;IBSP;COL11A1;PRAME"
"curcumin BOSS","1/257",0.857340190221246,0.9999961426043,0,0,0.513684983221476,0.0790666414461844,"MMP3"
"emetine PC3 DOWN","1/260",0.860567300060391,0.9999961426043,0,0,0.507657225778031,0.0762315634739223,"SSX1"
"zuclopenthixol PC3 DOWN","1/260",0.860567300060391,0.9999961426043,0,0,0.507657225778031,0.0762315634739223,"MAGEA3"
"PD 98059 CTD 00003206","1/262",0.862678313701127,0.9999961426043,0,0,0.503715703669418,0.07440556472371,"MMP3"
"tolnaftate PC3 UP","1/266",0.866805561196767,0.9999961426043,0,0,0.496011143472205,0.0709001272613112,"ALPP"
"OCHRATOXIN A CTD 00001202","1/297",0.894880377945014,0.9999961426043,0,0,0.443361146381281,0.0492420057306533,"IGFBP1"
"simvastatin CTD 00007319","1/304",0.900356731152111,0.9999961426043,0,0,0.432963430571245,0.0454456714818846,"MMP8"
"17-Ethynyl estradiol CTD 00005932","1/304",0.900356731152111,0.9999961426043,0,0,0.432963430571245,0.0454456714818846,"ALPP"
"Fulvestrant CTD 00002740","1/310",0.904824543394334,0.9999961426043,0,0,0.424426055037901,0.0424486445690649,"WNT2"
"oxygen CTD 00006454","2/524",0.9069641584607,0.9999961426043,0,0,0.500362431396914,0.0488615653908402,"IGFBP1;HTR2C"
"Silica CTD 00006678","4/898",0.909268512687099,0.9999961426043,0,0,0.580919984064233,0.0552541083915573,"ESM1;LEFTY1;MAGEA10;WNT2"
"zalcitabine PC3 DOWN","3/726",0.912993538728625,0.9999961426043,0,0,0.53989894713072,0.0491450982185541,"MAGEA6;MAGEA3;HOXA11"
"8-azaguanine PC3 UP","1/323",0.913833661443829,0.9999961426043,0,0,0.407019884113552,0.0366752241915117,"ESM1"
"digoxin MCF7 UP","1/324",0.914490502394869,0.9999961426043,0,0,0.405738982276061,0.0362682759876467,"HOXC13"
"cycloheximide CTD 00005731","1/324",0.914490502394869,0.9999961426043,0,0,0.405738982276061,0.0362682759876467,"EPYC"
"digitoxigenin MCF7 UP","1/328",0.917068498066559,0.9999961426043,0,0,0.400693717546128,0.0346893018924085,"HOXC13"
"thapsigargin PC3 DOWN","1/329",0.917700840046012,0.9999961426043,0,0,0.399451628744475,0.0343064332899838,"PRAME"
"anisomycin PC3 DOWN","2/558",0.924653906288751,0.9999961426043,0,0,0.468938362823255,0.0367346462556457,"PRAME;HOXA11"
"cicloheximide MCF7 UP","1/354",0.932042518994631,0.9999961426043,0,0,0.370686541057475,0.0260877489093357,"HOXC13"
"helveticoside MCF7 UP","1/355",0.93256136841309,0.9999961426043,0,0,0.369620445152239,0.0258070173890563,"HOXC13"
"MG-262 PC3 DOWN","1/360",0.935097175804217,0.9999961426043,0,0,0.36437905442037,0.0244515922259923,"HOXA11"
"sulfaguanidine PC3 DOWN","2/583",0.935596134303855,0.9999961426043,0,0,0.448178815648695,0.0298358804802956,"MAGEA6;MAGEA3"
"MERCURY CTD 00006274","1/364",0.937057436680439,0.9999961426043,0,0,0.360289903303936,0.0234226988662237,"APOA2"
"0175029-0000 MCF7 UP","1/368",0.938958872311418,0.9999961426043,0,0,0.35628988899658,0.0224404199197503,"ACTL8"
"scopolamine PC3 DOWN","1/368",0.938958872311418,0.9999961426043,0,0,0.35628988899658,0.0224404199197503,"MAGEA3"
"azacitidine PC3 DOWN","2/595",0.940300321765685,0.9999961426043,0,0,0.438835969190101,0.0270129709039079,"HOXC13;HOXA11"
"proscillaridin MCF7 UP","1/378",0.943466483148347,0.9999961426043,0,0,0.346661207341605,0.0201737544009839,"HOXC13"
"sulpiride PC3 DOWN","2/617",0.948094419233055,0.9999961426043,0,0,0.422654361678752,0.0225279776211194,"SLCO1B3;MAGEA3"
"NICKEL CHLORIDE CTD 00001064","1/399",0.951884376669264,0.9999961426043,0,0,0.328015918518768,0.0161750240929536,"IGFBP1"
"Dronabinol CTD 00006853","1/402",0.95298059007954,0.9999961426043,0,0,0.325511724045591,0.0156768863918788,"MMP3"
"lanatoside C MCF7 UP","1/405",0.954051990140029,0.9999961426043,0,0,0.323044720579441,0.0151950907082767,"HOXC13"
"rosiglitazone CTD 00003139","1/411",0.956122569030316,0.9999961426043,0,0,0.318219021116386,0.0142782214038173,"SLCO1B3"
"Pentabromodiphenyl ether CTD 00003077","1/415",0.957451186267737,0.9999961426043,0,0,0.315079596666991,0.0136998308882582,"SLCO1B3"
"troglitazone CTD 00002415","2/651",0.95827236067037,0.9999961426043,0,0,0.399804272685629,0.0170409535041575,"IGFBP1;DMBX1"
"Zoledronic acid CTD 00003127","1/425",0.960600451417178,0.9999961426043,0,0,0.307490186146638,0.0123600968596297,"IBSP"
"testosterone CTD 00006844","5/1247",0.960933997922649,0.9999961426043,0,0,0.516630573602088,0.0205874974200745,"IGFBP1;DMBX1;ALPP;HTR2C;COX7B2"
"diclofenac CTD 00005804","1/427",0.961201943731583,0.9999961426043,0,0,0.306015061284936,0.0121092463827232,"IGFBP1"
"MS-275 PC3 UP","1/431",0.962377696994538,0.9999961426043,0,0,0.303105977836741,0.0116235956210557,"MMP3"
"scriptaid MCF7 DOWN","2/670",0.963101777832753,0.9999961426043,0,0,0.388048227868587,0.0145891327577302,"HOXC13;HOXC11"
"irinotecan MCF7 UP","2/671",0.963340597283751,0.9999961426043,0,0,0.387447986102695,0.0144705027511156,"LEFTY1;HOXC13"
"camptothecin PC3 UP","1/437",0.964075279426442,0.9999961426043,0,0,0.298842435810603,0.0109334184948636,"LEFTY1"
"digitoxigenin PC3 DOWN","2/694",0.968443103152147,0.9999961426043,0,0,0.374121231057647,0.0119964012640036,"MAGEA3;HOXA11"
"mitoxantrone PC3 DOWN","1/463",0.970594341584771,0.9999961426043,0,0,0.281646764868241,0.00840621856573774,"HOXA11"
"Fonofos CTD 00005884","2/712",0.971955071450586,0.9999961426043,0,0,0.364293871336125,0.0103625935847873,"CLDN6;LHX1"
"TERBUFOS CTD 00000658","2/715",0.972502734240995,0.9999961426043,0,0,0.362704218945453,0.0101130611889789,"CLDN6;LHX1"
"phenobarbital CTD 00006510","4/1129",0.972854549858297,0.9999961426043,0,0,0.456012176560122,0.0125497716814387,"IGFBP1;ALPP;SLCO1B3;MMP3"
"CADMIUM CTD 00005555","4/1142",0.974731855821769,0.9999961426043,0,0,0.450489924645497,0.0115293280411487,"NPSR1;IBSP;HOXC9;CPN1"
"Cylindrospermopsin CTD 00003136","1/483",0.97479662932237,0.9999961426043,0,0,0.269681695396697,0.00688400688852098,"KRTAP3-1"
"digitoxigenin PC3 UP","1/483",0.97479662932237,0.9999961426043,0,0,0.269681695396697,0.00688400688852098,"SSX1"
"cicloheximide HL60 UP","1/485",0.97518252082198,0.9999961426043,0,0,0.268539575128959,0.00674856726922368,"SSX1"
"vorinostat MCF7 DOWN","1/492",0.976487491611835,0.9999961426043,0,0,0.26461542667341,0.00629608432832724,"HOXC11"
"paclitaxel CTD 00007144","1/493",0.976668264655591,0.9999961426043,0,0,0.264063949364326,0.00623408231249299,"MUC16"
"ajmaline HL60 DOWN","1/496",0.977202340668907,0.9999961426043,0,0,0.26242288658396,0.0060518770295644,"PRAME"
"3-(1-methylpyrrolidin-2-yl)pyridine CTD 00006393","1/499",0.977724269707914,0.9999961426043,0,0,0.260801595644322,0.00587522920429562,"MMP3"
"irinotecan PC3 UP","1/501",0.978065609850485,0.9999961426043,0,0,0.259731543624161,0.00576046265323471,"LEFTY1"
"doxorubicin CTD 00005874","2/750",0.978179751514732,0.9999961426043,0,0,0.345100448041624,0.0076135477042978,"HOTAIR;EPYC"
"Dasatinib CTD 00004330","1/502",0.978234326255286,0.9999961426043,0,0,0.259199721362644,0.00570395950061533,"COL11A1"
"lycorine PC3 UP","1/508",0.979219888593099,0.9999961426043,0,0,0.25605284407556,0.00537686810570609,"ESM1"
"parathion CTD 00006472","2/776",0.981648459263147,0.9999961426043,0,0,0.333053984216775,0.00616883228246729,"CLDN6;LHX1"
"curcumin CTD 00000663","1/528",0.982195777386213,0.9999961426043,0,0,0.246080766144951,0.00442074856654104,"MMP3"
"primaquine PC3 DOWN","1/535",0.983133952355504,0.9999961426043,0,0,0.242767011034864,0.00412944238471739,"HOXA11"
"piroxicam CTD 00006571","1/549",0.984865464568455,0.9999961426043,0,0,0.236393474746485,0.00360505517549105,"ESM1"
"Caspan CTD 00000180","2/808",0.985192279757834,0.9999961426043,0,0,0.319294480584803,0.00476337841968576,"ESM1;APOA2"
"Tamibarotene CTD 00002527","1/559",0.985992977963554,0.9999961426043,0,0,0.232036756392678,0.00327312119316863,"EVX1"
"Bisphenol A CTD 00000312","4/1262",0.9871709289359,0.9999961426043,0,0,0.404904501600714,0.00522815699412988,"IGFBP1;HOTAIR;MUC16;ALPP"
"NICKEL SULFATE CTD 00001417","1/576",0.987721436390664,0.9999961426043,0,0,0.224978114969361,0.00277950741130693,"MMP3"
"trichostatin A MCF7 DOWN","1/588",0.988812241810985,0.9999961426043,0,0,0.220241702205504,0.00247789796032207,"HOXC11"
"ARSENIC CTD 00005442","2/853",0.989077899346384,0.9999961426043,0,0,0.301695938006161,0.00331328051183862,"ESM1;FGF19"
"Cianidanol CTD 00005600","2/870",0.99027163105072,0.9999961426043,0,0,0.295522481006352,0.00288902738679236,"HOXC11;HOXC10"
"etifenin PC3 DOWN","1/609",0.990494452192081,0.9999961426043,0,0,0.212402861179795,0.00202866267460092,"HOXA11"
"benzene CTD 00005481","1/615",0.990927127970538,0.9999961426043,0,0,0.210261679382638,0.00191638406934589,"MMP3"
"progesterone CTD 00006624","7/1915",0.991473443593469,0.9999961426043,0,0,0.460314318804885,0.00394172465619081,"IGFBP1;ALPP;COL11A1;MMP3;PRAME;HOXA11;CST4"
"emetine MCF7 UP","1/637",0.992352697986984,0.9999961426043,0,0,0.202756320965768,0.0015564979410301,"HOXC13"
"calcitriol CTD 00005558","7/1958",0.993174861266145,0.9999961426043,0,0,0.449090120540659,0.0030756100895288,"IGFBP1;DMBX1;LHX1;SLCO1B3;MMP3;HTR2C;COX7B2"
"8-Bromo-cAMP, Na CTD 00007044","1/652",0.993194711951654,0.9999961426043,0,0,0.197929875565727,0.00135157397570374,"IGFBP1"
"genistein CTD 00007324","3/1231",0.99581111635189,0.9999961426043,0,0,0.309479492122582,0.00129909636931243,"ESM1;IBSP;ALPP"
"anisomycin MCF7 UP","1/718",0.995930886079021,0.9999961426043,0,0,0.179092602473019,0.000730234916037232,"HOXC13"
"vincristine CTD 00006988","3/1245",0.996173806767515,0.9999961426043,0,0,0.305760951723685,0.0011721443423528,"MAGEA2;ACTL8;SSX1"
"metronidazole PC3 DOWN","1/745",0.996704424469065,0.9999961426043,0,0,0.172349714945515,0.000568929494168171,"HOXC11"
"diazinon CTD 00005790","2/1027",0.996718268037629,0.9999961426043,0,0,0.248187211601846,0.000815823295046348,"CLDN6;IGF2BP1"
"hydralazine CTD 00006108","1/776",0.99741381428051,0.9999961426043,0,0,0.165187269971855,0.000427758328608711,"CST4"
"cephaeline MCF7 UP","1/811",0.998033762641954,0.9999961426043,0,0,0.157759549258431,0.000310498075931605,"HOXC13"
"resveratrol CTD 00002483","4/1601",0.998348669482136,0.9999961426043,0,0,0.313138504559062,0.000517522587017036,"IGFBP1;SALL4;MMP3;CST4"
"trichostatin A PC3 DOWN","2/1133",0.998449130817643,0.9999961426043,0,0,0.223659999522068,0.000347136651984202,"ESM1;HOXA11"
"captopril PC3 DOWN","1/856",0.9986184654279,0.9999961426043,0,0,0.149103183013462,0.00020613362531711,"HOXA11"
"Pirinixic acid CTD 00000280","3/1402",0.998638733289011,0.9999961426043,0,0,0.269157269769952,0.00036664443844896,"MMP3;APOA2;CPN1"
"ZINC CTD 00007011","4/1642",0.998725892623826,0.9999961426043,0,0,0.30461471557362,0.000388359314307267,"IBSP;MMP3;MMP8;HOXC10"
"Bortezomib CTD 00003736","1/878",0.998837648033687,0.9999961426043,0,0,0.145194493124058,0.000168865264039808,"HOXA11"
"anisomycin PC3 UP","1/899",0.999014457767122,0.9999961426043,0,0,0.14164212792036,0.000139663132287871,"ESM1"
"atrazine CTD 00005450","10/2968",0.999376470124347,0.9999961426043,0,0,0.407901091471071,0.000254417843652219,"NPSR1;C6ORF15;MAGEA12;RDH8;ALPP;EPYC;CGB5;CSAG3;HOXC13;MAGEA3"
"Enterolactone CTD 00001393","1/971",0.999440620276845,0.9999961426043,0,0,0.130630318964921,7.30923967669758e-05,"SALL4"
"GW-8510 PC3 DOWN","2/1312",0.999572299165458,0.9999961426043,0,0,0.191252321023313,8.18162750018351e-05,"PRAME;HOXA11"
"Tetradioxin CTD 00006848","14/3768",0.999585070346156,0.9999961426043,0,0,0.441380174872293,0.000183179729152951,"IGFBP1;HOTAIR;MMP3;C4BPA;BAAT;HOXC10;CPN1;CLDN6;LIN28B;EPYC;SLCO1B3;PRAME;MAGEC2;KRTAP3-1"
"doxorubicin PC3 DOWN","1/1023",0.999628497147,0.9999961426043,0,0,0.123642285819357,4.59419962531211e-05,"HOXA11"
"AFLATOXIN B1 CTD 00007128","10/3081",0.999664694270102,0.9999961426043,0,0,0.390263757733637,0.000130879617708939,"IGFBP1;LEFTY1;ZNF280A;SLCO1B3;MMP3;APOA2;HTR2C;C4BPA;KRTAP3-1;BAAT"
"Disodium selenite CTD 00007229","2/1370",0.999719387982875,0.9999961426043,0,0,0.18257072862336,5.12387298648508e-05,"LHX1;MAGEC1"
"COPPER CTD 00005706","3/1688",0.99980580214727,0.9999961426043,0,0,0.220008478168716,4.27293231484626e-05,"COL11A1;MMP3;SSX1"
"estradiol CTD 00005920","15/4336",0.999946154491671,0.9999961426043,0,0,0.39931600195428,2.15019520062674e-05,"IGFBP1;LEFTY1;COL11A1;MMP3;C4BPA;BAAT;HOXA11;CST4;CST1;IBSP;ALPP;SALL4;PRAME;KRTAP3-1;WNT2"
"Arsenenous acid CTD 00000922","1/1283",0.999950618365465,0.9999961426043,0,0,0.0972054989582134,4.80028494830731e-06,"WNT2"
"GW-8510 MCF7 DOWN","1/1290",0.999953140201236,0.9999961426043,0,0,0.0966411712945366,4.52869194682162e-06,"HOXC11"
"daunorubicin MCF7 DOWN","1/1290",0.999953140201236,0.9999961426043,0,0,0.0966411712945366,4.52869194682162e-06,"HOXC13"
"benzo[a]pyrene CTD 00005488","15/4424",0.999965526886284,0.9999961426043,0,0,0.389128298177969,1.34146952976308e-05,"IGFBP1;LEFTY1;MMP3;CSAG2;BAAT;COX7B2;CST4;C6ORF15;ESM1;CST1;ZNF280A;EPYC;KRTAP3-1;MAGEA11;MAGEA10"
"H-7 MCF7 DOWN","1/1332",0.999965629403815,0.9999961426043,0,0,0.0933798577040021,3.20957653884885e-06,"HOXC13"
"2-Methylcholine CTD 00002006","2/1666",0.999966238640905,0.9999961426043,0,0,0.147690358627859,4.98631140527802e-06,"LIN28B;PRAME"
"TERT-BUTYL HYDROPEROXIDE CTD 00007349","1/1341",0.999967800064766,0.9999961426043,0,0,0.0927076029249725,2.98522687220366e-06,"ESM1"
"H-7 PC3 DOWN","1/1361",0.999972096476504,0.9999961426043,0,0,0.091245558626135,2.54610811191106e-06,"HOXA11"
"quercetin CTD 00006679","8/3158",0.999976474718522,0.9999961426043,0,0,0.298680974737313,7.02663665503773e-06,"IGFBP1;LIN28B;ESM1;ZNF280A;MMP3;C4BPA;BAAT;CPN1"
"Retinoic acid CTD 00006918","13/4258",0.999986277015659,0.9999961426043,0,0,0.348826012569532,4.78696675399346e-06,"MUC16;COL11A1;MMP3;HTR2C;EVX1;ESM1;CST1;SALL4;FGF19;LHX1;SP8;PRAME;WNT2"
"alsterpaullone MCF7 DOWN","1/1469",0.999986359792233,0.9999961426043,0,0,0.0840389152021652,1.14631608188864e-06,"HOXC13"
"COUMESTROL CTD 00005717","2/1812",0.999986489717737,0.9999961426043,0,0,0.134687173361207,1.81967402147359e-06,"SALL4;HOXC13"
"0175029-0000 MCF7 DOWN","1/1488",0.99998781311271,0.9999961426043,0,0,0.0828793616262643,1.0100475935045e-06,"HOXC13"
"VITAMIN E CTD 00006994","1/1510",0.999989237086007,0.9999961426043,0,0,0.0815732006173251,8.77970067175515e-07,"HOXA11"
"clindamycin HL60 DOWN","1/1626",0.999993650692292,0.9999961426043,0,0,0.0752710376871451,4.77920497004731e-07,"PRAME"
"VALPROIC ACID CTD 00006977","15/8312",0.99999484107738,0.9999961426043,0,0,0.154714555461814,7.9816247862678e-07,"MUC16;COL11A1;APOA2;HTR2C;HOXC13;CST4;CLDN6;LIN28B;ZNF280A;SALL4;LHX1;SP8;WNT2;DSCR8;MAGEA4"
"Copper sulfate CTD 00007279","13/6016",0.999995060292108,0.9999961426043,0,0,0.218882043163333,1.08121602641907e-06,"IGFBP1;LEFTY1;MMP3;APOA2;CSAG2;BAAT;CT45A1;CPN1;ESM1;ZNF280A;IGF2BP1;KRTAP3-1;HOXC9"
"cyclosporin A CTD 00007121","10/4825",0.999995264172311,0.9999961426043,0,0,0.223038124907284,1.05627262887882e-06,"IGFBP1;SAGE1;SLCO1B3;MMP3;APOA2;HTR2C;C4BPA;SP8;MAGEA11;BAAT"
"trichostatin A CTD 00000660","7/3584",0.999995344258646,0.9999961426043,0,0,0.222695113106072,1.0368132609656e-06,"CLDN6;IBSP;ZNF280A;SALL4;COL11A1;HTR2C;SP8"
"acetaminophen CTD 00005295","4/4135",0.999995428132959,0.9999961426043,0,0,0.104250189844245,4.76619096493428e-07,"IGFBP1;DMBX1;C6ORF15;SPDYC"
"METHYL METHANESULFONATE CTD 00006307","2/3864",0.999995501496065,0.9999961426043,0,0,0.0559435665598276,2.51662920374842e-07,"LIN28B;MMP8"
"0175029-0000 PC3 DOWN","3/3326",0.999995667710746,0.9999961426043,0,0,0.101500365418512,4.39729894865672e-07,"PRAME;HOXC13;HOXA11"
"formaldehyde CTD 00006001","4/3192",0.999995696513369,0.9999961426043,0,0,0.143191076124508,6.16222207724849e-07,"LIN28B;SP8;MMP8;CST4"
"7646-79-9 CTD 00000928","3/3094",0.999995746227349,0.9999961426043,0,0,0.110650407040849,4.7068267634571e-07,"ESM1;SLCO1B3;IGF2BP1"
"ETHYL METHANESULFONATE CTD 00005938","2/2315",0.999995898822015,0.9999961426043,0,0,0.102458489618023,4.20201363646697e-07,"LIN28B;MMP8"
"hydrogen peroxide CTD 00006118","2/2673",0.999995908575024,0.9999961426043,0,0,0.0869145071690935,3.55604912877588e-07,"CLDN6;ALPP"
"POTASSIUM CHROMATE CTD 00001284","1/1897",0.9999960148546,0.9999961426043,0,0,0.063553082434231,2.53268778761878e-07,"BAAT"
"(-)-Epigallocatechin gallate CTD 00002033","1/2114",0.9999961426043,0.9999961426043,0,0,0.0563370887157481,2.17314862920884e-07,"BAAT"
