taxon,TCGA-B7-5816-01A,TCGA-B7-5818-01A,TCGA-BR-4183-01A,TCGA-BR-4183-11A,TCGA-BR-4184-01A,TCGA-BR-4184-11A,TCGA-BR-4187-01A,TCGA-BR-4187-11A,TCGA-BR-4188-01A,TCGA-BR-4188-11A,TCGA-BR-4191-01A,TCGA-BR-4191-11A,TCGA-BR-4201-01A,TCGA-BR-4201-11A,TCGA-BR-4253-01A,TCGA-BR-4253-11A,TCGA-BR-4255-01A,TCGA-BR-4255-11A,TCGA-BR-4256-01A,TCGA-BR-4256-11A,TCGA-BR-4257-01A,TCGA-BR-4257-11A,TCGA-BR-4267-01A,TCGA-BR-4267-11A,TCGA-BR-4279-01A,TCGA-BR-4279-11A,TCGA-BR-4280-01A,TCGA-BR-4280-11A,TCGA-BR-4292-01A,TCGA-BR-4292-11A,TCGA-BR-4294-01A,TCGA-BR-4294-11A,TCGA-BR-4357-01A,TCGA-BR-4357-11A,TCGA-BR-4363-01A,TCGA-BR-4363-11A,TCGA-BR-4366-01A,TCGA-BR-4366-11A,TCGA-BR-4367-01A,TCGA-BR-4367-11A,TCGA-BR-4368-01A,TCGA-BR-4368-11A,TCGA-BR-4369-01A,TCGA-BR-4369-11A,TCGA-BR-4370-01A,TCGA-BR-4370-11A,TCGA-BR-6452-01A,TCGA-BR-6453-01A,TCGA-BR-6453-11A,TCGA-BR-6454-01A,TCGA-BR-6454-11A,TCGA-BR-6455-01A,TCGA-BR-6456-01A,TCGA-BR-6457-01A,TCGA-BR-6458-01A,TCGA-BR-6564-01A,TCGA-BR-6565-01A,TCGA-BR-6566-01A,TCGA-BR-6705-01A,TCGA-BR-6706-01A,TCGA-BR-6707-01A,TCGA-BR-6710-01A,TCGA-BR-6801-01A,TCGA-BR-6802-01A,TCGA-BR-6803-01A,TCGA-BR-6852-01A,TCGA-BR-7722-01A,TCGA-BR-8373-01A,TCGA-BR-8381-01A,TCGA-BR-8486-01A,TCGA-BR-8682-01A,TCGA-BR-8690-01A,TCGA-BR-A4J4-01A,TCGA-CD-5798-01A,TCGA-CD-5799-01A,TCGA-CD-5800-01A,TCGA-CD-5801-01A,TCGA-CD-5802-01A,TCGA-CD-5803-01A,TCGA-CD-5813-01A,TCGA-CD-8529-01A,TCGA-CG-4300-01A,TCGA-CG-4301-01A,TCGA-CG-4304-01A,TCGA-CG-4305-01A,TCGA-CG-4306-01A,TCGA-CG-4436-01A,TCGA-CG-4437-01A,TCGA-CG-4440-01A,TCGA-CG-4441-01A,TCGA-CG-4442-01A,TCGA-CG-4443-01A,TCGA-CG-4444-01A,TCGA-CG-4449-01A,TCGA-CG-4455-01A,TCGA-CG-4460-01A,TCGA-CG-4462-01A,TCGA-CG-4465-01A,TCGA-CG-4466-01A,TCGA-CG-4469-01A,TCGA-CG-4472-01A,TCGA-CG-4474-01A,TCGA-CG-4475-01A,TCGA-CG-4476-01A,TCGA-CG-4477-01A,TCGA-CG-5717-01A,TCGA-CG-5718-01A,TCGA-CG-5719-01A,TCGA-CG-5720-01A,TCGA-CG-5720-11A,TCGA-CG-5721-01A,TCGA-CG-5721-11A,TCGA-CG-5722-01A,TCGA-CG-5722-11A,TCGA-CG-5723-01A,TCGA-CG-5723-11A,TCGA-CG-5724-01A,TCGA-CG-5724-11A,TCGA-CG-5725-01A,TCGA-CG-5725-11A,TCGA-CG-5726-01A,TCGA-CG-5726-11A,TCGA-CG-5727-01A,TCGA-CG-5727-11A,TCGA-CG-5728-01A,TCGA-CG-5728-11A,TCGA-CG-5730-01A,TCGA-CG-5730-11A,TCGA-CG-5732-01A,TCGA-CG-5732-11A,TCGA-CG-5733-01A,TCGA-CG-5733-11A,TCGA-CG-5734-01A,TCGA-CG-5734-11A,TCGA-D7-5577-01A,TCGA-D7-5578-01A,TCGA-D7-5579-01A,TCGA-D7-6518-01A,TCGA-D7-6519-01A,TCGA-D7-6520-01A,TCGA-D7-6521-01A,TCGA-D7-6522-01A,TCGA-D7-6524-01A,TCGA-D7-6525-01A,TCGA-D7-6526-01A,TCGA-D7-6527-01A,TCGA-D7-6528-01A,TCGA-D7-6815-01A,TCGA-D7-6817-01A,TCGA-D7-6818-01A,TCGA-D7-6820-01A,TCGA-D7-6822-01A,TCGA-D7-8570-01A,TCGA-D7-A4YX-01A,TCGA-EQ-5647-01A,TCGA-F1-6177-01A,TCGA-F1-6874-01A,TCGA-F1-6875-01A,TCGA-F1-6875-11A,TCGA-FP-7998-01A,TCGA-HF-7136-01A,TCGA-HU-8245-01A,TCGA-HU-8608-01A,TCGA-HU-A4G6-01A,TCGA-HU-A4H0-01A,TCGA-HU-A4H0-11A,TCGA-IN-7806-01A
Spirochaetaceae,0.0005192510540405988,6.214065325415532e-05,0.0,0.0,0.0,0.00164941089612573,0.0,0.0,0.0,0.0,0.00017000221335797348,0.0,0.017675599532704686,0.025993639147267662,0.002979815709885663,0.004822540303891329,0.0005642912565550197,0.00025725661089905425,0.0,0.0,0.018143273783609887,0.0013653203227904738,0.005180757640417303,0.0018523242113957414,0.00025266100213942416,0.00019174910907575224,0.00012937227670701624,0.0011482369635921006,0.00026086004855840715,0.0,0.0,0.0,0.0,0.0017392216755005724,2.67088771102561e-05,0.0,0.0,0.002286584236204093,0.0029320465676436177,0.0,0.0008653118436265803,0.0,0.0,0.0,0.0,0.0,0.0,0.008069163558028817,0.011336644353271431,0.0,0.0,0.0,0.034357573070461805,0.0,0.033018867924528295,0.0,0.0,0.0,0.00308641975308642,0.0,0.0,0.0,6.610018573648412e-05,0.0013735590265449226,0.0,0.006625478546647143,0.0,0.0005730183949679376,0.0039145064144144705,0.0010853070860761102,0.003862338142269633,0.014548239113474996,0.0,0.0,0.0,0.0,0.0,0.0,0.0,0.0,0.004387245803722367,0.0,0.0,0.0066244449297517645,0.0,0.00010840594351625555,0.0,0.0,0.0,0.0,0.01487577033107958,0.0,0.0,0.003486171519638766,0.0,0.0218304964074898,0.0,0.0,0.0,0.0005048573369870429,0.0,0.0021078547147059235,0.0,0.0,0.007823936005579027,0.00013014674016502732,0.00024820017365357943,0.0,0.0011829652996845426,0.0,0.03008585093972945,0.020626794974444036,0.0,0.0,0.10494372805752247,0.043716713879827986,0.010602504019442537,0.006213151381460542,0.02918234287640238,0.003430531732418525,0.01936159079016221,0.0,0.00032199297354422874,0.0,0.08472833415748142,0.0006763100840294505,0.00737577639751553,0.0009816231841538138,0.0,0.0,0.0,0.0,0.0069767699400883725,0.0,0.018050541516245487,0.0,8.097372444429799e-05,0.0,0.0,0.0,0.0,0.005284791544333529,0.00029334365703944287,0.004239271781534461,0.0,0.009687796977683388,0.0,0.0,0.0,0.05572217009594569,0.00011908745987619204,0.0051092075465654935,0.0,0.014579321136254209,0.0,8.316921008457484e-06,0.0008767905590460945,0.0018808961391403203,0.0,0.0,0.0,0.00263202520783807,0.0,0.0,0.0,0.0,0.0
Moraxellaceae,,,,,,,,,,,,,,,,,,,,,,,,,,,,,,,,,,,,,,,,,,,,,,,,,,,,,,,,,,,,,,,,,,,,,,,,,,,,,,,,,,,,,,,,,,,,,,,,,,,,,,,,,,,,,,,,,,,,,,,,,,,,,,,,,,,,,,,,,,,,,,,,,,,,,,,,,,,,,,,,,,,,,,,
Neisseriaceae,0.0,0.0009293225556331657,0.0,0.0,0.0007915152206902595,0.0,0.0,0.0,0.0,0.0,0.0001062513833487334,0.0,0.0,0.0,5.286321053952157e-05,0.0,0.0,0.0,0.0,0.006941102724897482,0.0,0.0,0.00010336174980881476,0.0,0.001440167712194718,0.00037567172390351466,0.0002186342548175704,0.0051366207706265345,8.808261379894266e-05,0.0,0.0185793375246317,0.0,0.0,0.0,0.0,0.0,0.0,0.0,0.07294359753649975,0.021142817334645292,0.0,0.0,0.0,0.0,0.0,0.0,0.0,0.03734869989716196,0.01295616497516735,0.0,0.0,0.0,0.0,0.21428571428571436,0.0,0.016100692929440955,0.0,0.0,0.061728395061728385,0.0,0.0,0.0,0.07595316036136737,0.0,0.0,0.0,0.0,0.14227842097627116,0.08665739453821558,0.00022195294211021298,0.006437230237116056,3.77904045796298e-05,0.0016237354760334517,0.0,0.0,0.18096809680968096,0.0,0.0,0.0,0.0,0.00042141640653250864,0.0,0.0,0.0,0.0,0.0,0.00013167097336753107,0.0,0.0,0.0,8.779729259887429e-05,0.0,0.0,0.09110528237989307,0.0,0.0,0.016795077329034912,0.0,0.0013340109910919664,0.01386616789345447,0.0,0.016806364120638063,0.012991478909839264,0.0,0.0,0.05592914694744043,0.00022563652150325405,0.0,0.0,0.0,0.0,0.0037503263589898244,0.0,0.0036779883655470064,0.0,0.0,0.001831197586683333,0.0005497786971632551,0.06930806433145567,0.0548885077186964,0.0,0.0,0.04718759033758031,0.02325581395348837,0.0,0.0010434498439311519,0.0,0.030550541680841238,0.0018470657740926888,0.029411764705882363,0.0,0.0,0.0,0.0,0.018050541516245487,0.10803802938634398,0.018301826764206858,0.13067543541400448,0.0,0.0,0.0,0.0,0.006981579037538739,0.0,0.0018729833714804113,0.058390640822674124,0.0003822143935859178,0.007117437722419929,0.05113628768485031,0.0004089700557500601,0.0017012494268027435,0.10738612737020532,0.0,0.046167850264804994,0.2640229937600046,3.8749291062131466e-05,0.00789111503141485,0.14525892183132247,0.14688686099251094,0.1185410334346505,0.0,0.0004870682049173955,0.016061768490326832,0.0,0.0,0.12255944391381003,0.062068482754957736
Enterobacteriaceae,0.0,0.0,0.0,0.0,0.00012049733823841587,0.01991074581751774,0.0,0.0,0.0,0.0,0.0,0.0,0.0,0.0,0.0,0.0,0.0,0.0,0.485445205479452,0.01396634002827857,0.0,0.0,0.0,0.0,0.0,0.0,0.004548275311058128,0.017422835411436795,0.0,0.0,0.0,0.0,0.0,0.0,0.0,0.0,0.0,0.0,0.0,0.0,0.0,0.0,0.0,0.0622061423554115,0.0,0.0,0.002605061933676277,0.0,0.0,0.0,0.0,0.0,0.0,0.0,0.0,0.0,0.0,0.0,0.0,0.0,0.07982583454281568,0.0,0.0,0.0,0.0,0.0,0.0,0.1581188101303886,0.0,0.0,0.007640712411881231,0.0,0.0,0.0,0.0,0.0,0.0,0.0,0.0,0.0,0.0,0.5684857482046821,0.0,0.0,0.0,0.0,0.0,0.0,0.0,0.00547661537241821,0.0,0.0,0.0,0.0,0.04817573002418842,0.0,0.0,0.0,0.0014750034291497163,0.0,0.0,0.0,0.03845588532520732,0.0,0.0,0.0,0.0,0.0,0.0,0.0,0.00866514779410599,0.0,0.0,0.0,0.0,0.0,0.0,0.0,0.0,0.0,0.0,0.0,0.0040904210846101335,0.0,0.0,0.0,0.0,0.0,0.0,0.0,0.0,0.0,0.0,0.0,0.0,0.0,0.0,0.0,0.16666666666666666,0.0,0.0,0.0,0.0,0.0,0.0,0.0,0.0,0.0,0.0,0.0,0.0,0.012190009826933246,0.0,0.0,0.0,0.0,0.0,0.0,0.0,0.0,0.0,0.0,0.0,0.0,0.0,0.0,0.0
Pasteurellaceae,0.0005192510540405988,0.016020854470307943,0.0,0.008328916483682895,0.0033936764117918584,0.3860962885313587,0.0,0.00022975048432571422,0.009218328189071458,0.01010279189852307,0.00017000221335797348,0.0,0.000551237308088243,0.0027522384182381192,2.6863337479248723e-05,0.001607513434630443,0.06894448312933651,0.22785654155930374,0.00973323720259553,0.010180283996516305,0.07775688764404237,0.014104420200678798,0.000692523723719059,0.008644179653180126,0.1325598049478096,0.15019614648092094,0.8289920461859887,0.1576910459260186,0.0029948088691640505,0.16666666666666666,0.19817960026273812,0.001487839380767616,0.07984204012959385,0.00030060621551861747,0.002016089433483848,0.09803921568627452,0.0,0.0,0.20817530630269684,0.16914253867716236,0.0,0.00070227003647021,0.024568863690054336,0.05865556345384691,0.0,0.0,0.004546166116781463,0.06598535034729272,0.0545238609371626,0.13333333333333333,0.0,0.0,0.09477884059471113,0.3214285714285715,0.0047169811320754715,0.03220138585888191,0.029447852760736193,0.0,0.16049382716049382,0.04526091586794463,0.06386066763425255,0.000902462617110848,0.25824217697834256,0.0018314120353932304,0.0018429782528566164,0.0,0.0,0.2222209245141216,0.08195513051161063,0.06985878169955895,0.006437230237116056,5.783574961752037e-05,0.004251029683782022,0.0,7.537476512684795e-05,0.10396039603960396,0.0,0.0205834317257803,0.0,0.009883792740734379,0.0009933386725409132,0.008616981163361591,0.0,0.0,0.4528301886792454,0.0,0.6389553842374003,0.0,0.175,0.02797514338883897,0.00022526241053615802,0.0013836633692827925,0.0,0.03486171519638767,0.09090590531962388,0.007058962910206283,0.05038523198710474,0.04924794696374941,0.0047501409076664645,0.07235310091122447,0.16666666666666669,0.029057776896543038,0.12838637981488216,0.0,0.0,0.20928622361273866,0.003971202778457271,0.06304378833262017,0.03470031545741325,0.0005260389268805891,0.010238614529097105,0.11250979076969472,0.06354515050167224,0.004728842184274723,9.960422490227123e-07,9.980302665278928e-05,0.008071733801477654,0.0030022816482648106,0.051069100033704184,0.19210977701543736,0.05034013605442176,0.0,0.06852749796235368,0.12403100775193796,0.001258938199082072,0.009603603193218195,0.012513090979117413,0.3702926136452114,0.38787392858622943,0.42647058823529416,0.2990953057191376,0.06586788783639673,0.0041860619640530245,0.4285714285714286,0.0036101083032490976,0.3085566119273984,0.020503035459242282,0.0585331770160748,0.06412382531785517,0.0,0.011051709420908395,0.047563123899001775,0.7156696311589559,0.01695708712613784,0.008730519263836112,0.043214447686815205,0.004324665229156629,0.0899994842436433,0.03409085845656687,0.027275156795023247,0.023489719707913564,0.5393023106716008,0.022727272727272728,0.09233570052961,0.29011009453787817,0.00036750394706121513,0.019114034187204858,0.09934635895400012,0.0942524024701945,0.07598784194528876,0.0,0.01025140859179669,0.10717643688926587,0.0,0.2352941176470588,0.20426573985635002,0.09028142946175673
Bacteroidaceae,0.0,0.0,0.0,0.0,0.0,0.0,0.0,0.0,0.0,0.0,0.0,0.0,0.008384099993862046,0.043994855585214925,0.0,0.0,0.0,0.0,0.0,0.0,0.22290307791292147,0.023358282719842114,0.0,0.0,0.0,0.0,0.0,0.0,0.0002862684948465637,0.0,0.0,0.0,0.0,0.0,0.0,0.0,0.0,0.0,0.0,0.0,0.0,0.0,0.0,0.0,0.0,0.0,0.0,0.0,0.0016195206218959188,0.0,0.0,0.0,0.0,0.0,0.0,0.0,0.0,0.0,0.0,0.0,0.0,0.0,0.0,0.0,0.0,0.0,0.0,0.0002865091974839688,2.979632782901789e-05,0.0,0.0,2.087654063734025e-05,0.0,0.0,0.0,0.0,0.0,0.0,0.0,0.0,0.00016555644542348558,0.0,0.0,0.0,0.0,0.0,0.0,0.0,0.0,0.0,2.014450093483372e-05,0.0,0.0,0.0,0.0,0.0,0.0,0.0,0.0,0.0,0.0,0.0,0.0,0.0,0.0,0.0,0.0,0.0,0.0,0.0,0.004844772716312163,0.0,0.0,0.0,0.0007361292811044161,0.0,7.962737329461767e-05,8.678214424119139e-05,0.0,0.0,0.0,0.0,0.0,0.0,0.00019771785818917156,0.0,0.0,0.0,4.6130513838478745e-05,0.0,0.0,0.0,0.0,0.0,0.0,0.0,0.0,0.0,0.0,0.0,0.0,0.0,0.0,0.0,0.00034237330446416133,0.0006748682785024979,0.0,0.0,0.0,0.0,0.0,0.0,0.0,0.0,0.0,0.0,0.0,0.0,0.0,0.0,0.0,6.49309452807136e-05,0.0,0.0,0.0,0.0,0.0
Cardiobacteriaceae,,,,,,,,,,,,,,,,,,,,,,,,,,,,,,,,,,,,,,,,,,,,,,,,,,,,,,,,,,,,,,,,,,,,,,,,,,,,,,,,,,,,,,,,,,,,,,,,,,,,,,,,,,,,,,,,,,,,,,,,,,,,,,,,,,,,,,,,,,,,,,,,,,,,,,,,,,,,,,,,,,,,,,,
Micrococcaceae,0.0,0.0,0.0,0.0,0.0,0.0,0.0,0.0,0.0,0.0,0.0,0.0,0.0,9.65697690609866e-05,0.0,0.0,0.0049980082723444594,0.0014120529531570307,0.0,0.0,0.0,0.0,0.0,0.0,0.0,0.0,0.0,0.0,0.0,0.0,0.0,0.0,0.0,7.515155387965437e-05,0.0,0.0,0.0,0.0,0.0,0.0,0.0,0.0,0.0,0.0,0.0,0.0,0.003737253278931521,0.0,0.0,0.0,0.0,0.0,0.0,0.0,0.0,0.0,0.0,0.0,0.0,0.0,0.0,0.0,0.0,0.0,0.0,0.0,0.0,0.0008651454198535529,0.0,0.0,0.0,0.0,0.0,0.0,0.0003266239822163411,0.0,0.0,0.0,0.0,0.0,0.0,0.0,0.0,0.0,0.0,0.0,0.0,0.0,0.0,0.0,0.0,0.0,0.0,0.0,0.0,0.0,0.0,0.0,0.0,0.0,0.0,0.0,0.017358362577012124,0.0,0.0,0.0,0.0,0.0,0.0,0.0,0.0017064357548495176,0.0,0.0,0.0,0.0,0.0,0.0,0.0,0.0,0.0,0.0,0.0,0.0,0.0,0.0,0.0017809498879442192,0.0,0.0,0.0,0.0,0.007899937436070587,0.0,0.0,0.0,0.0,0.0,0.0002992729338316145,0.002382766497999505,0.0,0.0,0.0,0.0,0.0,0.0,0.001971597994672929,0.0007038997710772621,0.0,0.0,0.0,0.0,0.0,0.0006561459371129888,0.0,0.0,0.0,0.0,0.0,0.0,0.0,0.0,0.0,0.0,0.0,0.0,0.0,0.0,0.0
Streptococcaceae,0.01308512656182309,0.017593638047991786,0.03903829470814228,0.006246687362762172,0.1613486482863046,0.056904675916337674,0.010835887319551304,0.0006637236213853964,0.12642278659297998,0.06566814734039995,0.06397572223613612,0.16872786875463486,0.007260045909934927,0.040180100162448176,0.01152493641282246,0.12918850717404168,0.07157832718771713,0.20950534336632054,0.0410057678442682,0.05714841243498925,0.02879884727557124,0.1208497483499413,0.003849257560843127,0.01654742962180196,0.131645648410562,0.0229780903841352,0.09553677330265814,0.17256039661952374,0.11056400707470357,0.0,0.2258609364736793,0.0019117792596767672,0.24654810406440755,0.00139176773808295,0.14260146969635715,0.0784313725490196,0.0,0.006097557963210913,0.22064680195216949,0.3888667508254,0.003461247374506321,0.002340900121567367,0.06551696984014489,0.14594062811730954,0.0,0.011267596275198126,0.5050620161876994,0.05330701571887929,0.03670913409630749,0.2,0.0005079576767310276,0.0,0.06857282945816569,0.0,0.0,0.4891416452896697,0.11779141104294474,0.0,0.018518518518518517,0.03727369542066028,0.0,0.0010924547470289212,0.04927132788263842,0.0044397867524684385,0.0018429782528566164,0.00045173717363503253,0.12195691063234035,0.1013694487409408,0.10228836192478896,0.11219139507909016,0.012640379374700616,0.00069810378686057,0.0280855495620161,0.0,0.0012059962420295672,0.08470847084708473,0.0,0.371628558357857,0.029174842507487357,0.054100760265072385,0.02155452943610769,0.05191553114124462,0.3480215827338129,0.9205066608429788,0.169811320754717,0.0037418741193024773,0.25678804076947714,0.2857142857142857,0.55,0.2916327689183985,0.037266778021641904,0.008764557513624724,0.0,0.3346724658853216,0.0,0.004658440169698423,0.16031664723169692,0.16449213054693632,0.056268852688713115,0.22242311134464093,0.33333333333333337,0.01053749487334346,0.2086642578964099,0.0,0.05315448626385258,0.13687145288490338,0.08484694366843504,0.5420054200542007,0.04061514195583596,0.0,0.010949629426951069,0.03937842676939315,0.22073578595317725,0.001688872208669544,0.0010844956867656203,0.0025724845761572407,0.010419174461746521,0.0028025282076867123,0.010943378578650895,0.018867924528301886,0.407535321821036,0.7435897435897436,0.21589916369866916,0.1627906976744186,0.006965131456459983,0.0518053524366559,0.14101761862987558,0.04107438008324109,0.3699312987330007,0.3161764705882353,0.3476121433607754,0.07032181168057211,0.001159103577348015,0.0,0.02888086642599278,0.03284356093344856,0.018000259611746283,0.4073931228899885,0.2084024322830293,0.12903225806451613,0.06631025652545039,0.06605989430416913,0.017276244370202296,0.03391417425227568,0.06813356988538856,0.04955150573956077,0.20872391823045167,0.16709216566094176,0.12784071921212578,0.050772850949925855,0.09622401701293627,0.07998602427574683,0.2727272727272727,0.1303562831006259,0.0052400729899730455,0.846675824985216,0.6861110623869824,0.03306270037138966,0.0,0.2279635258358663,0.006133728048963875,0.11602021388618525,0.1354212316454538,0.009291346491888907,0.5882352941176471,0.3134422559864681,0.17749206200304554
Corynebacteriaceae,0.0,0.0,0.013446523732804559,0.015105625804497612,0.0001656838400778218,0.011111031582083326,0.015570688992288853,0.0006816134714503568,0.012010164726333095,0.021889382446799985,0.0002601033864376994,0.003139330188981909,8.469144625614515e-05,0.0003259229705808298,2.2696510272208384e-06,0.0010229630947648273,0.0041354268231180435,0.0,0.0,0.0,0.0,0.0,8.859578555041266e-05,0.02024398045241248,0.0,0.0,0.0,0.0,0.0,0.0,0.0,0.0,0.0,0.0,0.0,0.0,0.0,0.0,0.0,0.0,0.0,0.0,0.0,0.0,0.0,0.0,0.0,0.0,0.0,0.0,0.0,0.0,0.0,0.0,0.0,0.0,0.0,0.0,0.0,0.0,0.0,0.0,0.0,0.0,0.0,0.0,0.0,0.0,0.0,0.0,0.0,0.0,0.0,0.0,0.0,0.0,0.0,0.0,0.0,0.0,0.0,0.0,0.0,0.0,0.0,0.0,0.0,0.0,0.0,0.0,0.0,0.0,0.0,0.0,0.020924031655465147,0.0010671145744831872,0.0,0.0,0.0,0.0,0.0,0.0,0.0,0.0,0.0,0.0,0.0,0.0,0.0,0.0,0.0,0.0,0.0,0.0,0.0,0.0,0.0,0.0,0.0,0.0,0.0,0.0,0.0,0.0,0.0,0.0,0.0,0.0,0.0,0.0,0.0,0.0,0.0,0.0,0.0,0.0,0.0,0.0,0.0,0.0,0.0,0.0,0.0,0.0,0.0,0.0,0.0,0.0,0.0,0.0,0.0,0.0,0.0,0.0,0.0,0.0,0.0,0.0,0.0,0.0,0.0,0.0,0.0,0.0,0.0,0.0,0.0086654050599454
Mycobacteriaceae,0.0,0.0,0.13988722270417647,0.11244037252971907,0.0022730179713155727,0.035462334266703185,0.10728215711936308,0.005198104707869284,0.10469387014731156,0.09597652303596917,0.0010518886951524607,0.025854667781081205,0.0010968497456857896,0.002100392477076459,6.215685580678626e-05,0.007495857166413738,0.04720438422485963,0.005242935650928726,0.0,0.0,0.0,0.00030340451617566076,0.0007237770988304553,0.08705923793559985,0.00012634130501233332,0.0,0.00018553548241508885,0.0,0.0,0.08333333333333333,0.003096556254105284,0.0,0.0,0.0,0.0,0.09803921568627452,0.0,0.005716954623920526,0.0,0.020141164629991142,0.0,0.0011723227808809373,0.0,0.041899953938807834,0.0,0.04175638619632247,0.0,0.0,0.0,0.0,0.0,0.0,0.0,0.0,0.0,0.0,0.0,0.0,0.0,0.0,0.0,0.0,6.610018573648412e-05,0.0,0.0,0.00015057905787834418,0.0,0.0,2.5553858991312854e-05,0.0,0.0,0.0,0.0,0.0,0.0,0.0,0.0,0.0,0.0,0.0,0.0,0.0,0.0,0.0066244449297517645,0.0,0.0,0.0,0.0,0.0,0.0,7.014649209730394e-07,0.0,0.0,0.0,0.0670416213802542,0.004575253738096665,0.0,0.0,0.0,0.0,0.0,0.0,0.0,0.0,0.0004558250875205175,0.0005205869606601093,0.0,0.0,0.0,0.0,0.0,0.0,0.0,0.0,0.0,0.0,0.0,0.0,0.0,0.0,0.0,0.0,0.0,0.0,0.0,0.0,0.0,0.0,0.0,0.0,0.0,0.0,0.0,0.0,0.0036101083032490976,0.0,0.0,0.0,0.0,0.0,0.0,0.0,0.0,0.0,0.0,0.0,0.0001437930137304864,0.0,0.019887819373702383,0.0,0.0,0.0,0.0,0.0,0.0,0.0,0.0,7.46028516726329e-05,0.0,0.0,0.0,0.0,0.0,0.0,0.0,0.0,0.0
Actinomycetaceae,0.00041540084323247903,0.00011540940847914931,0.0,0.004164458241841447,0.0,0.00329882179225146,0.0,5.7437621081428555e-05,0.05061849853820488,0.01010279189852307,0.0003919814547865436,0.002209800665049675,7.8748186869749e-05,0.0004138704388327997,0.0006976613150697795,0.003338681748847843,0.04267431519577513,0.019134967778090428,0.0024333093006488823,0.0,0.0,0.0,0.00016537879969410365,0.0012348828075971609,0.007867952259604877,0.0003561054882835399,0.0002412620346873089,0.008611777226940755,0.009433278729305926,0.0,0.012386225016421134,0.0,0.03120263637248495,7.157290845681368e-05,0.010200080745709965,0.0,0.0,0.0,0.023350713205377998,0.016108813207348797,0.0043265592181329,0.00070227003647021,0.0,0.008379366207692416,0.0,0.0,0.03359587620770931,0.019748248609767483,0.0185705031310732,0.0,0.0005805230591211744,0.0033754251737478477,0.0,0.0,0.0,0.13675366510976555,0.05398773006134969,0.0,0.0046296296296296285,0.002662406815761449,0.0,0.0002533228398907644,0.0014376790397685295,0.0006104706784644103,0.0,0.0,0.033600373337481525,0.06625107245804351,0.011942524371950465,0.00029943749456492347,0.005721982432992051,0.00033766581554292113,0.0012260022912474796,0.0,0.0017535931420483715,0.05775577557755776,0.0,0.03087514758867045,0.0,0.0023721102577762515,0.001365840674743756,0.010307393736078457,0.06924460431654676,0.0,0.09433962264150944,0.0,0.0003840403389886322,0.0,0.0,0.014169228469671688,2.7582315697778728e-05,0.0027001330321229948,0.0,0.04532022975530397,0.0,0.0005228861414967616,0.0,0.05102994504467456,0.0016757813378686364,0.015117143279215798,0.0,0.0012119869468449034,0.012227274268084013,0.0,0.002666585592177291,0.001301467401650273,0.0009921560188385944,0.027813436029097142,0.0,0.0,0.0005001622040076172,0.0,0.0,0.0,5.2706257504566876e-06,0.0,0.0007569086746786611,0.0001603865461773789,0.0,0.0,0.0,0.0,0.0018353599492021038,0.0,0.00019368279985878032,0.01223390106056517,0.013411159709676077,0.014916063641008932,0.01623050536069029,0.007352941176470589,0.038213650853550746,0.0012546264349789851,0.0,0.0,0.0,0.0,0.015333188414288509,0.024287673437590675,0.0,0.0,0.011051709420908395,0.03435114503816795,0.00707075550927873,0.0,0.0004082143245534229,0.02737522765551856,0.0029154689001631012,0.007117437722419929,0.011363619485522293,0.0014021830482859206,0.0016672244382666887,0.012028242646838154,0.0,0.029158642272508417,0.0,0.0006016217691286437,0.008776898314143468,0.0008576353346991036,0.058001478443196613,0.12158054711246202,0.004588067711266439,0.0030833510784108635,0.002393518441695764,0.0,0.1176470588235294,0.012913351370229021,0.0
Mycoplasmataceae,0.00041540084323247903,0.0,0.0,0.0,0.0,0.0,0.0,0.0,0.0,0.0,0.0,0.0,0.0,0.0002328021218434499,0.0,0.0,0.0,0.0,0.0,0.0,0.0,0.0,0.0,0.0,0.0,0.0,0.0,0.0,0.0,0.0,0.0,0.0,0.0,0.0,0.0,0.0,0.0,0.0,0.0,0.0,0.0,0.0,0.0,0.0,0.0,0.0,0.0006673666569520574,0.0,0.0,0.0,0.0,0.0,0.0,0.0,0.0,0.0,0.0,0.0,0.0,0.03727369542066028,0.0,0.0,0.0,0.0,0.0,0.0,0.0,0.0,2.553970956772963e-05,9.553759560529141e-05,0.0,3.902270038113947e-05,0.0,0.0,0.0002261242953805438,0.0,0.0,0.0,0.0,0.0,0.029386269062668686,0.0,0.0,0.0,0.0,0.0,0.0,0.0,0.0,0.0,0.0,0.0,0.0,0.0,0.0,0.0,0.0,0.0,0.0,0.0,0.0,4.5159882711983334e-05,0.0,0.0,0.0,0.0,0.0,0.0,0.0,0.0,0.0005295835101257123,0.0,0.0,0.0,2.0824595570523698e-07,0.0,0.0,0.0,0.0024318619063668657,0.003430531732418525,0.0,0.0,0.0,0.0,0.0,0.0,0.0,0.0,0.0,0.0,0.0,0.0,0.0,0.0,0.0,0.0,0.0,0.0,0.0,0.0,0.005525854710454197,0.0,0.0,0.0,0.00017118665223208064,0.00024314308557511056,0.0,0.0,0.0,0.0,0.0,0.0,0.0,0.0,0.0,0.0,0.0007014324472368758,0.0011936456267621265,0.0,0.0,0.0,0.0,0.0,0.0,0.0,0.0,0.0
Bifidobacteriaceae,0.0005192510540405988,0.0,0.0,0.0,0.0,0.0,0.0,0.0,0.0,0.0,0.010665864239839984,0.0024307807315546424,0.0,0.0,0.0001289803217077982,0.0,0.0,0.004319711403279335,0.0,0.0,0.0,0.0,2.584043745220369e-05,0.0,0.0,0.0,0.0,0.0,0.0,0.0,0.0,0.0,0.0,0.0,0.0,0.0,0.0,0.0,0.0,0.0,0.0,0.0,0.0,0.0,0.0,0.0,0.0,0.0,0.0,0.0,0.0,0.0,0.0012164175531687547,0.0,0.0,0.002817621262652167,0.0,0.0,0.0,0.02555910543130991,0.0,0.0,0.0,0.0,0.0,0.0,0.0,0.0002865091974839688,0.0001393075067330707,8.107047398506156e-05,0.0,0.0,0.0,0.0,0.0,0.0,0.0,0.0,0.0,0.0,0.004138911135587139,0.0,0.0,0.0,0.0,0.0,0.00014630108151947896,0.0,0.0,0.0,0.0007100617806811023,0.0,0.0,0.0,0.0,0.0010457722829935233,0.0,0.0,0.0032558938401979678,0.0,0.0,0.004441508842971763,0.0,0.0,0.0,0.0,0.0,0.0,0.0,0.0,0.0,0.0,0.0,0.0,8.449249827304007e-07,0.0,0.0003548800929381718,7.487499337894661e-05,0.0,0.0,0.0,0.0,0.0,0.0,0.0,0.008399771243645774,0.0,0.0,0.0,0.0,0.0,0.0,0.0,0.0,0.0,0.0,0.0,0.0,0.0,0.0,0.0,0.0,0.00029334365703944287,0.0,0.0,0.0,0.002616495211070298,0.0,0.0,0.0,0.0,0.0,0.0,0.0,0.001822634083468885,0.0006948616606929067,0.0031564460125659407,0.0,0.0,0.0,0.0,0.0009219696674725081,0.0,0.0,0.0,0.0,0.0
Propionibacteriaceae,,,,,,,,,,,,,,,,,,,,,,,,,,,,,,,,,,,,,,,,,,,,,,,,,,,,,,,,,,,,,,,,,,,,,,,,,,,,,,,,,,,,,,,,,,,,,,,,,,,,,,,,,,,,,,,,,,,,,,,,,,,,,,,,,,,,,,,,,,,,,,,,,,,,,,,,,,,,,,,,,,,,,,,
Veillonellaceae,0.06765841234149003,0.007117429782853653,0.0,0.008328916483682895,0.8215727607164718,0.00989646537675438,0.008659546314567425,0.00022975048432571422,0.06979591343154104,0.05724915409163073,0.04542354037840187,0.03480436047453238,0.0020019539061998408,0.007061664362584647,0.009017884061819659,0.008359069860078304,0.047168794837156205,0.07324088831965182,0.023116438356164386,0.0115685045414958,0.05183792509602825,0.007281708388215859,0.001277386580601857,0.0,0.018444253156177967,0.0038897676412509743,0.0007345903333976271,0.04455855373460377,0.2913124802669699,0.0,0.0,4.742117548263318e-05,0.07800659093121239,0.0010950654993892497,0.17033117125480654,0.1176470588235294,0.0,0.01600608965342865,0.11972523484544773,0.030204024763778994,0.003461247374506321,0.0,0.03890070084258603,0.016758732415384833,0.00781393137342072,0.0,0.06658300607842127,0.09934330872261707,0.07395810839991362,0.13333333333333333,0.0014513076478029358,0.03206653915060455,0.05540199804183617,0.10714285714285716,0.06603773584905659,0.08694374181898115,0.0,0.2857142857142857,0.0787037037037037,0.33013844515441965,0.0,0.0007124704871927747,0.06636458647943005,0.008088736489653435,0.0011057869517139699,0.0012046324630267534,0.026133623706930082,0.04283241231440686,0.02693162373917089,0.04720162846251776,0.002574892094846422,0.0021069962002458467,0.013486025203722277,0.0,0.13025546467775007,0.13091309130913092,0.0,0.078426035250867,0.0,0.024709481851835947,0.09748398683477086,0.024284219642200844,0.024280575539568344,0.0066244449297517645,0.0,0.0003252178305487667,0.011858868825194869,0.0,0.0,0.3023979785364974,0.0037072149076246,0.012947199812901856,0.0,0.0418340582356652,0.0,0.02209193947823818,0.1342901049488368,0.15203060550550174,0.016787730148886047,0.02448558084387158,0.0,0.04083191249938359,0.1528409283510502,0.0,0.0680760261088207,0.05088737540452568,0.04744898049574233,0.08158607901868492,0.006309148264984227,0.0,0.020655487559968544,0.03984721756426688,0.12040133779264214,0.0015762807280915744,0.008169899313312254,0.00998643651041206,0.0342621405245462,0.024743609743360415,0.0024318619063668657,0.0548885077186964,0.19748822605965455,0.0,0.2115365373630896,0.12403100775193796,0.010767328984741826,0.038279150756066894,0.17155073872251098,0.09090000748349,0.07076252309530078,0.08823529411764708,0.09847363873799617,0.005645818957405433,0.02697684376834171,0.0,0.010830324909747292,0.06050129645635264,0.014873318055455557,0.03600049382847078,0.0,0.08602150537634409,0.022103418841816797,0.06605989430416913,0.03895881487289282,0.0,0.031327157358470754,0.06236222483788916,0.18907028545268528,0.08116715663520553,0.11079528998384232,0.017176742341502526,0.05162441385632925,0.029351253799871926,0.0,0.03401841598459315,0.1858331726952201,0.01568707413150241,0.0473466901884891,0.011827943028824707,0.0,0.06079027355623101,0.0249066532897321,0.010491447602981816,0.016621655845109468,0.0027874039475666718,0.0,0.04050096566117285,0.01934602059894787
Clostridiaceae,0.0003115506324243593,0.05123457562869578,0.0,0.0,0.0,0.00164941089612573,0.0,0.0,0.0,0.0,0.0,0.0003314700997574513,0.0,0.0,0.0,0.0,0.0,0.0,0.03589131218457101,0.019598407693828184,0.0,0.0,0.0,0.0,0.0,5.4785459735929215e-05,0.0015444263447474589,0.02155380001050112,0.0002492904164121019,0.16666666666666666,0.0,0.0,0.12572827008913054,0.0008374030289447201,0.0,0.0,0.0,0.0,0.0,0.0,0.0,0.00023409001215673667,0.004094810615009057,0.2513809862307725,0.7362016255608009,0.19138343673314465,0.0,0.0,0.0,0.0,0.0,0.0,0.0004054725177229183,0.0,0.0,0.10000000000000002,0.0,0.0,0.11882716049382715,0.0,0.0,0.0,0.3360284492399529,0.8990380159747698,0.0,0.0,0.0,0.0,0.0,0.0035539738751143154,0.0,0.0,0.7930911393284579,0.0,0.0,0.0,0.0,0.0,0.0,0.0,0.0,0.007050257315477664,0.0,0.0,0.0,0.0,0.0,0.0,0.0,0.002664299370365616,0.0006435775471658161,0.0,0.0,0.0,0.0,0.0,0.0,0.0,0.0,0.0,0.0,0.0,0.006113637134042007,0.0,0.0,0.0,0.0,0.0,0.0,0.0,0.0,0.0,0.0,0.0,6.417426569248651e-07,0.0,0.0,0.0,0.0,0.0,0.0,0.0,0.0011591747047592234,0.0,0.0037768145972462155,0.0008115721008353405,0.0,0.0,0.0,0.0,0.0,0.0,0.0,0.0,0.0,0.0,0.0,0.0,0.0,0.0,0.022103418841816797,0.0,0.0,0.0,0.023195791377446925,0.0,0.0,0.0,0.005681809742761146,0.009815281338001443,0.0,0.0,0.0,0.0,0.0,0.0026526181065721515,0.0,0.4372590364071495,0.4712620123509725,0.2127659574468085,0.0,0.0,0.0,0.0,0.0,0.0,0.0
Rhodobacteraceae,,,,,,,,,,,,,,,,,,,,,,,,,,,,,,,,,,,,,,,,,,,,,,,,,,,,,,,,,,,,,,,,,,,,,,,,,,,,,,,,,,,,,,,,,,,,,,,,,,,,,,,,,,,,,,,,,,,,,,,,,,,,,,,,,,,,,,,,,,,,,,,,,,,,,,,,,,,,,,,,,,,,,,,
Xanthomonadaceae,,,,,,,,,,,,,,,,,,,,,,,,,,,,,,,,,,,,,,,,,,,,,,,,,,,,,,,,,,,,,,,,,,,,,,,,,,,,,,,,,,,,,,,,,,,,,,,,,,,,,,,,,,,,,,,,,,,,,,,,,,,,,,,,,,,,,,,,,,,,,,,,,,,,,,,,,,,,,,,,,,,,,,,
Lactobacillaceae,0.12025541537248748,0.3460505817050233,0.0,0.0,0.0,0.0,0.0,0.00017231286324428566,0.0,0.0,0.039816474486242204,0.0122643936910257,0.0007874818686974901,0.002969520398625339,0.04204270649922637,0.03323843163297409,0.0,0.011651906121684631,0.0034471881759192487,0.003817606498693615,0.006085321641707662,0.002316907214432319,8.268939984705182e-05,0.0012348828075971609,0.18491267292019095,0.023581420415965084,0.00252622451522075,0.013959778050962957,0.07535582985196933,0.0,0.0,0.0,0.024778564178149814,0.0030294473628997877,0.020298023439251942,0.05882352941176471,0.0,0.0,0.018569628261742917,0.014095211556430197,0.9569310696013136,0.010771798215649836,0.0,0.05865556345384691,0.23775193652779655,0.7386911863825376,0.0030445911386393337,0.0,0.0,0.0,0.0,0.017526246094459973,0.0014597010638025061,0.0,0.0,0.0,0.0,0.0,0.0,0.005324813631522898,0.0,0.0,0.1627683363736355,0.003968059410018665,0.0,0.0,0.0,0.0,0.001162056785331698,0.00027132677151902755,0.0,0.0,0.12829203928220026,0.7647058823529411,0.025870517453013508,0.0,0.0,0.013722287817186868,0.7315914489311164,0.4898610426774434,0.04943349903899855,0.25962065756612,0.3965827338129496,0.0,0.28301886792452835,0.5971819976514673,0.01761687085636119,0.0,0.0,0.03463589181475301,0.034268504266249084,0.0975757040796248,0.0,0.0,0.0,0.0026144307074838077,0.0,0.01814398046032873,0.011764463975555663,0.012047731905372614,0.0,0.4822193721993981,0.004585227850531506,0.0,0.0004558250875205175,0.0,0.008095379469798103,0.0,0.0,0.0,0.13410410888374955,0.12938625938514894,0.0,0.0,0.0,0.0,0.018997375861822152,0.006457368747564442,0.0,0.0,0.03872318158032443,0.0,0.030490543019425862,0.0,0.02896378547718675,0.05302271058790891,0.0,0.00010670565741003344,0.0002767830830308725,0.0,0.005144145307208754,0.0,0.012790744890162015,0.14285714285714288,0.0,0.0,0.8239615753621858,0.0,0.0,0.07526881720430108,0.6795004267936566,0.005284791544333529,0.02490512298992352,0.4192197659297789,0.7991553587061517,0.00032848655983605567,0.18065009437374285,0.0035587188612099642,0.0,0.027039046607854972,0.002024486817895265,0.04984298260052629,0.09090909090909093,0.0,0.08048088270502837,0.015325525389773468,0.024128221399313574,0.0,0.0,0.0,0.0,0.007815991993126504,0.006932741547032933,0.0,0.0,0.0,0.0
Bradyrhizobiaceae,,,,,,,,,,,,,,,,,,,,,,,,,,,,,,,,,,,,,,,,,,,,,,,,,,,,,,,,,,,,,,,,,,,,,,,,,,,,,,,,,,,,,,,,,,,,,,,,,,,,,,,,,,,,,,,,,,,,,,,,,,,,,,,,,,,,,,,,,,,,,,,,,,,,,,,,,,,,,,,,,,,,,,,
Flavobacteriaceae,0.0,2.3081881695829863e-05,0.0,0.0,2.738575869054906e-05,0.0,0.0,5.7437621081428555e-05,0.0050650154885008005,0.0040892252922593375,0.0028256988447573827,0.004474846346725593,0.00011812228030462351,0.0,0.5321654750585564,0.027718668046488603,0.0038089243296933546,0.0,0.010814708002883923,0.0,0.005183792509602826,0.000364085419410793,2.067234996176296e-05,0.0012348828075971609,0.0,2.7392729867964607e-05,5.874191817349591e-05,0.0016137384353186275,0.0003536257877516375,0.0,0.0,0.0,0.005506347595144403,0.0,0.0,0.0,0.0,0.0,0.007330116419109044,0.0020136016509186,0.0017306236872531606,0.0,0.3827072997873848,0.0,0.0,0.0,0.0,0.002645627396075022,0.0021593608291945584,0.0,0.0004353922943408808,0.0,0.005649717514124294,0.07142857142857144,0.009433962264150941,0.010346395984587937,0.029447852760736193,0.14285714285714285,0.010802469135802469,0.005324813631522898,0.6966618287373004,0.00031665354986345535,0.0003966011144189047,0.00030523533923220515,0.0,0.0010540534051484093,0.0,0.006172411527073409,0.007720160643520136,5.118044245537846e-05,0.0,0.00014751840140814825,0.0006514988021121875,0.0,0.0,0.0077007700770077014,0.0,0.011744300384078851,0.005834968501497471,0.0,8.434007597045493e-05,0.0,0.0,0.0,0.0,0.0,0.0,0.0,0.0,0.002664299370365616,0.0002460140638104629,0.0,0.0,0.0,0.0,0.0,0.016795077329034912,0.0,0.20956762185109806,0.0047632192228777535,0.0,0.001445411387893493,0.0020378790446806687,0.0,0.2684380173816103,0.004241819679452741,0.0004061457387058572,0.0037084581372129524,0.0,0.0,0.018351315291369408,0.0,0.0,0.003152561456183149,0.0009123354955483617,0.0002487395294266644,0.00036863283021944173,9.783918721889326e-05,0.11551344055242613,0.0,0.01161695447409733,0.0,0.0008381724788259001,0.0,0.00029052419978817045,0.0005410480672235604,0.0015167383004990804,0.01228303053089443,0.0002665318577334328,0.0,0.0,0.0,0.0,0.0,0.0,0.012100259291270524,0.002002193614339423,0.0095010769399637,0.0,0.0,0.0,0.0,0.0007040247768946628,0.0,0.0005869256647957051,0.006364182603537021,0.0001569809116513591,0.0,0.0,0.0,0.0,0.0004902825502306429,0.0,0.019439094848338945,0.006899340993830251,0.0,0.00157822300628297,0.0369168278140858,0.02762781187842277,0.0,0.0,0.00044280434266928,0.00897242432242237,0.0,0.0,0.007498074989165239,0.02003927105714085
Helicobacteraceae,0.0003115506324243593,0.0,0.0,0.0,0.0,0.0008247054480628648,0.22418603236602333,0.9591508344387754,0.0,0.0,0.00013812679835335345,0.1680553405770278,0.0010040393825892996,0.6403299962011371,0.00030077343927658825,0.050797424534322,0.00413268917791009,0.010462920211682887,0.0,0.0,0.028510858802815536,0.7305980749509913,5.168087490440738e-05,0.20499054606112874,0.4933154915370652,0.7541191667005133,0.0002643386317807316,0.004351122235434814,0.002730561027767223,0.0,0.4459041005911608,0.995977978431346,0.26889330756288504,0.9806633625118784,0.0,0.0,0.0,0.0320121793068573,0.0,0.0,0.00389390329631961,0.9739226945195064,0.0,0.016758732415384833,0.0,0.0,0.23402582629022525,0.02314923971565644,0.04156769596199525,0.13333333333333333,0.9861635466820949,0.059069940540587326,0.0016218900708916731,0.0,0.0,0.0,0.0,0.0,0.0,0.0,0.15965166908563136,0.988711300947368,0.0025779072437228804,0.0,0.9793586435680061,0.0022586858681751627,0.03920043556039512,0.05771671969834522,0.018005495245249387,0.01861797252609468,0.8651637438683979,0.0,0.0,0.0,0.0,0.10781078107810782,0.0,0.0,0.005834968501497471,0.17395475223692508,0.0,0.0,0.0,0.04637111450826235,0.0,0.12071001810535055,0.0005120537853181763,0.2857142857142857,0.025,0.0,0.0,0.0,0.16666666666666666,0.0,0.0,0.0,0.14275815729679678,0.15811182972572185,0.0,0.0,0.0,0.011563291103147943,0.0,0.0,0.0,0.0,0.0,0.1075452859791756,0.8911671924290221,0.9984218832193582,0.0,0.0,0.33444816053511706,0.9583786826796772,0.0,0.0,0.00033661610696320184,0.4237074529709823,0.0,0.0,0.007744636316064886,0.0,0.0,0.0,0.00038736559971756063,0.27336453596470384,0.0,0.0,0.0005996966799002237,0.0,0.004409267406178932,0.8079794241264664,0.37488510478074855,0.0,0.10108303249097472,0.12100259291270525,0.0012214331594376546,0.0,0.0,0.0,0.0,0.4994128009395186,0.0,0.4112093628088427,0.0,0.10638583441114388,0.0,0.046779101552426636,0.4289766355784665,0.0036807305017505405,0.0,0.0,0.09090909090909093,0.0,0.017964071856287425,0.0,0.0,0.0,0.0,0.0,0.0,2.0897315722528518e-05,0.01569084311778334,0.984882728140224,0.0,0.0,0.0
Campylobacteraceae,0.0003115506324243593,0.00069599026326655,0.0,0.0,0.0,0.0,0.0,0.0,0.003950712081030624,0.0,0.01153890023167245,0.005303521596119221,0.3170554761472799,0.004562921588131617,0.0013316549510475476,0.00032150268692608864,0.0,0.002639518127028375,0.0030416366258111025,0.005552882179917985,0.010367585019205651,0.0009102135485269824,0.0342644200616221,0.0024697656151943218,0.001389635511766833,5.4785459735929215e-05,0.0,0.0,0.006782361262518586,0.0,0.0,0.0,0.00734179679352587,4.294374507408821e-05,4.006331566538415e-05,0.0,0.0,0.004573168472408185,0.0029320465676436177,0.004027203301837199,0.0017306236872531606,0.0004389187727938813,0.004094810615009057,0.004189683103846208,0.0,0.0,0.0013761744962591904,0.009921102735281332,0.0053984020729863965,0.0,0.0004353922943408808,0.0,0.0,0.0,0.0,0.0,0.0,0.14285714285714285,0.010802469135802469,0.010649627263045795,0.0,0.0,0.0011237031575202301,0.0,0.0,0.0,0.0,0.004465962115781363,0.003945885128214228,0.0021763777516903763,0.0,0.00041928781157490994,0.0002931744609504843,0.0,0.003308762599214189,0.0,0.0,0.002287047969531145,0.0,0.0,0.009602273834562162,0.0,0.0,0.0,0.0,0.00010840594351625555,0.0,0.0,0.0,0.002664299370365616,0.019674402830336262,0.0,0.3333333333333333,0.0209170291178326,0.0,0.002222266101361237,0.0,0.0051839944172367815,0.0,0.0005048573369870429,0.0,0.019256311501382503,0.0030568185670210037,0.0,0.0037540565381711717,0.0023137198251560413,0.002233801562882215,0.007416916274425905,0.0,0.0,0.007884910039649494,0.007500652717979649,0.0,0.0,0.024224220105895068,0.0028919836613149627,0.04443579190794165,0.007694587357479093,0.0,0.0,0.0,0.0,0.0011591747047592234,0.03875968992248061,0.0177219761870784,0.00027052403361178015,0.0,0.008417299247155988,0.0008764797629310963,0.0,0.0,0.0,0.004651179960058914,0.0,0.0,0.012100259291270524,0.00446943244347541,0.004402938094129521,0.0,0.0,0.0,0.0,0.019001814210286936,0.0,0.0008559332611604031,0.009492018294379264,0.0008218065402129987,0.0,0.0,0.008077158601063688,0.0008931559490714404,0.0,0.0,0.0,0.0194621819080898,2.7029993277486826e-05,0.0010521486708553137,0.003580936880286379,0.0,0.0,0.0007434821877531972,0.0010194501318692966,0.0007978394805652546,0.0,0.0,0.07395828512040259,0.0
Caulobacteraceae,,,,,,,,,,,,,,,,,,,,,,,,,,,,,,,,,,,,,,,,,,,,,,,,,,,,,,,,,,,,,,,,,,,,,,,,,,,,,,,,,,,,,,,,,,,,,,,,,,,,,,,,,,,,,,,,,,,,,,,,,,,,,,,,,,,,,,,,,,,,,,,,,,,,,,,,,,,,,,,,,,,,,,,
Comamonadaceae,,,,,,,,,,,,,,,,,,,,,,,,,,,,,,,,,,,,,,,,,,,,,,,,,,,,,,,,,,,,,,,,,,,,,,,,,,,,,,,,,,,,,,,,,,,,,,,,,,,,,,,,,,,,,,,,,,,,,,,,,,,,,,,,,,,,,,,,,,,,,,,,,,,,,,,,,,,,,,,,,,,,,,,
Enterococcaceae,,,,,,,,,,,,,,,,,,,,,,,,,,,,,,,,,,,,,,,,,,,,,,,,,,,,,,,,,,,,,,,,,,,,,,,,,,,,,,,,,,,,,,,,,,,,,,,,,,,,,,,,,,,,,,,,,,,,,,,,,,,,,,,,,,,,,,,,,,,,,,,,,,,,,,,,,,,,,,,,,,,,,,,
Rhizobiaceae,,,,,,,,,,,,,,,,,,,,,,,,,,,,,,,,,,,,,,,,,,,,,,,,,,,,,,,,,,,,,,,,,,,,,,,,,,,,,,,,,,,,,,,,,,,,,,,,,,,,,,,,,,,,,,,,,,,,,,,,,,,,,,,,,,,,,,,,,,,,,,,,,,,,,,,,,,,,,,,,,,,,,,,
Coriobacteriaceae,,,,,,,,,,,,,,,,,,,,,,,,,,,,,,,,,,,,,,,,,,,,,,,,,,,,,,,,,,,,,,,,,,,,,,,,,,,,,,,,,,,,,,,,,,,,,,,,,,,,,,,,,,,,,,,,,,,,,,,,,,,,,,,,,,,,,,,,,,,,,,,,,,,,,,,,,,,,,,,,,,,,,,,
Sphingobacteriaceae,,,,,,,,,,,,,,,,,,,,,,,,,,,,,,,,,,,,,,,,,,,,,,,,,,,,,,,,,,,,,,,,,,,,,,,,,,,,,,,,,,,,,,,,,,,,,,,,,,,,,,,,,,,,,,,,,,,,,,,,,,,,,,,,,,,,,,,,,,,,,,,,,,,,,,,,,,,,,,,,,,,,,,,
Brevibacteriaceae,,,,,,,,,,,,,,,,,,,,,,,,,,,,,,,,,,,,,,,,,,,,,,,,,,,,,,,,,,,,,,,,,,,,,,,,,,,,,,,,,,,,,,,,,,,,,,,,,,,,,,,,,,,,,,,,,,,,,,,,,,,,,,,,,,,,,,,,,,,,,,,,,,,,,,,,,,,,,,,,,,,,,,,
Gordoniaceae,,,,,,,,,,,,,,,,,,,,,,,,,,,,,,,,,,,,,,,,,,,,,,,,,,,,,,,,,,,,,,,,,,,,,,,,,,,,,,,,,,,,,,,,,,,,,,,,,,,,,,,,,,,,,,,,,,,,,,,,,,,,,,,,,,,,,,,,,,,,,,,,,,,,,,,,,,,,,,,,,,,,,,,
Dietziaceae,,,,,,,,,,,,,,,,,,,,,,,,,,,,,,,,,,,,,,,,,,,,,,,,,,,,,,,,,,,,,,,,,,,,,,,,,,,,,,,,,,,,,,,,,,,,,,,,,,,,,,,,,,,,,,,,,,,,,,,,,,,,,,,,,,,,,,,,,,,,,,,,,,,,,,,,,,,,,,,,,,,,,,,
Staphylococcaceae,,,,,,,,,,,,,,,,,,,,,,,,,,,,,,,,,,,,,,,,,,,,,,,,,,,,,,,,,,,,,,,,,,,,,,,,,,,,,,,,,,,,,,,,,,,,,,,,,,,,,,,,,,,,,,,,,,,,,,,,,,,,,,,,,,,,,,,,,,,,,,,,,,,,,,,,,,,,,,,,,,,,,,,
Burkholderiaceae,,,,,,,,,,,,,,,,,,,,,,,,,,,,,,,,,,,,,,,,,,,,,,,,,,,,,,,,,,,,,,,,,,,,,,,,,,,,,,,,,,,,,,,,,,,,,,,,,,,,,,,,,,,,,,,,,,,,,,,,,,,,,,,,,,,,,,,,,,,,,,,,,,,,,,,,,,,,,,,,,,,,,,,
Erysipelotrichaceae,0.006386787964699365,0.001135410785060218,0.0,0.0,0.0,0.0,0.0,0.0,0.0,0.0,0.0002443781817020868,0.0006629401995149026,0.0009449782424369881,0.0006156322777637898,0.006266710339252429,0.009002075233930481,0.0033857475393301193,0.0014577874617613072,0.0,0.0018509607266393282,0.005183792509602826,0.002427236129405286,0.006501454062974449,0.0,0.00025266100213942416,2.7392729867964607e-05,4.125939944677237e-05,0.0,0.0005505163362433917,0.0,0.0,1.1855293870658294e-05,0.0,4.294374507408821e-05,0.00012018994699615246,0.0,0.0,0.0011432921181020466,0.001954697711762412,0.0020136016509186,0.0,0.0,0.0,0.0,0.0013023218955701195,0.0,0.0003336833284760287,0.0019676853758307973,0.0,0.0,0.0,0.0067508503474956955,0.0008109450354458366,0.0,0.0,0.0,0.0,0.0,0.00308641975308642,0.0,0.0,0.0,0.00013220037147296823,0.0,0.0,0.0025598439839318514,0.4181379793108813,0.003294855771065641,0.0020431767654183705,0.0019527884541721558,0.0,0.0003709947633536455,0.0,0.0,0.0,0.0,0.0,0.0,0.0,0.0,0.0012416733406761418,0.0,0.0,0.0,0.0,0.0003252178305487667,0.0,0.0,0.0,0.005328598740731232,0.004474069367529249,0.0040166026949631966,0.0,0.0,0.0,0.023137711761231704,0.0,0.0,6.393518795552208e-05,0.005301002038363951,0.0,0.015642930602203786,0.0,0.07142857142857142,0.004683634763003617,0.0031235217639606554,0.004129148343509549,0.0,0.0,0.0,0.007875914990645234,0.007500652717979649,0.0,0.0,0.009782572757606302,0.0067528226278654215,0.002895606711160393,0.0015344915420652404,0.0,0.0,0.0,0.0,0.0002173452571423544,0.0,0.004938911396398898,0.0004057860504176703,0.0,0.004944774285980272,0.0013377849013158838,0.0,0.0007348779010298219,0.0,0.0009302359920117828,0.0,0.0,0.0,0.0004092084351662175,0.0,0.0,0.0,0.011051709420908395,0.0,0.0004693498512631085,0.0,0.0002567799783481209,0.0019209284515503255,0.006065682372522174,0.0,0.005681809742761146,0.007872673573188658,0.036678744631397336,0.002653591839346933,0.0,0.009719547424169472,0.0,0.00014138765714377725,0.00035071622361843783,0.00021702647759311392,0.0,0.0,0.001486964375506394,0.015641640818312597,0.0005318929870435031,0.0,0.0,0.003521823100971552,0.0
Pseudomonadaceae,0.0,0.0,0.037086379972735166,0.02290452033012796,0.0002486338617957744,0.008771867038486836,0.01733209495092849,0.0007621530489651094,0.020412012418658226,0.0209913565002646,0.0001062513833487334,0.004474846346725593,0.00022715823135504516,0.00014485465359147993,2.35570805587258e-05,0.0,0.007298657440791991,0.0,0.0,0.0,0.0,0.0,5.168087490440738e-05,0.007409296845582966,0.0,4.930691376233629e-05,0.0,0.0,0.0,0.0,0.0,0.0,0.0,0.0,0.0,0.0,0.0,0.0,0.0,0.0,0.0,0.0,0.0,0.0,0.0,0.0,0.0,0.0,0.0,0.0,0.0,0.0,0.0,0.0,0.0,0.005888679358452941,0.0,0.0,0.0,0.0,0.0,0.0,0.0,0.0,0.0,0.0,0.0,0.0002584900813350092,4.30391401974703e-05,1.1887414310324389e-05,0.0,0.0,0.0,0.0,0.0,0.0,1.0,0.0,0.0,0.0,0.00014555945903806455,0.0,0.0,0.0,0.0,0.0,0.0,0.0,0.0,0.0,3.513587684516742e-06,0.0,0.0,0.0,0.013888402201609204,0.0006536076768709519,0.0,0.0,0.0,0.0,0.0,0.0,0.0,0.0,0.0,0.0,0.0,0.0,0.0,0.0,0.0,0.0,0.0,0.0,2.822119705564352e-07,0.0002827752421829029,7.622155674643837e-06,0.0,0.0,0.0,0.0,0.0,0.0,0.0,0.0,0.0,0.01748240462154203,0.0,0.0,0.0,0.0,0.0,0.0,0.0,0.0,0.0,7.681894719304742e-05,0.0,0.01907131011608624,0.0,0.0,0.0,0.0,0.0,0.0,0.0,0.0,0.0,0.0,0.0,0.0,0.0,0.0,0.024043090996629744,0.0,0.0,0.0,0.0,0.0,0.0,0.0,0.0,0.0,0.0030385214203204267,0.0,0.004043574671485856,0.0
Rikenellaceae,,,,,,,,,,,,,,,,,,,,,,,,,,,,,,,,,,,,,,,,,,,,,,,,,,,,,,,,,,,,,,,,,,,,,,,,,,,,,,,,,,,,,,,,,,,,,,,,,,,,,,,,,,,,,,,,,,,,,,,,,,,,,,,,,,,,,,,,,,,,,,,,,,,,,,,,,,,,,,,,,,,,,,,
Porphyromonadaceae,0.0011784741313443155,0.0004793814299749199,0.019519147354071138,0.0,0.0,0.0,0.0,0.0,0.0,0.0,0.0014131433985381545,0.01751026831327406,0.0008223985175925672,0.0011407303970329046,0.006557824580555028,0.1256958898688857,0.0,0.0012165814616764688,0.01581651045421774,0.04257209671270455,0.069117233461371,0.0158701037111269,0.0005857914820686524,0.0,0.0011369745096274089,0.00019174910907575224,0.0,0.0,7.340217816578555e-05,0.0,0.0,4.1493528547304025e-05,0.00734179679352587,4.294374507408821e-05,0.0,0.0,0.0,0.011432921181020465,0.05584525904418889,0.034231228065616195,0.0043265592181329,0.0005852250303918418,0.0,0.0,0.0,0.0028168990687995315,0.0006673666569520574,0.053715244549019256,0.05722306197365579,0.0,0.0004353922943408808,0.0,0.0,0.0,0.042452830188679236,0.00670862205393373,0.22085889570552145,0.0,0.0308641975308642,0.01597444089456869,0.0,0.0005699763897542197,0.001718604829148587,0.0101405962700477,0.0,0.0012046324630267534,0.0,0.026029525251876885,0.02741452587928704,0.0009023068985984268,0.009977706867529886,0.008054357186473467,0.0005130553066633475,0.0,0.0001507495302536959,0.0759075907590759,0.0,0.02973162360390488,0.014587421253743675,0.0019767585481468763,0.0003587056317508853,0.0015667238478839253,0.0,0.0,0.0,0.0,0.0001828763518993487,0.0,0.0,0.0066607484259140395,0.0005172652206012295,0.0,0.0,0.07221355290680304,0.0,0.001568658424490285,0.0,0.09071990230164367,0.049574938290697285,0.014388434104130725,0.0,0.005779665509424295,0.0021397729969147026,0.0,0.0,0.009920073750356528,0.0015568919983724528,0.0,0.0070977917981072565,0.0,0.01913038704478808,0.0526676266936397,0.023411371237458192,0.005516982548320511,0.21565929512962329,0.09128234007145666,0.00329936520579607,0.0015510720243110258,0.0387227242013801,0.00686106346483705,0.0,0.05128205128205128,0.04963219334231599,0.06201550387596898,0.19009966806139286,0.0,0.006825322352245862,0.047585283893604814,0.0001337784901315884,0.0,0.0,0.0012546264349789851,0.0041860619640530245,0.0,0.0,0.1936041486603284,0.007927129861166018,0.011603036859823676,0.0,0.021505376344086027,0.0,0.05402231356429831,0.0012833784995475626,0.0,0.004345507325891278,0.07447531613729623,0.0001365051405663992,0.01442828407860127,0.017045429228283438,0.001341932995429885,0.0017588301766329902,0.03474141752148728,0.0,0.019439094848338945,0.0009113170417344424,0.0005884221613483671,0.0036073668715039314,0.06246745446721795,0.134646289243135,0.06079027355623101,0.0007434821877531972,0.06710265979572126,0.005970927725520615,0.0,0.0,0.017609115504857758,0.11266211995857878
Prevotellaceae,0.7143062320609652,0.46783564575178205,0.13942248110050812,0.02706897857196941,0.00021300034537093714,0.02485623862068542,0.014295124074841462,0.0005169385897328568,0.10397368825754033,0.11786590548276915,0.30323916233483744,0.30187674678387444,0.05657325495651526,0.13740787702037582,0.1026418570711512,0.5228237287470912,0.3985454156223948,0.35717543965268755,0.07908255227108868,0.1776922297573755,0.2410463516965313,0.050213447427071865,0.3875586636751958,0.04816042949628928,0.015791312633714014,0.004550907426538798,0.004613349618145618,0.19682086555834813,0.32672845795726924,0.08333333333333333,0.07741390635263208,0.0003852970507963946,0.09911425671259927,0.007364852280206128,0.5185232909964128,0.5490196078431373,0.0,0.8506093358679224,0.21306205058210287,0.17518334362991814,0.009951086201705673,0.00842724043764252,0.0511851326876132,0.16339764105000212,0.011720897060131076,0.0028168990687995315,0.09287644258040638,0.5339402705102355,0.5803282228460376,0.0,0.0011610461182423489,0.8134774668732312,0.5280051635272087,0.14285714285714288,0.7028301886792452,0.07044053156630417,0.20981595092024535,0.0,0.4212962962962963,0.4366347177848776,0.0,0.006269740287296418,0.007204920245276769,0.05829994979335117,0.0158496129745669,0.6469998498956426,0.10453449482772033,0.1274965928803661,0.4973913870665797,0.6747565740536071,0.04312944258867757,0.8707011888636439,0.023680232466705226,0.2352941176470588,0.8326872299272006,0.23872387238723874,0.0,0.29329768867851397,0.19547144480016526,0.2372110257776251,0.6526027290424821,0.05405197275199542,0.01618705035971223,0.0066244449297517645,0.0,0.0009756534916463,0.06455535222047007,0.14285714285714288,0.25,0.13454711820346366,0.4490685688530476,0.8346310938305775,0.0,0.17779474750157712,0.004545295265981194,0.2678888386575326,0.3526966239097332,0.2410557404015103,0.004815447737203032,0.3597108526032681,0.33333333333333337,0.2410258671270937,0.0978181941446721,0.9285714285714286,0.2698915214241808,0.3975539191036283,0.7026964952488425,0.14462986735130512,0.01577287066246057,0.0010520778537611783,0.5444343039869589,0.4517724220176633,0.23411371237458195,0.01891536873709889,0.42536269735497056,0.6838337242015791,0.7762570216753029,0.484806267111277,0.27480039541945583,0.4219554030874786,0.19361590790162211,0.15384615384615385,0.35077914537908284,0.4186046511627906,0.4700843378533985,0.5179182623497531,0.42118037342043296,0.2658962328062147,0.11754054926044386,0.13235294117647062,0.1535894813152328,0.03450222696192209,0.5344205774107693,0.14285714285714288,0.8158844765342961,0.11495246326706997,0.0546356212484947,0.20449589776776228,0.4615809839690437,0.6021505376344086,0.16024978660317174,0.19553728714034066,0.0041302786911153536,0.0,0.04690514271159009,0.4877802599718414,0.3610081566800323,0.43923100727216463,0.17045429228283435,0.5167391226544457,0.6579942135119593,0.054628355379157036,0.2272727272727273,0.4616785026480499,0.03449670496915125,0.0008711974756359215,0.1797420646044494,0.11949857425834713,0.0,0.09118541033434653,0.19412400443772554,0.5805292404914295,0.2346977805329457,0.0,0.0,0.14263383558934786,0.4127151061108879
Lachnospiraceae,0.02580677738581776,0.028223386562984083,0.01301276490271409,0.004164458241841447,0.0,0.002474116344188595,0.0,5.7437621081428555e-05,0.0052676161080408325,0.0,0.4039770250990937,0.011747972883432569,0.005028036887303001,0.0045525748271607975,0.09756076786734467,0.003020433137700359,0.00045143300524401594,0.0020663078431309204,0.10584895457822636,0.17028838685081818,0.020735170038411303,0.0016687248389661345,0.051871310756427015,0.0012348828075971609,0.0044215675374399245,0.013203295796358941,0.057251895092588226,0.15208833652623044,0.07848380939956126,0.0,0.0,2.9638234676645727e-05,0.00734179679352587,0.00018370379837248844,0.022715899982272813,0.0,0.0,0.033536568797660024,0.00830746527499025,0.0020136016509186,0.007158488888183527,0.00023409001215673667,0.13103393968028978,0.016758732415384833,0.0013023218955701195,0.0,0.005588657284564625,0.005820380271365049,0.004318721658389117,0.0,0.006652480461280486,0.004725595243246987,0.004708713109040343,0.0,0.018867924528301886,0.0,0.0,0.0,0.010802469135802469,0.013312034078807242,0.0,0.00018999212991807325,0.01923515404931688,0.0027471180530898452,0.0,0.008598856726210705,0.0,0.004727401758485485,0.00380215225143644,0.003193703336468677,0.004148437263919235,0.02735267133678851,0.002754296909455866,0.0,0.0,0.0,0.0,0.004574095939062289,0.01750490550449241,0.0,0.004470024026434111,0.006266895391535701,0.0,0.0066244449297517645,0.0,0.27428540067866075,0.004735535007077871,0.0,0.0,0.0825932804813341,0.02226399475325164,0.0005534653477131169,0.0,0.0418340582356652,0.002272647632990597,0.06941313528369511,0.016795077329034912,0.00777599162585517,0.4429528460416057,0.0065631453808315575,0.16666666666666669,0.023938574671781503,0.0,0.0,0.12195736157360695,0.0044249891656109284,0.007761896339711937,0.007416916274425905,0.0,0.0,0.07833172950400315,0.03505112712440489,0.0,0.0,0.0296749592030131,0.0247610574073453,0.0016370114289024306,0.001255736632663892,0.03890979050186985,0.010291595197255577,0.01161695447409733,0.0,0.004443503034910357,0.02325581395348837,0.01946512138580742,0.006036957381652358,0.009100429802994484,0.011236871855907918,0.00405948521778613,0.0,0.013227802218536795,0.0025092528699579703,0.0018604719840235656,0.0,0.0,0.012100259291270524,0.0027973512665811105,0.019165730527387324,0.032061912658927584,0.04301075268817205,0.011051709420908395,0.005284791544333529,0.003076697426157877,0.0,0.0005991532828122822,0.004728643862714281,0.0036320759563459423,0.007246376811594203,0.0,0.04347136445225376,0.0070198923716492155,0.04902923331442961,0.045454545454545456,0.019439094848338945,0.0,0.01823111027705953,0.0029810879007567213,0.005202740915929735,0.0,0.0,0.030482769697881083,0.027959100520602256,0.008627484552553093,0.0,0.05882352941176471,0.003521823100971552,0.0580380617968436
Peptostreptococcaceae,0.02611832801824212,0.0011576216523524314,0.0,0.0,0.0,0.00164941089612573,0.0,0.0,0.0,0.00336759729950769,2.1250276669746685e-05,0.0,0.16869826188499845,0.01807061803553712,0.0055476143127194105,0.004822540303891329,0.0,0.0010799278508198337,0.027374729632299925,0.013882205449794963,0.032897144772479466,0.008495326452918504,0.038572711590203014,0.003704648422791483,0.00025266100213942416,0.0008491746259069028,0.0001587432357937642,0.0010273241541253067,0.004484663365420452,0.0,0.0,1.778294080598744e-05,0.0,0.0010276538065403897,4.006331566538415e-05,0.0,0.0,0.0,0.0,0.0,0.0,0.000351135018235105,0.0,0.008379366207692416,0.0013023218955701195,0.0,0.0,0.0070109125995988075,0.018894407255452387,0.13333333333333333,0.0,0.0,0.010920860244522232,0.0,0.014150943396226412,0.0020125866161801193,0.0,0.0,0.0015432098765432098,0.0,0.0,0.0,0.0002974508358141785,0.0,0.0,0.018880297257053924,0.026133623706930082,0.000716272993709922,0.009474670937329498,0.008639997824017507,0.009012122331962476,0.03229170287532825,0.0,0.0,0.0001507495302536959,0.0,0.0,0.0,0.0,0.0,0.02135678145962964,0.0015667238478839253,0.0,0.0,0.0,0.0015718861809857056,0.0016093118967142686,0.0,0.0,0.010657197481462464,0.0016430185710222547,0.0146411927092625,0.0,0.024403200637471367,0.0,0.019869673376876944,0.0,0.0051839944172367815,0.0029638419627248088,0.008835003397273252,0.0,0.007783930445878583,0.0076420464175525095,0.0,0.0007716480167571995,0.00026029348033005463,0.004668084953722106,0.0,0.0015772870662460567,0.0,0.008059719843884016,0.007500652717979649,0.0,0.0,0.019505237014681442,0.014564462881582113,0.017328785361971622,0.008000342329348846,0.013375240485017759,0.03430531732418525,0.015489272632129772,0.05128205128205128,3.2199297354422885e-05,0.0,0.013316056555704413,0.0005410480672235604,0.003412661176122931,0.0005690878561567818,0.0004151746245463088,0.0,0.0014697558020596439,0.0,0.005581415952070698,0.0,0.0,0.0,0.000277851036206231,0.0,0.0,0.021505376344086027,0.0,0.0,0.0014667182851972145,0.0,0.00034237330446416133,0.00263246254944527,0.001253185581404458,0.017922533395224097,0.0,0.02474268837287864,5.954372993809602e-05,0.005002449175046826,0.0,0.02429886856042368,0.0,0.001515690589049857,0.0,0.0004702240347850801,0.0,0.0,0.0,0.05533549211031612,0.005850822857478535,0.0,0.0,0.0,0.0
Eubacteriaceae,0.0,2.5967116907808603e-05,0.0,0.0,0.0,0.0,0.0,0.0,0.0,0.0,0.0,0.0,0.0,0.00014485465359147993,3.958230542860728e-06,0.0,0.0,0.0,0.0,0.0,0.0,0.00030340451617566076,0.0,0.0,0.0,0.0,0.0,0.0,0.0,0.0,0.0,0.0,0.0,0.00034354996059270565,0.0,0.0,0.0,0.0,0.0,0.0,0.0,0.0,0.0,0.0,0.0,0.0,0.0,0.0,0.0,0.0,0.0,0.013501700694991391,0.003500646286600344,0.0,0.0,0.0,0.0,0.0,0.0,0.0,0.0,0.0,0.0,0.0,0.0,0.0,0.0,0.0,0.0001021588382709185,0.0,0.0,2.300285496151379e-05,0.0,0.0,0.0,0.0,0.0,0.0,0.0,0.0,0.0032283506857579683,0.0,0.0,0.0,0.0,0.0,0.0,0.0,0.0,0.0,2.2371306615274694e-05,0.0,0.0,0.0,0.0,0.0,0.0,0.0,0.0,0.0,0.0,0.00018063953084793334,0.006113637134042007,0.0,0.0,0.0,0.0,0.0,0.0,0.0,7.061113468342832e-05,0.0,0.0,0.0,5.0280014792610936e-05,0.0,0.0003441309562293818,0.00019747096851542632,0.0,0.0,0.0,0.0,0.0,0.0,0.0,0.0,0.0,0.0,0.0,0.0,0.0,0.0,0.0,0.0,0.0,0.0,0.0,0.0,0.0,0.0,0.0,0.0,0.0,0.0,0.0,5.631198168618096e-05,0.0,0.0,0.0,0.003169517932062966,0.0,0.0,0.0,0.0,0.0,0.0,0.0,3.617107959885232e-05,0.0,0.0,0.0,0.0,0.0,0.0,0.0,0.0,0.0
Aerococcaceae,0.0,0.0,0.0,0.0,0.0,0.0,0.0,0.0,0.0,0.0,0.0,0.0,0.0,0.0,0.0,0.0,0.0,0.0,0.0,0.0009254803633196641,0.0,0.0,0.0,0.0,0.0,0.0,0.0,0.0,4.404130689947133e-05,0.0,0.0,0.0,0.000917724599190734,0.0,0.0,0.0,0.0,0.0,0.0,0.0,0.0,0.0,0.0,0.0,0.0,0.0,0.0,0.00039684410941125326,0.0,0.0,0.0,0.0,0.0,0.0,0.0,0.0,0.0,0.0,0.0,0.0,0.0,0.0,0.00013220037147296823,0.0,0.0,0.0,0.0,0.004584147159743501,0.0012148070265884105,0.0,0.0,0.0,0.0,0.0,0.0,0.0,0.0,0.0392130176254335,0.0,0.0,0.0,0.0,0.0,0.0,0.0,0.0,0.0,0.0,0.0,0.0,2.2651700823258117e-06,0.0,0.0,0.0,0.0,0.0,0.0,0.0,0.0,0.0,0.0,0.001445411387893493,0.0,0.0,0.0,0.0,0.0,0.0,0.0,0.0,0.0,0.0,0.0,0.0,0.0,0.0,5.1242926101822445e-06,2.2728600040819374e-06,0.0,0.0,0.0,0.0,0.0,0.0,0.0,0.0,0.0,6.628684778502077e-05,0.0,0.0,0.0,0.0,0.0,0.0,0.0,0.0,0.00029811335776986313,0.0,0.0,0.0,0.0,0.0,0.0,0.0,0.0010760303854587929,0.0,0.0,0.0035587188612099642,0.0,0.0,0.0,0.0,0.0,0.0,0.0,6.237690756343112e-06,0.0,0.0,0.0,0.0,0.0,0.0,0.0,0.0,0.0,0.0,0.0
Carnobacteriaceae,0.0002596255270202994,6.92456450874896e-05,0.0,0.0,0.0,0.00164941089612573,0.0,5.7437621081428555e-05,0.0,0.0,9.562624501386008e-05,0.0021545556484234337,0.0,0.0,0.0002479102287370667,0.00450103761696524,0.0,0.0020995542016184576,0.0,0.0,0.010367585019205651,0.0015170225808783045,0.001147315422877844,0.0,0.0015159660128365453,0.0004382836778874337,0.00013610329213619408,0.0,0.0011463693119421214,0.0,0.006193112508210567,2.371058774131659e-05,0.00734179679352587,0.0,0.0011484817157410125,0.0,0.0,0.0,0.001954697711762412,0.08658487098949977,0.0,0.0,0.008189621230018113,0.07541429586923175,0.0,0.0,0.0023772244816872767,0.0009259695886262577,0.0,0.0,0.0,0.0,0.0012164175531687547,0.0,0.0,0.008443046292267817,0.0,0.0,0.00308641975308642,0.0,0.0,0.0,0.0007271020431013253,0.00030523533923220515,0.0,0.0,0.026133623706930082,0.004440892561001515,0.005405224132914298,0.00018725368738637118,0.0,4.0399972159297335e-05,0.0,0.0,0.001399817066641462,0.0,0.0,0.0,0.0,0.005930275644440627,0.0026489031267757693,0.0015667238478839253,0.0,0.0,0.0,0.0,0.0020482151412727053,0.0,0.0,0.003996449055548424,6.745406438410281e-05,0.0,0.0,0.0,0.0,0.0002614430707483808,0.0,0.0051839944172367815,0.0027546862997521204,0.0,0.0,0.00018063953084793334,0.0,0.0,0.0,0.004945576126271038,0.0,0.007416916274425905,0.0,0.0,0.00023537044894476102,0.0,0.0,0.0,1.3846931998033437e-06,0.0,6.883672067782515e-05,6.949594575696684e-05,0.0,0.0,0.01161695447409733,0.0,0.007180443310036301,0.0,0.0005810483995763409,0.005410480672235604,0.01902654067389347,0.0014107302240971005,0.020190749275679168,0.0,0.004409267406178932,0.0018819396524684773,0.0,0.0,0.0,0.0,0.0006476699671604133,0.0010359854339128283,0.0,0.0,0.0,0.005284791544333529,0.0,0.0,0.0006847466089283227,0.0019567187692110985,0.008421840888203956,0.0,0.0,0.0,0.0014885932484524009,0.0,0.0,0.0,0.0,4.054498991623024e-05,0.0,0.0010127902287678649,0.0,0.030395136778115506,0.001486964375506394,0.0026226131231773288,0.009441100520022179,0.0,0.0,0.002465276170680086,0.0
Desulfovibrionaceae,,,,,,,,,,,,,,,,,,,,,,,,,,,,,,,,,,,,,,,,,,,,,,,,,,,,,,,,,,,,,,,,,,,,,,,,,,,,,,,,,,,,,,,,,,,,,,,,,,,,,,,,,,,,,,,,,,,,,,,,,,,,,,,,,,,,,,,,,,,,,,,,,,,,,,,,,,,,,,,,,,,,,,,
Fusobacteriaceae,0.011994699348337832,0.002080828430916289,0.006506382451357045,0.012493374725524344,0.0,0.004123527240314325,0.0,0.0,0.005926068121545937,0.001683798649753845,0.10338221348069236,0.050714925262890065,0.38921430194428,0.029803844976447,0.03083743187715716,0.009002075233930481,0.011285825131100395,0.04570941545500718,0.051707822638788745,0.1429867161328881,0.1451461902688791,0.012287882905114265,0.339591070590831,0.004322089826590063,0.0015159660128365453,0.0013422437635302658,0.0009881247358426582,0.08335504597243182,0.047219245027886735,0.5,0.006193112508210567,0.0,0.010094970591098072,0.0003650218331297498,0.05715699701594805,0.0,0.0,0.02400913448014297,0.029320465676436175,0.030204024763778994,0.0,0.0,0.27230490589810225,0.046086514142308285,0.002604643791140239,0.011267596275198126,0.042913287282618486,0.057452785904442076,0.06694018570503131,0.0,0.0010159153534620552,0.027003401389982782,0.1480760522063682,0.10714285714285716,0.033018867924528295,0.018113279545621072,0.20613496932515332,0.0,0.023148148148148147,0.02129925452609159,0.0,0.0008549645846313296,0.00819642303132403,0.006867795132724615,0.0,0.012196903688145877,0.0,0.015184987466650347,0.0886611017643734,0.05039326336393638,0.009091875626935595,0.01811758875400054,0.0017590467657029056,0.0,0.0,0.011551155115511552,0.0,0.0,0.0,0.0,0.08178488403920188,0.0031334476957678506,0.14568345323741008,0.0,0.0,0.00010840594351625555,0.0,0.0,0.0,0.04129664024066705,0.17476475132437053,0.01470838641570509,0.0,0.05577874431422026,0.0,0.13673472600140318,0.09237292530969204,0.04665594975513103,0.15354440274633693,0.04038858695896344,0.0,0.06841613902695866,0.0,0.0,0.002052849040038432,0.0961784409819552,0.05268612777100982,0.007416916274425905,0.0015772870662460567,0.0,0.01588750530377137,0.08250717989777613,0.0033444816053511705,0.0015762807280915744,0.14728930408310362,0.11534311935933605,0.03283729562754745,0.018283206127288544,0.2815718729690808,0.17152658662092626,0.015489272632129772,0.0,0.002253950814809601,0.02325581395348837,0.13706332383759898,0.0,0.027539870796783304,0.057973644597569325,0.00221426466424698,0.0,0.019106825426775373,0.008782385044852896,0.0162791298602062,0.2857142857142857,0.0,0.0,0.007302613185977848,0.018388741451952705,0.0,0.0,0.0,0.0,0.13467551697324934,0.08478543563068923,0.007532212698211547,0.03029911013854515,0.0017300853336194148,0.09330032492650472,0.011363619485522293,0.13015472024245664,0.10733128145282704,0.0029930827700059308,0.20454545454545456,0.0,0.09275653245933366,9.35653613451467e-05,0.0031564460125659407,0.035218533352488,0.0403938867729405,0.0,0.0256501354774853,0.0578542185778202,0.4229878979463457,0.0,0.0,0.04226187721165862,0.03869204119789574
Hydrogenophilaceae,,,,,,,,,,,,,,,,,,,,,,,,,,,,,,,,,,,,,,,,,,,,,,,,,,,,,,,,,,,,,,,,,,,,,,,,,,,,,,,,,,,,,,,,,,,,,,,,,,,,,,,,,,,,,,,,,,,,,,,,,,,,,,,,,,,,,,,,,,,,,,,,,,,,,,,,,,,,,,,,,,,,,,,
Oscillospiraceae,,,,,,,,,,,,,,,,,,,,,,,,,,,,,,,,,,,,,,,,,,,,,,,,,,,,,,,,,,,,,,,,,,,,,,,,,,,,,,,,,,,,,,,,,,,,,,,,,,,,,,,,,,,,,,,,,,,,,,,,,,,,,,,,,,,,,,,,,,,,,,,,,,,,,,,,,,,,,,,,,,,,,,,
Anaerolineaceae,,,,,,,,,,,,,,,,,,,,,,,,,,,,,,,,,,,,,,,,,,,,,,,,,,,,,,,,,,,,,,,,,,,,,,,,,,,,,,,,,,,,,,,,,,,,,,,,,,,,,,,,,,,,,,,,,,,,,,,,,,,,,,,,,,,,,,,,,,,,,,,,,,,,,,,,,,,,,,,,,,,,,,,
Catabacteriaceae,,,,,,,,,,,,,,,,,,,,,,,,,,,,,,,,,,,,,,,,,,,,,,,,,,,,,,,,,,,,,,,,,,,,,,,,,,,,,,,,,,,,,,,,,,,,,,,,,,,,,,,,,,,,,,,,,,,,,,,,,,,,,,,,,,,,,,,,,,,,,,,,,,,,,,,,,,,,,,,,,,,,,,,
Ruminococcaceae,,,,,,,,,,,,,,,,,,,,,,,,,,,,,,,,,,,,,,,,,,,,,,,,,,,,,,,,,,,,,,,,,,,,,,,,,,,,,,,,,,,,,,,,,,,,,,,,,,,,,,,,,,,,,,,,,,,,,,,,,,,,,,,,,,,,,,,,,,,,,,,,,,,,,,,,,,,,,,,,,,,,,,,
Clostridiales Family XIII. Incertae Sedis,0.0005192510540405988,0.0014443471451351677,0.0,0.0,0.0,0.0,0.0,0.0,0.0,0.0,8.500110667898674e-05,0.0003314700997574513,0.0012501274665572654,0.001195050892129709,0.0015006093528955634,0.0006430053738521773,0.0,0.0011013659017280882,0.004866618601297765,0.006478362543237649,0.0,0.0009102135485269824,0.0004858002241014294,0.0,0.0,0.0,0.0,0.0007654913090614001,0.003787552393354535,0.0,0.006193112508210567,1.1855293870658294e-05,0.0,0.00034354996059270565,0.00038332184741571263,0.0,0.0,0.0,0.0014660232838218088,0.0,0.0,0.0,0.0,0.0,0.0,0.0,0.0,0.002725797923228811,0.0005398402072986396,0.0,0.0002902615295605872,0.0033754251737478477,0.0,0.0,0.0,0.0,0.0,0.0,0.0,0.0,0.0,0.0,0.0003966011144189047,0.00030523533923220515,0.0,0.00045173717363503253,0.0,0.0018623097836457973,0.00048391028654645594,0.00010318060325371472,0.0,0.004879954052057198,0.0,0.0,0.0,0.0,0.0,0.0,0.0,0.0,0.002069455567793569,0.0,0.0,0.0,0.0,0.00021681188703251116,0.00040232797417856715,0.0,0.0,0.0,0.0005118951079672042,0.0,0.0,0.006972343039277532,0.0,0.004313810667348285,0.0,0.0,0.0012047025863403612,0.0005048573369870429,0.0,0.0005721235613884643,0.0,0.0,0.0003239209530632634,0.0014873913161717405,4.51273043006508e-05,0.0,0.0,0.0,0.00023537044894476102,0.0,0.0,0.0,0.005311243755031722,0.0016690125662156394,0.0046932436618726285,0.0009942483534823544,0.007295585719100595,0.0,0.0,0.0,0.0,0.0,0.003195766197669875,0.00027052403361178015,0.004550214901497242,0.0008285855973127596,0.0006919577075771813,0.0,0.0,0.0,0.0009302359920117828,0.0,0.0,0.012100259291270524,0.0003356440431870021,0.0005179927169564142,0.0,0.0,0.0,0.01585437463300059,0.0006318171074695693,0.0,0.0,0.004032370103334643,2.7301028113279847e-05,0.0,0.0,0.0006816167595834338,0.0007740684891952484,0.0008250982363200916,0.0,0.0,0.0,0.00011435766386629041,0.0,0.0014830142635529448,0.0,0.0,0.0,0.0030579876337443164,0.00026594649352175155,0.0,0.0,0.0,0.0
Synergistaceae,,,,,,,,,,,,,,,,,,,,,,,,,,,,,,,,,,,,,,,,,,,,,,,,,,,,,,,,,,,,,,,,,,,,,,,,,,,,,,,,,,,,,,,,,,,,,,,,,,,,,,,,,,,,,,,,,,,,,,,,,,,,,,,,,,,,,,,,,,,,,,,,,,,,,,,,,,,,,,,,,,,,,,,
Acidaminococcaceae,,,,,,,,,,,,,,,,,,,,,,,,,,,,,,,,,,,,,,,,,,,,,,,,,,,,,,,,,,,,,,,,,,,,,,,,,,,,,,,,,,,,,,,,,,,,,,,,,,,,,,,,,,,,,,,,,,,,,,,,,,,,,,,,,,,,,,,,,,,,,,,,,,,,,,,,,,,,,,,,,,,,,,,
Christensenellaceae,,,,,,,,,,,,,,,,,,,,,,,,,,,,,,,,,,,,,,,,,,,,,,,,,,,,,,,,,,,,,,,,,,,,,,,,,,,,,,,,,,,,,,,,,,,,,,,,,,,,,,,,,,,,,,,,,,,,,,,,,,,,,,,,,,,,,,,,,,,,,,,,,,,,,,,,,,,,,,,,,,,,,,,
Sutterellaceae,,,,,,,,,,,,,,,,,,,,,,,,,,,,,,,,,,,,,,,,,,,,,,,,,,,,,,,,,,,,,,,,,,,,,,,,,,,,,,,,,,,,,,,,,,,,,,,,,,,,,,,,,,,,,,,,,,,,,,,,,,,,,,,,,,,,,,,,,,,,,,,,,,,,,,,,,,,,,,,,,,,,,,,
Leptotrichiaceae,0.0,0.026551724147921285,0.0,0.004164458241841447,0.0,0.0,0.0009621718127297141,0.0,0.004609164094535729,0.001683798649753845,0.0001062513833487334,0.0,0.0011500814746022885,0.0007242732679573996,0.08821644013161119,0.00032150268692608864,0.0,0.0005654146290217253,0.07299927901946647,0.2420518560465567,0.005183792509602826,0.0004551067742634913,0.06326250516920685,0.0,0.0029056015246033784,0.02297470976632408,0.001325008206267055,0.1097244816827895,0.025042688742809818,0.0,0.0,0.0,0.0,0.0,0.0007485704206306915,0.0,0.0,0.0,0.003665058209554522,0.0020136016509186,0.00043265592181329014,0.0,0.013308134498779432,0.0,0.0,0.0,0.0,0.008324907539649401,0.0053984020729863965,0.26666666666666666,0.0008707845886817616,0.0,0.011704907545971506,0.0,0.018867924528301886,0.006037759848540357,0.07361963190184047,0.2857142857142857,0.035493827160493825,0.013312034078807242,0.0,0.00012666141994538218,0.0022209662407458664,0.00030523533923220515,0.0,0.0016563696366617858,0.07840087112079024,0.005579582961258316,0.0016970565223213775,0.0006503808990169268,0.002574892094846422,0.004810485712022853,0.0,0.0,0.0,0.0,0.0,0.06699079540321128,0.0,0.0,0.0064567013715159365,0.0,0.0,0.0,0.0,0.0,0.0,0.14285714285714288,0.0,0.02797514338883897,6.907554165657076e-05,0.0008301980215696754,0.5,0.03486171519638767,0.02045382869691537,0.33069151902061145,0.016795077329034912,0.0,0.01976976415728425,0.194744407984997,0.0,0.0,0.2399602575111488,0.0,0.13797776587892396,0.017760626571392827,0.003271729561797184,0.0,0.0,0.0,0.008649863998719969,0.0,0.0,0.0007881403640457872,0.00032244945495234765,9.980302665278928e-05,0.00016263740362829217,4.79430662404096e-05,0.04377351431460359,0.0,0.003872318158032443,0.0,0.0015301106102821752,0.0,0.0,0.0,0.0,0.004933474986012064,0.0004151746245463088,0.0,0.0,0.0,0.0,0.0,0.0,0.012100259291270524,0.004099929877005661,0.06876697118072254,0.048092868988391366,0.0,0.0,0.0,0.016090877400803567,0.0,0.001078475909062108,0.009056339722061156,0.026777313758333237,0.007246376811594203,0.0,0.02044850278750301,0.000816599724865317,0.002847429580642556,0.0,0.03401841598459315,0.0,0.0962571294615044,0.007324958841859373,0.001433924941240217,0.026929257848627004,0.0,0.10371576519157097,0.001989003503662247,0.0007598471243478616,0.0,0.0,0.003521823100971552,0.0
Chromobacteriaceae,,,,,,,,,,,,,,,,,,,,,,,,,,,,,,,,,,,,,,,,,,,,,,,,,,,,,,,,,,,,,,,,,,,,,,,,,,,,,,,,,,,,,,,,,,,,,,,,,,,,,,,,,,,,,,,,,,,,,,,,,,,,,,,,,,,,,,,,,,,,,,,,,,,,,,,,,,,,,,,,,,,,,,,
Peptoniphilaceae,0.0,8.078658593540453e-05,0.0032531912256785226,0.0,0.0,0.00164941089612573,0.0,0.0,0.0,0.00336759729950769,0.0015087696435520145,0.008321644083384436,0.005761205641623272,0.012022936248092834,0.006944982416088825,0.006912307768910905,0.0011285825131100394,0.003265234256071309,0.015208183129055513,0.04242005351015919,0.005183792509602826,0.0,0.00026230162082630377,0.003704648422791483,0.0,0.00021914183894371686,9.025493628981457e-05,0.0016075317490289404,0.00127138112370172,0.0,0.0,0.0,0.0,0.0,0.04658459641395787,0.0,0.0,0.012576213299122507,0.006841441991168441,0.0020136016509186,0.0,0.0,0.004094810615009057,0.012569049311538624,0.0,0.0,0.0,0.0022487832866637685,0.0010796804145972792,0.0,0.0,0.0067508503474956955,0.008169520357083982,0.0,0.03773584905660377,0.0,0.0,0.0,0.0,0.0,0.0,0.0,0.0,0.0006104706784644103,0.0,0.01852122411903633,0.125768064089601,0.0,0.005713182811771068,0.0024302768014018263,0.0,0.00047664494064134696,0.0,0.0,0.0007349039599867672,0.0,0.0,0.027777777777777776,0.0,0.0,0.0010595612507103076,0.0,0.0,0.0,0.0,0.00023229845039197621,0.0,0.0,0.0,0.0,0.012952765363250206,0.0051011354882419,0.0,0.006972343039277532,0.0,0.006405355233335331,0.0,0.0,0.0007647075792343485,0.0010097146739740858,0.0,0.010577584162348228,0.0,0.0,0.010501287026361623,0.00026029348033005463,0.006822022730388507,0.0,0.0,0.0,0.0026075683308094603,0.0,0.0,0.0,0.0002175128837463201,0.0006978531493642161,0.0065373771779741454,0.003033093891573205,0.0,0.0,0.0,0.0,0.00028979367618980586,0.0,0.0,0.0,0.0,0.000906171745065991,0.0,0.0,0.0,0.0,0.002325589980029457,0.0,0.0,0.0,5.40883407482297e-05,0.0,0.0,0.021505376344086027,0.0,0.0,0.00041068111985522,0.029674902470741223,0.0,0.00045431301689828916,0.0003321815062129362,0.0,0.0,0.0004089700557500601,0.00028580990370286096,0.0,0.0,0.01214943428021184,0.0,1.7077411137366034e-05,0.0,0.0010127902287678649,0.0,0.0,0.0007434821877531972,0.01704667328100747,0.00026594649352175155,0.0,0.0,0.005282734651457327,0.0
Atopobiaceae,0.001713528478333976,7.811754311665091e-05,0.0,0.0,0.0,0.0,0.0,5.7437621081428555e-05,0.0,0.00336759729950769,0.0006587585767621472,0.002906737797873035,0.0,0.0003476511686195518,0.0001637143019961761,0.00129837623566305,0.0056429125655501995,0.0018045965723028786,0.0,0.0,0.0,0.001061915806614813,0.00023712401426728095,0.006174414037985805,0.0,0.00016435637920778764,0.0,0.0007654913090614001,0.0019248410470795727,0.0,0.0,1.1855293870658294e-05,0.0,0.00018036372931117052,0.0070649815825742064,0.0,0.0,0.0,0.0009773488558812056,0.0,0.0,0.0,0.0,0.0,0.0,0.0,0.0,0.0,0.0,0.0,0.0,0.009001133796660926,0.0008109450354458366,0.0,0.0,0.004025173232360239,0.0,0.0,0.0,0.0,0.0,0.0,0.0006169350668738517,0.0,0.0,0.0,0.0,0.0006685214607959273,0.0007636373160751157,0.00020878459917644164,0.0,7.745859323775053e-05,0.0,0.0,0.001854092828884169,0.0,0.0,0.009148191878124578,0.0,0.0,0.0,0.0015667238478839253,0.0,0.0,0.0,0.00010840594351625555,0.0,0.0,0.0,0.0,0.000831379702740104,0.0005534653477131169,0.0,0.006972343039277532,0.0,0.001568658424490285,0.0,0.0051839944172367815,0.0,0.0019833681095919545,0.0,0.003155563993623937,0.006113637134042007,0.0,0.002842406363130137,0.0009110271811551912,0.00020307286935292864,0.0,0.0,0.0,0.0,0.0,0.0,0.0,2.605954256425629e-05,0.0,0.004299896315626315,0.0008680720093800863,0.0,0.0,0.0,0.0,0.00024149473015817158,0.0,0.0,0.002705240336117802,0.0,0.0006565914493873354,0.0008764797629310963,0.0,0.0066139011092683974,0.0,0.0,0.0,0.0,0.0,0.0008684829714920302,0.0005179927169564142,0.0,0.0,0.0,0.0,0.0002737874132368133,0.0,0.0,0.0008223520400615432,0.000523288703005895,0.005338078291814947,0.005681809742761146,0.0014943136652406045,0.0001786311898142881,0.0,0.0,0.0,0.0,4.647691151785065e-06,0.00035071622361843783,0.0,0.0,0.0,0.0,0.0021980408305708353,0.0,0.0,0.0,0.0,0.0
Eggerthellaceae,0.0005919462016062828,0.0,0.0,0.0,0.0,0.0,0.0,0.0,0.0,0.0,0.0,0.0,0.0007677948219800526,0.0005069912875701797,0.0005960782705663294,0.0030542755257978423,0.0,0.0011760302212528195,0.0,0.0018509607266393282,0.0,0.0015170225808783045,0.002025890296252769,0.0,0.0,0.0,0.0,0.0,8.808261379894266e-05,0.0,0.0,0.0,0.0,0.00012883123522226464,0.0,0.0,0.0,0.0,0.0,0.0,0.0,0.0,0.0,0.0,0.0,0.0,0.0,0.0,0.0,0.0,0.0,0.0,0.0,0.0,0.0,0.0,0.0,0.0,0.0,0.0,0.0,0.0,0.0,0.0,0.0,0.0006023162315133767,0.0,0.0,0.0005618736104900519,9.553759560529141e-05,0.0,0.00011172815267020983,0.0,0.0,0.0,0.0,0.0,0.0,0.0,0.0,0.0017383426769465985,0.0,0.0,0.0,0.0,0.0,0.0,0.0,0.0,0.0,0.001534087369402408,0.0,0.0,0.0,0.0,0.0,0.0,0.0,0.0,0.0,0.0,0.00040643894440785,0.0,0.0,0.0012632917169467276,0.0,0.0006317822602091112,0.0,0.0,0.0,0.00017652783670857075,0.0,0.0,0.0,0.0013130823628195911,0.0005988181599167358,7.344819407927883e-05,6.324558074574152e-05,0.0,0.0,0.0,0.0,0.0,0.0,0.0008715725993645112,0.012444105546141887,0.0,0.002327824031125241,0.0,0.0,0.0,0.0,0.0,0.0,0.0,0.0,0.0,0.0,0.0,0.0,0.0,0.0,0.0002346749256315543,0.0,0.0,0.0,0.0,0.008896797153024912,0.0,0.0,0.0007145247592571524,0.000957786486401898,0.0,0.0,0.0,0.0,0.0,0.0,0.0,0.0,0.0,0.0021210775458366444,0.0,0.0,0.0,0.0,0.0
Fervidobacteriaceae,0.0,0.0,0.5823212293964556,0.7704247747406678,0.009845180249252388,0.4280221275446269,0.5999141252369766,0.032021473752896414,0.4754023537506851,0.5825943328148303,0.008627612327917153,0.1713700415746023,0.005571434221034742,0.012964491496437455,0.0003171792632371295,0.03407928481416539,0.27535890797834783,0.013569951096521406,0.0,0.0,0.005183792509602826,0.0,0.002852784294723288,0.5643414430719026,0.00012633050106971208,0.0,0.0,0.0010273241541253067,0.0,0.0,0.0,0.0,0.0,2.1471872537044107e-05,0.0,0.0,0.0,0.0,0.0,0.0,0.0,0.0,0.0,0.0,0.0,0.0,0.0,0.0,0.0,0.0,0.0,0.0,0.0,0.0,0.0,0.004025173232360239,0.0,0.0,0.0,0.0,0.0,0.0,0.0,0.0,0.0,0.0,0.0,0.0,1.2769854783864813e-05,0.0,0.0,0.0,0.0,0.0,0.0,0.0,0.0,0.0,0.0,0.0,0.0,0.0,0.0,0.0,0.0,0.0,0.0,0.0,0.0,0.0,0.0,0.0,0.0,0.0,0.731792537822972,0.0505892341898117,0.0,0.0,0.0,0.0,0.0,0.0,0.0,0.0,0.0,0.0,0.0,0.0,0.0,0.0,0.0,0.0,0.0,0.0,0.0,0.0,0.0,0.0,0.0,0.0,0.0,0.0,0.0,0.0,0.0,0.0,0.003412661176122931,0.0,0.0,0.0,0.0,0.0,0.0,0.0,0.0,0.0,0.0,0.0,0.0,0.0,0.0,0.0,0.0,0.0,0.0,0.0,0.0,0.0,0.0,0.0,0.0,0.0,0.0,0.004859773712084736,0.0,0.0,0.0,0.0,0.0,0.0,0.0,0.0,0.0,0.0,0.0,0.0,0.0
Akkermansiaceae,,,,,,,,,,,,,,,,,,,,,,,,,,,,,,,,,,,,,,,,,,,,,,,,,,,,,,,,,,,,,,,,,,,,,,,,,,,,,,,,,,,,,,,,,,,,,,,,,,,,,,,,,,,,,,,,,,,,,,,,,,,,,,,,,,,,,,,,,,,,,,,,,,,,,,,,,,,,,,,,,,,,,,,
Tissierellaceae,,,,,,,,,,,,,,,,,,,,,,,,,,,,,,,,,,,,,,,,,,,,,,,,,,,,,,,,,,,,,,,,,,,,,,,,,,,,,,,,,,,,,,,,,,,,,,,,,,,,,,,,,,,,,,,,,,,,,,,,,,,,,,,,,,,,,,,,,,,,,,,,,,,,,,,,,,,,,,,,,,,,,,,
Selenomonadaceae,0.006698338597123725,0.030994512805624982,0.006506382451357045,0.004164458241841447,0.0,0.0,0.0009621718127297141,8.615643162214283e-05,0.002633808054020416,0.0,0.0,0.0003314700997574513,0.007892620001248138,0.009343125156650455,0.05223203237400556,0.006912307768910905,0.0016928737696650597,0.0007717698326971628,0.01216654650324441,0.028227151081249763,0.010367585019205651,0.0018204270970539648,0.05846725386188745,0.015436035094964513,0.00012633050106971208,0.00016435637920778764,0.00041504089183776015,0.0042102021998377025,0.008743494752100928,0.0,0.0,4.1493528547304025e-05,0.0,0.0007085717937224555,0.0,0.0,0.0,0.0,0.0,0.0,0.0,0.0,0.0,0.004189683103846208,0.0,0.0,0.0,0.005952661641168799,0.006478082487583675,0.0,0.0,0.0033754251737478477,0.0186113892142594,0.03571428571428572,0.018867924528301886,0.0,0.029447852760736193,0.14285714285714285,0.00308641975308642,0.0,0.0,0.0,0.00482531355876334,0.0007630883480805127,0.0,0.2765828023106308,0.0,0.0017190551849038131,0.010471989090029077,0.0007528362533696963,0.010299568379385688,0.013236784700795538,0.0002931744609504843,0.0,0.0,0.0,0.0,0.0,0.0,0.0,0.0016555644542348555,0.0,0.0,0.0,0.0,0.0,7.315054075973948e-05,0.14285714285714288,0.0,0.002664299370365616,0.2194908620843564,0.0015932023366967607,0.0,0.0,0.0,0.01921606570000599,0.0,0.0,0.014711228240638153,0.0005048573369870429,0.0,0.0013700465363368454,0.05349432492286756,0.0,0.042909555178735306,0.001691907622145355,0.0670591741907671,0.0,0.0,0.0,0.06196433868187039,0.01000087029063953,0.0,0.0,0.005349161480819064,0.0005980501227114269,0.01898374530467305,0.0036350320835890843,0.02067082620411836,0.0274442538593482,0.015489272632129772,0.0,0.0003541922708986517,0.0,0.004551545796681337,0.002434716302506021,0.14008439833917008,0.03114217467037375,0.003413658024047428,0.0,0.0,0.0,0.0018604719840235656,0.0,0.0,0.0,0.0012229679191978315,0.002330967226303864,0.0,0.0,0.0,0.0,0.006101548066420411,0.0,0.0004279666305802016,0.007010596531162151,0.0002866607951894384,0.0,0.0,0.048104286174102916,0.007155912141217151,0.000957786486401898,0.045454545454545456,0.02429886856042368,0.0,3.9505374790173054e-05,0.001753581118092189,0.000687250512378194,0.0,0.0,0.6051945008311024,0.013207103536638023,0.0005318929870435031,0.0,0.0,0.0,0.0
Odoribacteraceae,0.00010385021080811976,0.0,0.0,0.0,0.0,0.0,0.0,0.0,0.0,0.0,0.0,0.0,0.0,0.0,7.291477315796078e-06,0.0,0.0,0.0012165814616764688,0.0,0.0,0.0,0.0,0.0,0.0,0.0,0.0,0.0,0.0,0.0,0.0,0.0,0.0,0.0,0.0,0.0,0.0,0.0,0.0,0.0,0.0,0.0017306236872531606,0.0001170450060783683,0.0,0.008379366207692416,0.0,0.0,0.0,0.0,0.0,0.0,0.0,0.0,0.0,0.0,0.0,0.0,0.029447852760736193,0.0,0.0,0.0,0.0,0.0,0.0,0.0,0.0,0.0,0.0,0.0,0.0,1.5286015296846623e-05,0.001287446047423211,0.0010417007175428392,0.0,0.0,0.0,0.0,0.0,0.0,0.0,0.0,0.00016555644542348558,0.0,0.0,0.0,0.0,0.0,0.0,0.0,0.0,0.0,2.8850878761086793e-05,0.0,0.0,0.0,0.0,0.0,0.0,0.0,0.0,0.0,0.0,0.0,0.0,0.0,0.0,0.0,0.0,0.0,0.0,0.0,0.0038247697953523673,0.0,0.0,0.0,5.5708535362637843e-05,0.0,5.226856451927956e-05,6.736784877994137e-05,0.0,0.0,0.0,0.0,0.0,0.0,0.0005810483995763409,0.0,0.0,0.0,0.0,0.0,0.0,0.0,0.0,0.0,0.0,0.0,0.0,0.0,0.0,0.0,0.0,0.0,0.0,0.0,0.0,0.0,0.0,0.0,0.0,0.0,0.0,0.009021181985128615,0.0,0.0,0.0,0.0,0.0,0.0,0.0,0.0,0.0,8.358926289011407e-05,0.0,0.0,0.0,0.0,0.0
